file,CERT,YEAR,QUARTER,column,raw_value,panel_value,match
00Q1.csv,32293,2000,1,EQTOT,5509,5509.0,True
00Q1.csv,5753,2000,1,NCRECONR,0,0.0,True
00Q1.csv,913,2000,1,LNLSDEPR,66.7986789554672,66.7986789554672,True
00Q1.csv,23041,2000,1,NTLNLSR,-0.004492918037942693,-0.004492918037942693,True
00Q1.csv,12761,2000,1,NOIJ,137,137.0,True
00Q1.csv,16094,2000,1,DEPFOR,,,True
00Q1.csv,2753,2000,1,LNRESNCR,248.78048780487805,248.78048780487805,True
00Q1.csv,12959,2000,1,LIAB,101980,101980.0,True
00Q1.csv,23216,2000,1,EQ,1239,1239.0,True
00Q1.csv,12356,2000,1,SC,11622,11622.0,True
00Q1.csv,30976,2000,1,NFAA,0,0,True
00Q1.csv,29568,2000,1,DEPNIDOM,0,0.0,True
00Q1.csv,26647,2000,1,SZLNCI,,,True
00Q1.csv,34102,2000,1,NONIIAY,0.29,0.29,True
00Q1.csv,27126,2000,1,IDERNCVR,0,0.0,True
00Q1.csv,5722,2000,1,IDNTCIR,-1.09080992637033,-1.09080992637033,True
00Q1.csv,32526,2000,1,NETINBM,,,True
00Q1.csv,23627,2000,1,PARCERT,0,0,True
00Q1.csv,3355,2000,1,DEPNIDOM,12495,12495.0,True
00Q1.csv,10491,2000,1,NUMEMP,30,30.0,True
00Q1.csv,5438,2000,1,DEPINS,33394,33394.0,True
00Q1.csv,34984,2000,1,IDNCGTPR,0,0.0,True
00Q1.csv,27317,2000,1,IDNTCIR,0.07673206654375327,0.07673206654375327,True
00Q1.csv,34303,2000,1,ERNASTR,92.71,92.71,True
00Q1.csv,10077,2000,1,DEPFOR,,,True
00Q1.csv,22860,2000,1,LIAB,126631,126631.0,True
00Q1.csv,21265,2000,1,P3ASSET,,,True
00Q1.csv,28155,2000,1,DEP,64362,64362.0,True
00Q1.csv,4049,2000,1,ZIP,73114,73114,True
00Q1.csv,17524,2000,1,NPERFV,1.1997529920310523,1.1997529920310523,True
00Q1.csv,23265,2000,1,P9ASSET,21,21.0,True
00Q1.csv,30713,2000,1,SZLNOTH,,,True
00Q1.csv,23838,2000,1,P9ASSET,36,36.0,True
00Q1.csv,15578,2000,1,ENDEFYMD,99991231,99991231.0,True
00Q1.csv,15883,2000,1,OBSDIR,0,0.0,True
00Q1.csv,11739,2000,1,DEPCSBQ,119494.9191,119494.9191,True
00Q1.csv,5247,2000,1,IGLSEC,-6,-6.0,True
00Q1.csv,9923,2000,1,FREPO,8169,8169.0,True
00Q1.csv,4927,2000,1,DEPALLEX,,,True
00Q1.csv,8276,2000,1,ASDROTH,,,True
00Q1.csv,32337,2000,1,UC,52316,52316.0,True
00Q1.csv,17870,2000,1,IDNCCIR,0,0.0,True
00Q1.csv,3190,2000,1,BKCLASS,N,N,True
00Q1.csv,15146,2000,1,LNLSNET,26614,26614.0,True
00Q1.csv,9667,2000,1,RISDATE,20000331,20000331,True
00Q1.csv,24340,2000,1,NAASSET,13,13,True
00Q1.csv,30951,2000,1,EQV,11.623988358140366,11.623988358140366,True
00Q1.csv,313,2000,1,OFFDOM,11,11.0,True
00Q1.csv,16026,2000,1,ESTYMD,19210618,19210618,True
00Q1.csv,15555,2000,1,LSALNLS,,,True
00Q2.csv,15699,2000,2,IDERNCVR,0,0.0,True
00Q2.csv,22381,2000,2,P3LTOT,,,True
00Q2.csv,1125,2000,2,SC,12060,12060.0,True
00Q2.csv,13081,2000,2,NETINC,554,554.0,True
00Q2.csv,12518,2000,2,IGLSEC,0,0.0,True
00Q2.csv,14911,2000,2,IDNCGTPR,0,0.0,True
00Q2.csv,28009,2000,2,MSA_NAME,,,True
00Q2.csv,16922,2000,2,TFRA,0,0,True
00Q2.csv,32647,2000,2,EQCDIVNTINC,131.11888111888112,131.11888111888112,True
00Q2.csv,16217,2000,2,SC,19825,19825.0,True
00Q2.csv,1114,2000,2,NONII,117,117.0,True
00Q2.csv,25667,2000,2,RSSDID,612364,612364,True
00Q2.csv,29930,2000,2,IGLSEC,0,0.0,True
00Q2.csv,19827,2000,2,NAME,PIONEER TRUST BANK NA,PIONEER TRUST BANK NA,True
00Q2.csv,34655,2000,2,SZLNCON,,,True
00Q2.csv,14779,2000,2,NOIJY,3.0795629555073183,3.0795629555073183,True
00Q2.csv,29899,2000,2,OFFOA,0,0.0,True
00Q2.csv,59,2000,2,P9LTOT,,,True
00Q2.csv,1342,2000,2,NCREMULR,0,0.0,True
00Q2.csv,29804,2000,2,EXTRA,0,0.0,True
00Q2.csv,33474,2000,2,NCCOMRER,0,0.0,True
00Q2.csv,17749,2000,2,NCRENRER,0.19679874048806087,0.19679874048806087,True
00Q2.csv,28344,2000,2,SZLNCI,,,True
00Q2.csv,11432,2000,2,IDNCCIR,0,0.0,True
00Q2.csv,27409,2000,2,NTLNLS,511,511.0,True
00Q2.csv,17114,2000,2,NCRENRER,0,0.0,True
00Q2.csv,10661,2000,2,DEPINS,69079,69079.0,True
00Q2.csv,3239,2000,2,ERNASTR,90.85,90.85,True
00Q2.csv,5684,2000,2,NCLNLSR,1.8166972851602368,1.8166972851602368,True
00Q2.csv,34185,2000,2,NONIX,541,541.0,True
00Q2.csv,15513,2000,2,QBPRCOMLDESC,DALLAS,DALLAS,True
00Q2.csv,35460,2000,2,IDNCOTHR,0,0.0,True
00Q2.csv,12340,2000,2,FDICSUPVDESC,CHICAGO,CHICAGO,True
00Q2.csv,1905,2000,2,NAASSET,147,147,True
00Q2.csv,9282,2000,2,EINTEXP,8256,8256.0,True
00Q2.csv,12511,2000,2,LSASCDBT,,,True
00Q2.csv,26662,2000,2,NTCOMRER,0,0.0,True
00Q2.csv,27515,2000,2,REPDTE,20000630,20000630,True
00Q2.csv,27736,2000,2,LNNDEPC,,,True
00Q2.csv,10976,2000,2,ROEINJR,10.488903583088813,10.488903583088813,True
00Q2.csv,13413,2000,2,OBSDIR,0,0.0,True
00Q2.csv,19502,2000,2,OCCDISTDESC,SOUTHERN DISTRICT,SOUTHERN DISTRICT,True
00Q2.csv,21663,2000,2,NTRENRSR,0,0.0,True
00Q2.csv,14790,2000,2,LSALNLS,,,True
00Q2.csv,6214,2000,2,DEPIDOM,2782614,2782614.0,True
00Q2.csv,29090,2000,2,IDNCOTHR,0,0.0,True
00Q2.csv,17792,2000,2,EQTOT,8820,8820.0,True
00Q2.csv,34957,2000,2,SZLNRES,,,True
00Q2.csv,34785,2000,2,ACTIVE,1,1,True
00Q2.csv,33925,2000,2,DEPFOR,,,True
00Q3.csv,27799,2000,3,OBSDIR,,,True
00Q3.csv,30683,2000,3,IDT1CER,0,0.0,True
00Q3.csv,16416,2000,3,NIMY,4.434340783846934,4.434340783846934,True
00Q3.csv,4629,2000,3,EQ,3607,3607.0,True
00Q3.csv,29782,2000,3,CBLRIND,,,True
00Q3.csv,22304,2000,3,ASTEMPM,3.9329,3.9329,True
00Q3.csv,4598,2000,3,EINTEXP,1574,1574.0,True
00Q3.csv,14479,2000,3,BKCLASS,NM,NM,True
00Q3.csv,4917,2000,3,CB,1,1.0,True
00Q3.csv,28963,2000,3,FLDOFF,JAMESBURG,JAMESBURG,True
00Q3.csv,11741,2000,3,NAASSET,0,0,True
00Q3.csv,2228,2000,3,IDERNCVR,39.48780487804878,39.48780487804878,True
00Q3.csv,10186,2000,3,RBCRWAJ,42.81619650193893,42.81619650193893,True
00Q3.csv,21881,2000,3,SZLNOTH,,,True
00Q3.csv,20916,2000,3,NETINBM,,,True
00Q3.csv,32960,2000,3,NCRER,0,0.0,True
00Q3.csv,12751,2000,3,DEPINS,16588,16588.0,True
00Q3.csv,22835,2000,3,NONIX,1140,1140.0,True
00Q3.csv,34837,2000,3,INTAN,9412,9412.0,True
00Q3.csv,11343,2000,3,RSSDHCR,1250419,1250419.0,True
00Q3.csv,1008,2000,3,INSAGNT1,BIF,BIF,True
00Q3.csv,24340,2000,3,SZLNHEL,,,True
00Q3.csv,21478,2000,3,FDICDBSDESC,SAN FRANCISCO,SAN FRANCISCO,True
00Q3.csv,11891,2000,3,CHBAL,1693,1693.0,True
00Q3.csv,19450,2000,3,LSASCDBT,,,True
00Q3.csv,25260,2000,3,PTAXNETINC,171,171,True
00Q3.csv,30879,2000,3,IDNCOTHR,0,0.0,True
00Q3.csv,4396,2000,3,NUMEMP,22,22.0,True
00Q3.csv,16333,2000,3,SZLNOTH,,,True
00Q3.csv,10101,2000,3,NONIXAY,2.8068477759511783,2.8068477759511783,True
00Q3.csv,11721,2000,3,NCRENRER,0,0.0,True
00Q3.csv,1078,2000,3,NCRENRER,0,0.0,True
00Q3.csv,15064,2000,3,NETINBM,,,True
00Q3.csv,3027,2000,3,P9ASSET,60,60.0,True
00Q3.csv,34565,2000,3,DEPDOM,60113,60113.0,True
00Q3.csv,19107,2000,3,IGLSEC,-8,-8.0,True
00Q3.csv,15038,2000,3,ZIP,67013,67013,True
00Q3.csv,8558,2000,3,ASSET,32101,32101,True
00Q3.csv,34743,2000,3,STCNTY,Greene,Greene,True
00Q3.csv,17741,2000,3,NFAA,0,0,True
00Q3.csv,35441,2000,3,STALP,NM,NM,True
00Q3.csv,24606,2000,3,RSSDHCR,1030451,1030451.0,True
00Q3.csv,90175,2000,3,INSDATE,19851011,19851011,True
00Q3.csv,33873,2000,3,IDT1CER,0,0.0,True
00Q3.csv,28135,2000,3,OCCDISTDESC,NORTHEAST DISTRICT,NORTHEAST DISTRICT,True
00Q3.csv,12485,2000,3,NCRECONR,0,0.0,True
00Q3.csv,29474,2000,3,P3LTOT,,,True
00Q3.csv,11264,2000,3,IGLSEC,0,0.0,True
00Q3.csv,33108,2000,3,ACTIVE,1,1,True
00Q3.csv,11016,2000,3,COREDEP,46186,46186.0,True
00Q4.csv,1914,2000,4,FLDOFF,MINNEAPOLIS,MINNEAPOLIS,True
00Q4.csv,34474,2000,4,NTRENRSR,0,0.0,True
00Q4.csv,12716,2000,4,FEDDESC,CHICAGO,CHICAGO,True
00Q4.csv,11297,2000,4,NCCOMRER,0,0.0,True
00Q4.csv,1611,2000,4,CBLRIND,,,True
00Q4.csv,20628,2000,4,LNLSDEPR,119.63426025723936,119.63426025723936,True
00Q4.csv,10093,2000,4,QBPRCOMLDESC,CHICAGO,CHICAGO,True
00Q4.csv,8804,2000,4,RBC1AAJ,10.130334158918348,10.130334158918348,True
00Q4.csv,26237,2000,4,IDNCOTHR,0,0.0,True
00Q4.csv,25620,2000,4,SC,429,429.0,True
00Q4.csv,4969,2000,4,NOIJ,525,525.0,True
00Q4.csv,4371,2000,4,CHBAL,2903,2903.0,True
00Q4.csv,8867,2000,4,MUTUAL,0,0,True
00Q4.csv,29933,2000,4,LSAOA,,,True
00Q4.csv,9660,2000,4,ASDROTH,,,True
00Q4.csv,15111,2000,4,NCCOMRER,0,0.0,True
00Q4.csv,4405,2000,4,DEPDOM,32722,32722.0,True
00Q4.csv,6074,2000,4,NONII,242,242.0,True
00Q4.csv,25291,2000,4,LSAOA,,,True
00Q4.csv,28823,2000,4,CALLFORM,100,100,True
00Q4.csv,33555,2000,4,RBC1AAJ,9.600122685273933,9.600122685273933,True
00Q4.csv,19163,2000,4,RISDATE,20001231,20001231,True
00Q4.csv,10032,2000,4,NOIJ,992,992.0,True
00Q4.csv,15480,2000,4,ASDRRES,,,True
00Q4.csv,5278,2000,4,NONIXAY,2.6537413227716025,2.6537413227716025,True
00Q4.csv,8847,2000,4,OBSDIR,0,0.0,True
00Q4.csv,16636,2000,4,ASDROTH,,,True
00Q4.csv,29690,2000,4,EQ,23956,23956.0,True
00Q4.csv,9366,2000,4,CITY,MENDENHALL,MENDENHALL,True
00Q4.csv,12959,2000,4,NPERFV,0.1343782889791009,0.1343782889791009,True
00Q4.csv,1250,2000,4,LSALNLS,,,True
00Q4.csv,1465,2000,4,NETINC,184,184.0,True
00Q4.csv,18815,2000,4,TRUST,1,1,True
00Q4.csv,35213,2000,4,LSALNLS,,,True
00Q4.csv,19978,2000,4,IDT1RWAJR,9.7802032721753,9.7802032721753,True
00Q4.csv,1028,2000,4,INSAGNT1,BIF,BIF,True
00Q4.csv,19868,2000,4,NCRER,0.5432344393079369,0.5432344393079369,True
00Q4.csv,4127,2000,4,LNLSNET,98872,98872.0,True
00Q4.csv,26621,2000,4,ELNATR,1687,1687.0,True
00Q4.csv,16217,2000,4,ROEINJR,7.650172490980434,7.650172490980434,True
00Q4.csv,12873,2000,4,IDNCCONR,0,0.0,True
00Q4.csv,7605,2000,4,EFFDATE,19991115,19991115,True
00Q4.csv,5760,2000,4,CITY,SHIPMAN,SHIPMAN,True
00Q4.csv,11764,2000,4,DEP,51360,51360.0,True
00Q4.csv,15799,2000,4,LNNDEPC,,,True
00Q4.csv,19679,2000,4,MUTUAL,0,0,True
00Q4.csv,26563,2000,4,NCCOMRER,0,0.0,True
00Q4.csv,35088,2000,4,CBLRIND,,,True
00Q4.csv,1081,2000,4,ID,1081_20001231,1081_20001231,True
00Q4.csv,34799,2000,4,ASSET,2801,2801,True
01Q1.csv,32968,2001,1,CITY,UNION SPRINGS,UNION SPRINGS,True
01Q1.csv,29597,2001,1,ELNANTR,0,0.0,True
01Q1.csv,27619,2001,1,INTINC,13218,13218.0,True
01Q1.csv,24387,2001,1,NCLNLSR,2.4534816218032938,2.4534816218032938,True
01Q1.csv,836,2001,1,IGLSEC,0,0.0,True
01Q1.csv,7579,2001,1,NONII,3821,3821.0,True
01Q1.csv,33911,2001,1,EQV,6.21411978318336,6.21411978318336,True
01Q1.csv,28453,2001,1,NTLNLS,135,135.0,True
01Q1.csv,16160,2001,1,ELNANTR,814.2857142857142,814.2857142857142,True
01Q1.csv,29511,2001,1,ELNATRY,0.04,0.04,True
01Q1.csv,24792,2001,1,ROE,15.22,15.22,True
01Q1.csv,29478,2001,1,EXTRA,0,0.0,True
01Q1.csv,18356,2001,1,IDNCCONR,0,0.0,True
01Q1.csv,2743,2001,1,DEPUNINS,20948,20948,True
01Q1.csv,14690,2001,1,ASTEMPM,3.023473684210526,3.023473684210526,True
01Q1.csv,8018,2001,1,FEDDESC,ATLANTA,ATLANTA,True
01Q1.csv,33566,2001,1,NTLNLS,-2,-2.0,True
01Q1.csv,34251,2001,1,NCLNLSR,0.3727226645197841,0.3727226645197841,True
01Q1.csv,7307,2001,1,ROE,17.43,17.43,True
01Q1.csv,34026,2001,1,IDNCCIR,0,0.0,True
01Q1.csv,11636,2001,1,ELNATR,189,189.0,True
01Q1.csv,7535,2001,1,STCNTY,Bedford,Bedford,True
01Q1.csv,9831,2001,1,IDNCCIR,7.9981013409279695,7.9981013409279695,True
01Q1.csv,19081,2001,1,SC,194730,194730.0,True
01Q1.csv,8832,2001,1,NCRER,0.7511195548921156,0.7511195548921156,True
01Q1.csv,9502,2001,1,HCTMULT,,,True
01Q1.csv,26941,2001,1,CHBAL,838,838.0,True
01Q1.csv,14939,2001,1,NCRECONR,0,0.0,True
01Q1.csv,26876,2001,1,SZLAUTO,,,True
01Q1.csv,741,2001,1,LIAB,45647,45647.0,True
01Q1.csv,3353,2001,1,NCRENRER,0,0.0,True
01Q1.csv,10162,2001,1,NCRERESR,0.8796296296296297,0.8796296296296297,True
01Q1.csv,12847,2001,1,IDT1RWAJR,13.241381216614956,13.241381216614956,True
01Q1.csv,9791,2001,1,IDNCGTPR,72.67441860465115,72.67441860465115,True
01Q1.csv,14240,2001,1,DEPBEFEX,,,True
01Q1.csv,34607,2001,1,EQTOT,36330,36330.0,True
01Q1.csv,16100,2001,1,CALLFORM,41,41,True
01Q1.csv,20927,2001,1,NOIJY,1.2167442004834386,1.2167442004834386,True
01Q1.csv,30017,2001,1,LSALNLS,,,True
01Q1.csv,5800,2001,1,IBEFXTR,203,203.0,True
01Q1.csv,4879,2001,1,NCREMULR,0,0.0,True
01Q1.csv,15258,2001,1,TFRA,0,0,True
01Q1.csv,22660,2001,1,NAMEHCR,RIDGEDALE FINL SERVICES INC,RIDGEDALE FINL SERVICES INC,True
01Q1.csv,17047,2001,1,EFFDATE,19901019,19901019,True
01Q1.csv,4100,2001,1,ENDEFYMD,20010914,20010914.0,True
01Q1.csv,23433,2001,1,OBSDIR,0,0.0,True
01Q1.csv,34677,2001,1,ROAPTX,1.0735394239592686,1.0735394239592686,True
01Q1.csv,18297,2001,1,IDT1CER,0,0.0,True
01Q1.csv,34305,2001,1,SZLNRES,,,True
01Q1.csv,15091,2001,1,SZLNRES,,,True
01Q2.csv,17881,2001,2,ERNASTR,92.05,92.05,True
01Q2.csv,90017,2001,2,LNNDEPD,,,True
01Q2.csv,968,2001,2,IBEFXTR,296,296.0,True
01Q2.csv,5423,2001,2,IDT1RWAJR,9.781830202192717,9.781830202192717,True
01Q2.csv,11759,2001,2,ROA,1.7944060295254056,1.7944060295254056,True
01Q2.csv,3839,2001,2,EEFFR,27.3650454302512,27.3650454302512,True
01Q2.csv,218,2001,2,SZLNCI,0,0.0,True
01Q2.csv,34612,2001,2,LNRESNCR,0,0.0,True
01Q2.csv,8338,2001,2,RBCRWAJ,43.75206066600725,43.75206066600725,True
01Q2.csv,22819,2001,2,P9ASSET,0,0.0,True
01Q2.csv,34157,2001,2,P3ASSET,652,652.0,True
01Q2.csv,28396,2001,2,AOAR,2.648727311414491,2.648727311414491,True
01Q2.csv,1435,2001,2,LNLSNTV,80.74,80.74,True
01Q2.csv,12554,2001,2,FDICSUPVDESC,CHICAGO,CHICAGO,True
01Q2.csv,1690,2001,2,ITAX,154,154.0,True
01Q2.csv,34875,2001,2,IDT1CER,0,0.0,True
01Q2.csv,16222,2001,2,FREPO,0,0.0,True
01Q2.csv,35465,2001,2,SZLNOTH,0,0.0,True
01Q2.csv,14513,2001,2,IBEFXTR,772,772.0,True
01Q2.csv,19459,2001,2,NONIX,4229,4229.0,True
01Q2.csv,2039,2001,2,NONII,271,271.0,True
01Q2.csv,57076,2001,2,IDNTCONR,0.4963805584281282,0.4963805584281282,True
01Q2.csv,33542,2001,2,INTEXPY,3.4324659231722427,3.4324659231722427,True
01Q2.csv,17524,2001,2,ASDRRES,0,0.0,True
01Q2.csv,8640,2001,2,CALLFORM,41,41,True
01Q2.csv,15590,2001,2,TRUST,1,1,True
01Q2.csv,15510,2001,2,ELNANTR,0,0.0,True
01Q2.csv,29986,2001,2,INTINC,1282,1282.0,True
01Q2.csv,10635,2001,2,FREPO,620,620.0,True
01Q2.csv,24030,2001,2,NTRECOSR,0,0.0,True
01Q2.csv,30985,2001,2,LNRESNCR,104.66666666666666,104.66666666666666,True
01Q2.csv,7074,2001,2,STMULT,0,0,True
01Q2.csv,29743,2001,2,NOIJ,102,102.0,True
01Q2.csv,17830,2001,2,ASSET,68134,68134,True
01Q2.csv,7513,2001,2,LNRESNCR,639.655172413793,639.655172413793,True
01Q2.csv,445,2001,2,CBSA,"HERMITAGE, PA","HERMITAGE, PA",True
01Q2.csv,34155,2001,2,STALP,TX,TX,True
01Q2.csv,34026,2001,2,DEPALLEX,,,True
01Q2.csv,2066,2001,2,INTINCY,8.619321799590724,8.619321799590724,True
01Q2.csv,18780,2001,2,NCRER,0,0.0,True
01Q2.csv,3268,2001,2,INTEXPY,2.736287599184233,2.736287599184233,True
01Q2.csv,1575,2001,2,EFFDATE,19781228,19781228,True
01Q2.csv,1905,2001,2,SZLNCON,0,0.0,True
01Q2.csv,34933,2001,2,EEFFR,125.45454545454547,125.45454545454547,True
01Q2.csv,17587,2001,2,EINTEXP,607,607.0,True
01Q2.csv,91309,2001,2,NTREMULR,0,0.0,True
01Q2.csv,29613,2001,2,ASDROTH,,,True
01Q2.csv,28316,2001,2,ELNATR,0,0.0,True
01Q2.csv,3745,2001,2,LNNDEPC,,,True
01Q2.csv,15362,2001,2,FDICDBSDESC,SAN FRANCISCO,SAN FRANCISCO,True
01Q3.csv,34916,2001,3,IGLSEC,-275,-275.0,True
01Q3.csv,28567,2001,3,NCRER,0.0629622120012379,0.0629622120012379,True
01Q3.csv,16527,2001,3,STCNTY,Morton,Morton,True
01Q3.csv,11905,2001,3,ENDEFYMD,99991231,99991231.0,True
01Q3.csv,33985,2001,3,LSAOA,,,True
01Q3.csv,243,2001,3,BKCLASS,NM,NM,True
01Q3.csv,28155,2001,3,FDICSUPVDESC,NEW YORK,NEW YORK,True
01Q3.csv,18463,2001,3,NONIX,668,668.0,True
01Q3.csv,17117,2001,3,SZLAUTO,0,0.0,True
01Q3.csv,6528,2001,3,NTRERESR,0.11901997353864792,0.11901997353864792,True
01Q3.csv,10249,2001,3,CITY,LEEDS,LEEDS,True
01Q3.csv,11405,2001,3,ELNANTR,249.63289280469897,249.63289280469897,True
01Q3.csv,1415,2001,3,INTEXPY,4.657622216320801,4.657622216320801,True
01Q3.csv,19788,2001,3,ELNATRY,0.17,0.17,True
01Q3.csv,19943,2001,3,ENDEFYMD,20211112,20211112.0,True
01Q3.csv,14184,2001,3,SZLAUTO,0,0.0,True
01Q3.csv,34447,2001,3,NTLNLS,11,11.0,True
01Q3.csv,16130,2001,3,SZLNCRCD,0,0.0,True
01Q3.csv,2444,2001,3,LSAORE,,,True
01Q3.csv,1695,2001,3,FDICDBSDESC, DALLAS, DALLAS,True
01Q3.csv,13126,2001,3,AOA,5337,5337,True
01Q3.csv,6084,2001,3,CITY,TURTON,TURTON,True
01Q3.csv,33803,2001,3,DEPDASTR,81.47,81.47,True
01Q3.csv,32968,2001,3,AOA,1000,1000,True
01Q3.csv,35342,2001,3,NONII,19,19.0,True
01Q3.csv,17769,2001,3,DEPINS,22038,22038.0,True
01Q3.csv,16971,2001,3,DEPDASTR,88.97,88.97,True
01Q3.csv,34215,2001,3,IDERNCVR,0,0.0,True
01Q3.csv,23588,2001,3,LSASCDBT,,,True
01Q3.csv,33653,2001,3,SZLNCI,0,0.0,True
01Q3.csv,6759,2001,3,SPECGRPDESC,ALL OTHER UNDER 1 BILLION,ALL OTHER UNDER 1 BILLION,True
01Q3.csv,6680,2001,3,DEP,53854,53854.0,True
01Q3.csv,1871,2001,3,LIAB,12301,12301.0,True
01Q3.csv,14501,2001,3,CBSA,"JOHNSTOWN, PA","JOHNSTOWN, PA",True
01Q3.csv,30149,2001,3,RBC1AAJ,10.483674404547184,10.483674404547184,True
01Q3.csv,18203,2001,3,INTINCY,7.315892708229518,7.315892708229518,True
01Q3.csv,19101,2001,3,NTREMULR,0,0.0,True
01Q3.csv,3355,2001,3,ROE,11.06,11.06,True
01Q3.csv,4382,2001,3,NTCOMRER,0,0.0,True
01Q3.csv,3086,2001,3,ASDRRES,0,0.0,True
01Q3.csv,13112,2001,3,NCRERESR,0.1027576806123519,0.1027576806123519,True
01Q3.csv,32957,2001,3,NETINBM,,,True
01Q3.csv,28467,2001,3,NCRERESR,2.3552123552123554,2.3552123552123554,True
01Q3.csv,32298,2001,3,NETINBM,,,True
01Q3.csv,10637,2001,3,NCLNLSR,0.8046301524562394,0.8046301524562394,True
01Q3.csv,13868,2001,3,DEPUNINS,7438,7438,True
01Q3.csv,35277,2001,3,LNNDEPC,,,True
01Q3.csv,27259,2001,3,NETINC,1925,1925.0,True
01Q3.csv,26744,2001,3,P3LTOT,,,True
01Q3.csv,17964,2001,3,DEPIDOM,188900,188900.0,True
01Q4.csv,29632,2001,4,NIM,5474,5474.0,True
01Q4.csv,5111,2001,4,INTINCY,8.249003453990268,8.249003453990268,True
01Q4.csv,30292,2001,4,STALP,TX,TX,True
01Q4.csv,28144,2001,4,NONIX,2755,2755.0,True
01Q4.csv,5098,2001,4,RSSDHCR,1126176,1126176.0,True
01Q4.csv,2718,2001,4,NCREMULR,0,0.0,True
01Q4.csv,24794,2001,4,RBC1AAJ,7.845274955300685,7.845274955300685,True
01Q4.csv,14894,2001,4,SZLNRES,0,0.0,True
01Q4.csv,17339,2001,4,DEPDASTR,89.72,89.72,True
01Q4.csv,877,2001,4,OCCDISTDESC,null,,True
01Q4.csv,8848,2001,4,OFFFOR,0,0.0,True
01Q4.csv,25667,2001,4,IDNCCONR,0.6059105388548331,0.6059105388548331,True
01Q4.csv,23472,2001,4,FDICSUPVDESC,WASHINGTON OFFICE - CFI,WASHINGTON OFFICE - CFI,True
01Q4.csv,10523,2001,4,NETINBM,,,True
01Q4.csv,12211,2001,4,IDERNCVR,15,15.0,True
01Q4.csv,16375,2001,4,BKCLASS,NM,NM,True
01Q4.csv,12144,2001,4,NTREMULR,0,0.0,True
01Q4.csv,10345,2001,4,INSDATE,19340101,19340101,True
01Q4.csv,11175,2001,4,NAASSET,218,218,True
01Q4.csv,17906,2001,4,LIAB,79805,79805.0,True
01Q4.csv,19358,2001,4,ITAX,506,506.0,True
01Q4.csv,25268,2001,4,QBPRCOMLDESC,KANSAS CITY,KANSAS CITY,True
01Q4.csv,9176,2001,4,P3LTOT,,,True
01Q4.csv,5551,2001,4,NTCOMRER,0,0.0,True
01Q4.csv,11207,2001,4,EINTEXP,4103,4103.0,True
01Q4.csv,29896,2001,4,RBCRWAJ,25.842494143088846,25.842494143088846,True
01Q4.csv,32779,2001,4,EQCSTKRX,627,627.0,True
01Q4.csv,30058,2001,4,DEPFOR,,,True
01Q4.csv,14195,2001,4,NCLNLSR,0.8608738133276999,0.8608738133276999,True
01Q4.csv,35086,2001,4,EQV,25.647177185311303,25.647177185311303,True
01Q4.csv,20078,2001,4,LNNDEPC,,,True
01Q4.csv,13788,2001,4,ORE,36,36.0,True
01Q4.csv,20935,2001,4,EQCDIVNTINC,31.859557867360206,31.859557867360206,True
01Q4.csv,34105,2001,4,STCNTY,Albany,Albany,True
01Q4.csv,15466,2001,4,CALLFORM,41,41,True
01Q4.csv,3274,2001,4,DEPFOR,,,True
01Q4.csv,10907,2001,4,DEP,54158,54158.0,True
01Q4.csv,90187,2001,4,NALTOT,,,True
01Q4.csv,16281,2001,4,INTAN,0,0.0,True
01Q4.csv,8092,2001,4,ROEINJR,3.962815930378763,3.962815930378763,True
01Q4.csv,34217,2001,4,ELNANTR,192.22222222222223,192.22222222222223,True
01Q4.csv,13421,2001,4,SZLNCRCD,0,0.0,True
01Q4.csv,11409,2001,4,IBEFXTR,758,758.0,True
01Q4.csv,3272,2001,4,RSSDID,972956,972956,True
01Q4.csv,35147,2001,4,SPECGRPDESC,COMMERCIAL LENDING SPECIALIZATION,COMMERCIAL LENDING SPECIALIZATION,True
01Q4.csv,32736,2001,4,AOA,6291,6291,True
01Q4.csv,14065,2001,4,NTLNLS,1069,1069.0,True
01Q4.csv,16905,2001,4,ROA,0.9172061474142253,0.9172061474142253,True
01Q4.csv,9319,2001,4,FREPO,11000,11000.0,True
01Q4.csv,35377,2001,4,NCRENRER,0,0.0,True
02Q1.csv,34256,2002,1,NIM,1430,1430.0,True
02Q1.csv,8215,2002,1,SZLNRES,0,0.0,True
02Q1.csv,23760,2002,1,LNLSNET,35292,35292.0,True
02Q1.csv,9311,2002,1,LNRESNCR,186.51026392961876,186.51026392961876,True
02Q1.csv,19438,2002,1,LSAOA,,,True
02Q1.csv,14273,2002,1,SZLNCON,0,0.0,True
02Q1.csv,34783,2002,1,BKPREM,1927,1927.0,True
02Q1.csv,1124,2002,1,SZLNCI,0,0.0,True
02Q1.csv,19104,2002,1,MUTUAL,0,0,True
02Q1.csv,1821,2002,1,IDNTCONR,2.360018509949098,2.360018509949098,True
02Q1.csv,13006,2002,1,EQ,7294,7294.0,True
02Q1.csv,25803,2002,1,NCRENRER,0,0.0,True
02Q1.csv,8840,2002,1,OFFDOM,1,1.0,True
02Q1.csv,11293,2002,1,NTRENRSR,0,0.0,True
02Q1.csv,26485,2002,1,BKPREM,678,678.0,True
02Q1.csv,27840,2002,1,OFFOA,0,0.0,True
02Q1.csv,24353,2002,1,TFRA,0,0,True
02Q1.csv,2557,2002,1,SZLNCI,0,0.0,True
02Q1.csv,12079,2002,1,TRADE,0,0.0,True
02Q1.csv,28611,2002,1,NAMEHCR,,,True
02Q1.csv,33953,2002,1,ENDEFYMD,20150725,20150725.0,True
02Q1.csv,8133,2002,1,INTINCY,6.326781021643988,6.326781021643988,True
02Q1.csv,14264,2002,1,DEP,190830,190830.0,True
02Q1.csv,34073,2002,1,DEPIDOM,275725,275725.0,True
02Q1.csv,4214,2002,1,IDT1RWAJR,8.47330679293703,8.47330679293703,True
02Q1.csv,34612,2002,1,QBPRCOMLDESC,NEW YORK,NEW YORK,True
02Q1.csv,13580,2002,1,OCCDISTDESC,null,,True
02Q1.csv,26829,2002,1,P9ASSET,0,0.0,True
02Q1.csv,15593,2002,1,LNATRESR,2.95968305756234,2.95968305756234,True
02Q1.csv,14240,2002,1,P9ASSET,0,0.0,True
02Q1.csv,13551,2002,1,DEPALLEX,,,True
02Q1.csv,916,2002,1,FREPO,0,0.0,True
02Q1.csv,34669,2002,1,NTLNLS,-2,-2.0,True
02Q1.csv,29442,2002,1,BKCLASS,SB,SB,True
02Q1.csv,34861,2002,1,ROA,0.25299071162673026,0.25299071162673026,True
02Q1.csv,19662,2002,1,RBC1AAJ,8.59442777295806,8.59442777295806,True
02Q1.csv,35381,2002,1,P9LTOT,,,True
02Q1.csv,2993,2002,1,EFFDATE,20011109,20011109,True
02Q1.csv,12716,2002,1,ORE,0,0.0,True
02Q1.csv,20001,2002,1,CBLRIND,,,True
02Q1.csv,16679,2002,1,FEDDESC,MINNEAPOLIS,MINNEAPOLIS,True
02Q1.csv,178,2002,1,NTLNLSR,0,0.0,True
02Q1.csv,3619,2002,1,STNAME,ILLINOIS,ILLINOIS,True
02Q1.csv,15890,2002,1,AOAR,4.8953725757060225,4.8953725757060225,True
02Q1.csv,32422,2002,1,ACTIVE,1,1,True
02Q1.csv,22526,2002,1,LNATRESR,1.0577270655539315,1.0577270655539315,True
02Q1.csv,10330,2002,1,ID,10330_20020331,10330_20020331,True
02Q1.csv,30950,2002,1,PARCERT,0,0,True
02Q1.csv,34352,2002,1,STNAME,DISTRICT OF COLUMBIA,DISTRICT OF COLUMBIA,True
02Q1.csv,10458,2002,1,NCRENRER,8.553875236294896,8.553875236294896,True
02Q2.csv,12393,2002,2,NTRECOSR,0,0.0,True
02Q2.csv,35455,2002,2,AOA,697,697,True
02Q2.csv,10036,2002,2,EQV,12.168282655057935,12.168282655057935,True
02Q2.csv,3179,2002,2,AOA,1394,1394,True
02Q2.csv,34206,2002,2,RBCRWAJ,14.065144908951014,14.065144908951014,True
02Q2.csv,7789,2002,2,ELNATRY,0.02,0.02,True
02Q2.csv,11669,2002,2,NONIIAY,0.29,0.29,True
02Q2.csv,25832,2002,2,DEPCSBQ,112126.1225,112126.1225,True
02Q2.csv,11674,2002,2,EFFDATE,19971012,19971012,True
02Q2.csv,11726,2002,2,PTAXNETINC,175,175,True
02Q2.csv,17224,2002,2,P9LTOT,,,True
02Q2.csv,4444,2002,2,ASDROTH,0,0.0,True
02Q2.csv,18815,2002,2,DEPNIDOM,42216,42216.0,True
02Q2.csv,34488,2002,2,SZLAUTO,0,0.0,True
02Q2.csv,90173,2002,2,IDT1CER,0,0.0,True
02Q2.csv,28349,2002,2,MUTUAL,0,0,True
02Q2.csv,21641,2002,2,TRUST,0,0,True
02Q2.csv,8353,2002,2,NOIJY,3.1540309058775544,3.1540309058775544,True
02Q2.csv,34156,2002,2,NTRERESR,0,0.0,True
02Q2.csv,3301,2002,2,OBSDIR,0,0.0,True
02Q2.csv,27538,2002,2,BKPREM,65042,65042.0,True
02Q2.csv,33376,2002,2,IDERNCVR,0,0.0,True
02Q2.csv,16256,2002,2,IDERNCVR,0.9418604651162791,0.9418604651162791,True
02Q2.csv,19977,2002,2,EXTRA,0,0.0,True
02Q2.csv,31626,2002,2,NTCOMRER,0,0.0,True
02Q2.csv,34976,2002,2,EFFDATE,20000612,20000612,True
02Q2.csv,1114,2002,2,ROEINJR,6.2643414410279945,6.2643414410279945,True
02Q2.csv,17943,2002,2,PTAXNETINC,18633,18633,True
02Q2.csv,14801,2002,2,IDT1RWAJR,14.475778023970188,14.475778023970188,True
02Q2.csv,8640,2002,2,DEPDOM,31012,31012.0,True
02Q2.csv,34022,2002,2,TFRA,0,0,True
02Q2.csv,4621,2002,2,DEPFOR,,,True
02Q2.csv,11930,2002,2,UC,0,0.0,True
02Q2.csv,15057,2002,2,NETINBM,,,True
02Q2.csv,8531,2002,2,DEPUNINS,16826,16826,True
02Q2.csv,26689,2002,2,ORE,0,0.0,True
02Q2.csv,23989,2002,2,IDNCOTHR,0,0.0,True
02Q2.csv,134,2002,2,SZLNOTH,0,0.0,True
02Q2.csv,5280,2002,2,TRUST,1,1,True
02Q2.csv,14293,2002,2,AOA,621,621,True
02Q2.csv,34253,2002,2,OFFOA,0,0.0,True
02Q2.csv,14625,2002,2,REPDTE,20020630,20020630,True
02Q2.csv,15257,2002,2,ROA,1.0574061768699623,1.0574061768699623,True
02Q2.csv,26416,2002,2,LNNDEPC,,,True
02Q2.csv,30376,2002,2,DEPUNINS,6830,6830,True
02Q2.csv,6784,2002,2,NUMEMP,917,917.0,True
02Q2.csv,26390,2002,2,NCREMULR,0,0.0,True
02Q2.csv,34202,2002,2,EEFFR,64.94069006250923,64.94069006250923,True
02Q2.csv,34402,2002,2,CB,1,1.0,True
02Q2.csv,11570,2002,2,LNLSDEPR,75.89631252281855,75.89631252281855,True
02Q3.csv,16018,2002,3,IDNCGTPR,1.3590033975084939,1.3590033975084939,True
02Q3.csv,34163,2002,3,HCTMULT,1,1.0,True
02Q3.csv,28812,2002,3,ITAX,231,231.0,True
02Q3.csv,9739,2002,3,IDNCGTPR,0,0.0,True
02Q3.csv,20927,2002,3,SZLAUTO,0,0.0,True
02Q3.csv,34507,2002,3,NONII,3144,3144.0,True
02Q3.csv,35296,2002,3,CBLRIND,,,True
02Q3.csv,10906,2002,3,RSSDID,997155,997155,True
02Q3.csv,10957,2002,3,ROEINJR,4.584293193717277,4.584293193717277,True
02Q3.csv,1899,2002,3,SZLNCI,0,0.0,True
02Q3.csv,29708,2002,3,OBSDIR,,,True
02Q3.csv,10467,2002,3,OFFDOM,1,1.0,True
02Q3.csv,12704,2002,3,STMULT,0,0,True
02Q3.csv,13918,2002,3,NONIIAY,0.82,0.82,True
02Q3.csv,3387,2002,3,NCRERESR,0.5363769607384539,0.5363769607384539,True
02Q3.csv,3674,2002,3,LNLSDEPR,76.73642998694959,76.73642998694959,True
02Q3.csv,20843,2002,3,NAME,AMERICAN BANK OF ST PAUL,AMERICAN BANK OF ST PAUL,True
02Q3.csv,15346,2002,3,NONII,233,233.0,True
02Q3.csv,11702,2002,3,INTINCY,6.443146603952654,6.443146603952654,True
02Q3.csv,30890,2002,3,AOAR,5.463211624460185,5.463211624460185,True
02Q3.csv,8200,2002,3,EEFFR,51.0016694490818,51.0016694490818,True
02Q3.csv,14940,2002,3,LNLSDEPR,56.21080630966616,56.21080630966616,True
02Q3.csv,11295,2002,3,DEPCSBQ,55556.1405,55556.1405,True
02Q3.csv,17174,2002,3,UC,920,920.0,True
02Q3.csv,4540,2002,3,DEPIDOM,90466,90466.0,True
02Q3.csv,90579,2002,3,EEFFR,75.99738391105298,75.99738391105298,True
02Q3.csv,10548,2002,3,EQCDIVNTINC,44.46640316205534,44.46640316205534,True
02Q3.csv,8191,2002,3,LSAOA,,,True
02Q3.csv,27206,2002,3,NPERFV,0,0.0,True
02Q3.csv,18915,2002,3,DEPFOR,,,True
02Q3.csv,28865,2002,3,P3ASSET,5772,5772.0,True
02Q3.csv,57281,2002,3,LNLSNET,239599,239599.0,True
02Q3.csv,27134,2002,3,LNRESNCR,168.16326530612244,168.16326530612244,True
02Q3.csv,17258,2002,3,DEPDASTR,90.31,90.31,True
02Q3.csv,11492,2002,3,IDT1CER,0,0.0,True
02Q3.csv,21525,2002,3,NTRECOSR,0,0.0,True
02Q3.csv,34757,2002,3,DEPALLEX,,,True
02Q3.csv,19024,2002,3,P9LTOT,,,True
02Q3.csv,19285,2002,3,DEP,152393,152393.0,True
02Q3.csv,4019,2002,3,ORE,0,0.0,True
02Q3.csv,15604,2002,3,EQV,6.705165586957261,6.705165586957261,True
02Q3.csv,27789,2002,3,UC,71954,71954.0,True
02Q3.csv,32347,2002,3,EQV,7.160558416168736,7.160558416168736,True
02Q3.csv,34778,2002,3,NAASSET,1044,1044,True
02Q3.csv,24811,2002,3,SC,251555,251555.0,True
02Q3.csv,34969,2002,3,NUMEMP,22,22.0,True
02Q3.csv,2017,2002,3,TRUST,0,0,True
02Q3.csv,21158,2002,3,ELNATR,22,22.0,True
02Q3.csv,9420,2002,3,P3ASSET,189,189.0,True
02Q3.csv,12513,2002,3,DEPBEFEX,,,True
02Q4.csv,1294,2002,4,EQCSTKRX,0,0.0,True
02Q4.csv,34363,2002,4,ASDROTH,0,0.0,True
02Q4.csv,1219,2002,4,MSA_NAME,,,True
02Q4.csv,3628,2002,4,EQCSTKRX,0,0.0,True
02Q4.csv,1114,2002,4,EQCDIV,100,100.0,True
02Q4.csv,15673,2002,4,SZLNCON,0,0.0,True
02Q4.csv,57181,2002,4,TRUST,0,0,True
02Q4.csv,33533,2002,4,LNLSDEPR,98.56704642321597,98.56704642321597,True
02Q4.csv,2380,2002,4,NTLNLS,688,688.0,True
02Q4.csv,22134,2002,4,FDICDBSDESC,SAN FRANCISCO,SAN FRANCISCO,True
02Q4.csv,35172,2002,4,MSA_NAME,,,True
02Q4.csv,33925,2002,4,HCTMULT,,,True
02Q4.csv,10194,2002,4,ELNATR,135,135.0,True
02Q4.csv,21897,2002,4,IDNCCONR,0.16106764841233318,0.16106764841233318,True
02Q4.csv,12501,2002,4,NONIIAY,0.59,0.59,True
02Q4.csv,8355,2002,4,LNLSDEPR,73.09388593523441,73.09388593523441,True
02Q4.csv,34369,2002,4,NAMEHCR,MICHIGAN HERITAGE BCORP INC,MICHIGAN HERITAGE BCORP INC,True
02Q4.csv,17476,2002,4,ROA,1.3652337423875782,1.3652337423875782,True
02Q4.csv,16574,2002,4,NAASSET,21,21,True
02Q4.csv,17898,2002,4,P9ASSET,0,0.0,True
02Q4.csv,8074,2002,4,STNAME,INDIANA,INDIANA,True
02Q4.csv,34559,2002,4,LNNDEPD,,,True
02Q4.csv,21897,2002,4,IDNTCONR,-0.021337430119916356,-0.021337430119916356,True
02Q4.csv,12636,2002,4,NTREMULR,0,0.0,True
02Q4.csv,21978,2002,4,NCLNLSR,1.897416346520426,1.897416346520426,True
02Q4.csv,8761,2002,4,DEPBEFEX,,,True
02Q4.csv,16935,2002,4,RSSDHCR,1130780,1130780.0,True
02Q4.csv,29042,2002,4,DEPCSBQ,440867.4681,440867.4681,True
02Q4.csv,32741,2002,4,INSAGNT1,BIF,BIF,True
02Q4.csv,15101,2002,4,STCNTY,Dunklin,Dunklin,True
02Q4.csv,27808,2002,4,OFFOA,0,0.0,True
02Q4.csv,16852,2002,4,TRADE,0,0.0,True
02Q4.csv,2723,2002,4,IDNCOTHR,0,0.0,True
02Q4.csv,57144,2002,4,LNNDEPD,,,True
02Q4.csv,34171,2002,4,ENDEFYMD,99991231,99991231.0,True
02Q4.csv,26530,2002,4,NONII,2790,2790.0,True
02Q4.csv,1730,2002,4,P9LTOT,,,True
02Q4.csv,26460,2002,4,DEPNIDOM,40035,40035.0,True
02Q4.csv,8833,2002,4,TRUST,0,0,True
02Q4.csv,35106,2002,4,NETINC,-702,-702.0,True
02Q4.csv,3167,2002,4,NTRERESR,0,0.0,True
02Q4.csv,27813,2002,4,INTINCY,5.77004359019242,5.77004359019242,True
02Q4.csv,14136,2002,4,LNATRESR,1.187493664286852,1.187493664286852,True
02Q4.csv,35409,2002,4,NTRECOSR,0,0.0,True
02Q4.csv,30270,2002,4,SZLNHEL,0,0.0,True
02Q4.csv,23579,2002,4,IDLNCORR,79.63515074721425,79.63515074721425,True
02Q4.csv,18059,2002,4,COREDEP,331799,331799.0,True
02Q4.csv,21174,2002,4,RBCRWAJ,16.928015804420298,16.928015804420298,True
02Q4.csv,22549,2002,4,DEPINS,4222,4222.0,True
02Q4.csv,10255,2002,4,INTAN,416,416.0,True
03Q1.csv,30600,2003,1,NALTOT,,,True
03Q1.csv,18401,2003,1,CHBAL,10356,10356.0,True
03Q1.csv,5589,2003,1,MUTUAL,0,0,True
03Q1.csv,29506,2003,1,CBLRIND,,,True
03Q1.csv,17898,2003,1,NAME,ROCHESTER BANK,ROCHESTER BANK,True
03Q1.csv,17622,2003,1,ACTIVE,1,1,True
03Q1.csv,33812,2003,1,OBSDIR,0,0.0,True
03Q1.csv,14695,2003,1,NFAA,0,0,True
03Q1.csv,1436,2003,1,REPDTE,20030331,20030331,True
03Q1.csv,32148,2003,1,ASSET,95613,95613,True
03Q1.csv,7659,2003,1,SZLNHEL,0,0.0,True
03Q1.csv,17687,2003,1,MSA_NAME,,,True
03Q1.csv,15348,2003,1,IDT1CER,0,0.0,True
03Q1.csv,34778,2003,1,LNNDEPC,,,True
03Q1.csv,770,2003,1,LNLSNTV,51.54,51.54,True
03Q1.csv,8850,2003,1,IDNTCONR,0.3991020204539786,0.3991020204539786,True
03Q1.csv,13712,2003,1,OBSDIR,0,0.0,True
03Q1.csv,21987,2003,1,PARCERT,0,0,True
03Q1.csv,8215,2003,1,NTRENRSR,0,0.0,True
03Q1.csv,23671,2003,1,ESTYMD,19790818,19790818,True
03Q1.csv,5799,2003,1,P9ASSET,269,269.0,True
03Q1.csv,34783,2003,1,NIM,1115,1115.0,True
03Q1.csv,35185,2003,1,ELNATR,73,73.0,True
03Q1.csv,3269,2003,1,FDICDBSDESC, DALLAS, DALLAS,True
03Q1.csv,22447,2003,1,EXTRA,0,0.0,True
03Q1.csv,31555,2003,1,FDICDBSDESC,NEW YORK,NEW YORK,True
03Q1.csv,12501,2003,1,DEPFOR,,,True
03Q1.csv,26755,2003,1,MUTUAL,0,0,True
03Q1.csv,31204,2003,1,TRADE,0,0.0,True
03Q1.csv,34075,2003,1,REGAGNT,OCC,OCC,True
03Q1.csv,20884,2003,1,IDNCCONR,0.2920585234974358,0.2920585234974358,True
03Q1.csv,22430,2003,1,RBC1AAJ,8.283388827229004,8.283388827229004,True
03Q1.csv,4792,2003,1,HCTMULT,,,True
03Q1.csv,15957,2003,1,CITY,BINGHAMTON,BINGHAMTON,True
03Q1.csv,28211,2003,1,QBPRCOMLDESC,CHICAGO,CHICAGO,True
03Q1.csv,30976,2003,1,ASDROTH,,,True
03Q1.csv,12349,2003,1,ORE,0,0.0,True
03Q1.csv,10250,2003,1,INTAN,0,0.0,True
03Q1.csv,27727,2003,1,NTRER,0,0.0,True
03Q1.csv,1853,2003,1,LNATRESR,0.9564705375479312,0.9564705375479312,True
03Q1.csv,8129,2003,1,OBSDIR,0,0.0,True
03Q1.csv,29132,2003,1,LNLSNET,374322,374322.0,True
03Q1.csv,26548,2003,1,CALLFORM,41,41,True
03Q1.csv,32185,2003,1,NIM,33427,33427.0,True
03Q1.csv,30022,2003,1,FDICDBSDESC,NEW YORK,NEW YORK,True
03Q1.csv,32908,2003,1,SPECGRPDESC,COMMERCIAL LENDING SPECIALIZATION,COMMERCIAL LENDING SPECIALIZATION,True
03Q1.csv,11475,2003,1,TRUST,1,1,True
03Q1.csv,15807,2003,1,REPDTE,20030331,20030331,True
03Q1.csv,22370,2003,1,EFFDATE,19970317,19970317,True
03Q1.csv,28480,2003,1,NTREMULR,0,0.0,True
03Q2.csv,2733,2003,2,CALLFORM,41,41,True
03Q2.csv,32652,2003,2,IDT1RWAJR,35.48679317249929,35.48679317249929,True
03Q2.csv,16419,2003,2,INSAGNT1,BIF,BIF,True
03Q2.csv,35092,2003,2,NCRECONR,0,0.0,True
03Q2.csv,16757,2003,2,OCCDISTDESC,null,,True
03Q2.csv,17459,2003,2,STCNTY,Lancaster,Lancaster,True
03Q2.csv,32770,2003,2,CHBAL,17307,17307.0,True
03Q2.csv,15986,2003,2,OFFOA,0,0.0,True
03Q2.csv,18031,2003,2,EQTOT,19034,19034.0,True
03Q2.csv,34836,2003,2,OFFOA,0,0.0,True
03Q2.csv,8851,2003,2,ASSET,28037,28037,True
03Q2.csv,8534,2003,2,COREDEP,176004,176004.0,True
03Q2.csv,35117,2003,2,IDNTCIR,0,0.0,True
03Q2.csv,34997,2003,2,EFFDATE,19990212,19990212,True
03Q2.csv,57346,2003,2,AOAR,0.1365441906653426,0.1365441906653426,True
03Q2.csv,34960,2003,2,NTRECOSR,13.006637480581837,13.006637480581837,True
03Q2.csv,623,2003,2,ROE,4.97,4.97,True
03Q2.csv,35535,2003,2,LNNDEPD,,,True
03Q2.csv,5286,2003,2,ELNATR,120,120.0,True
03Q2.csv,34592,2003,2,UC,12600,12600.0,True
03Q2.csv,27026,2003,2,NCRERESR,0,0.0,True
03Q2.csv,18205,2003,2,IDNTCIR,0,0.0,True
03Q2.csv,15970,2003,2,NIMY,4.620635192374599,4.620635192374599,True
03Q2.csv,26729,2003,2,DEPDASTR,82.88,82.88,True
03Q2.csv,25178,2003,2,TFRA,0,0,True
03Q2.csv,18463,2003,2,ITAX,12,12.0,True
03Q2.csv,2993,2003,2,SZLNCRCD,0,0.0,True
03Q2.csv,10799,2003,2,PARCERT,0,0,True
03Q2.csv,5819,2003,2,P9ASSET,161,161.0,True
03Q2.csv,57507,2003,2,NIM,101,101.0,True
03Q2.csv,33645,2003,2,INTAN,583,583.0,True
03Q2.csv,912,2003,2,OBSDIR,0,0.0,True
03Q2.csv,23137,2003,2,DEPINS,199354,199354.0,True
03Q2.csv,9268,2003,2,PARCERT,0,0,True
03Q2.csv,17602,2003,2,P9ASSET,7,7.0,True
03Q2.csv,35106,2003,2,NCRERESR,0,0.0,True
03Q2.csv,21292,2003,2,ROE,12.48,12.48,True
03Q2.csv,35451,2003,2,DEPALLEX,,,True
03Q2.csv,11527,2003,2,RSSDID,644057,644057,True
03Q2.csv,10142,2003,2,NCRER,1.7377097876132481,1.7377097876132481,True
03Q2.csv,33555,2003,2,IDNCCIR,0,0.0,True
03Q2.csv,91324,2003,2,PTAXNETINC,4123,4123,True
03Q2.csv,25340,2003,2,DEPUNINS,132,132,True
03Q2.csv,32277,2003,2,ACTIVE,1,1,True
03Q2.csv,14523,2003,2,FREPO,1004,1004.0,True
03Q2.csv,30150,2003,2,EQCSTKRX,0,0.0,True
03Q2.csv,5814,2003,2,NAMEFULL,AUDUBON STATE BANK,AUDUBON STATE BANK,True
03Q2.csv,20134,2003,2,LSAOA,,,True
03Q2.csv,28958,2003,2,RBCRWAJ,13.060078862740196,13.060078862740196,True
03Q2.csv,14267,2003,2,FDICDBSDESC,CHICAGO,CHICAGO,True
03Q3.csv,10468,2003,3,AOAR,3.355813108266365,3.355813108266365,True
03Q3.csv,13868,2003,3,INTEXPY,1.9544299002309962,1.9544299002309962,True
03Q3.csv,34538,2003,3,MSA_NAME,,,True
03Q3.csv,809,2003,3,IDERNCVR,22.742465753424657,22.742465753424657,True
03Q3.csv,34954,2003,3,P9ASSET,300,300.0,True
03Q3.csv,35461,2003,3,LSAOA,,,True
03Q3.csv,33644,2003,3,OFFOA,0,0.0,True
03Q3.csv,16379,2003,3,PARCERT,0,0,True
03Q3.csv,26944,2003,3,EINTEXP,1234,1234.0,True
03Q3.csv,10656,2003,3,NETINBM,,,True
03Q3.csv,5950,2003,3,SUBCHAPS,0,0,True
03Q3.csv,9259,2003,3,INTINC,4751,4751.0,True
03Q3.csv,34669,2003,3,NTRENRSR,0,0.0,True
03Q3.csv,14491,2003,3,ROEINJR,13.465277852571406,13.465277852571406,True
03Q3.csv,27935,2003,3,NCREMULR,1.5471129161516415,1.5471129161516415,True
03Q3.csv,20504,2003,3,P3LTOT,,,True
03Q3.csv,57505,2003,3,SZLNCRCD,0,0.0,True
03Q3.csv,17979,2003,3,ZIP,78009,78009,True
03Q3.csv,15697,2003,3,CALLFORM,41,41,True
03Q3.csv,13819,2003,3,INTINCY,6.215574651611365,6.215574651611365,True
03Q3.csv,26553,2003,3,NONIXAY,2.7061617593134,2.7061617593134,True
03Q3.csv,2750,2003,3,STMULT,0,0,True
03Q3.csv,57102,2003,3,NTALLOTHR,0,0.0,True
03Q3.csv,57362,2003,3,CBLRIND,,,True
03Q3.csv,3605,2003,3,NAMEFULL,"HARRIS BANK BATAVIA, NATIONAL ASSOCIATION","HARRIS BANK BATAVIA, NATIONAL ASSOCIATION",True
03Q3.csv,436,2003,3,NAME,PEOPLES BANK OF OXFORD,PEOPLES BANK OF OXFORD,True
03Q3.csv,34441,2003,3,SZLAUTO,0,0.0,True
03Q3.csv,35027,2003,3,EQTOT,9160,9160.0,True
03Q3.csv,16185,2003,3,NAME,SAMSON BANKING CO INC,SAMSON BANKING CO INC,True
03Q3.csv,1092,2003,3,COREDEP,42241,42241.0,True
03Q3.csv,3658,2003,3,NETINC,672,672.0,True
03Q3.csv,17589,2003,3,RBC1AAJ,16.736063638058543,16.736063638058543,True
03Q3.csv,35407,2003,3,ELNANTR,2000,2000.0,True
03Q3.csv,30559,2003,3,STCNTY,Broward,Broward,True
03Q3.csv,1041,2003,3,EINTEXP,812,812.0,True
03Q3.csv,26283,2003,3,LSAOA,,,True
03Q3.csv,32209,2003,3,INTINCY,7.963792502382224,7.963792502382224,True
03Q3.csv,27544,2003,3,P9LTOT,,,True
03Q3.csv,15503,2003,3,LNNDEPC,,,True
03Q3.csv,3363,2003,3,P3LTOT,,,True
03Q3.csv,28585,2003,3,EQCDIV,0,0.0,True
03Q3.csv,34190,2003,3,INTINC,3020,3020.0,True
03Q3.csv,19042,2003,3,NTCOMRER,0,0.0,True
03Q3.csv,24998,2003,3,AOA,195690,195690,True
03Q3.csv,3603,2003,3,NONII,21006,21006.0,True
03Q3.csv,35352,2003,3,IDT1CER,0,0.0,True
03Q3.csv,12736,2003,3,ELNANTR,247.45762711864407,247.45762711864407,True
03Q3.csv,90208,2003,3,INTINC,13745,13745.0,True
03Q3.csv,5223,2003,3,STMULT,0,0,True
03Q3.csv,29501,2003,3,FEDDESC,CHICAGO,CHICAGO,True
03Q4.csv,57162,2003,4,NIMY,4.032432484391746,4.032432484391746,True
03Q4.csv,27232,2003,4,ERNASTR,93.38,93.38,True
03Q4.csv,14463,2003,4,FEDDESC,KANSAS CITY,KANSAS CITY,True
03Q4.csv,5405,2003,4,ASDRRES,0,0.0,True
03Q4.csv,29206,2003,4,TRUST,0,0,True
03Q4.csv,34072,2003,4,FLDOFF,PHOENIX,PHOENIX,True
03Q4.csv,57131,2003,4,TRADE,0,0.0,True
03Q4.csv,8663,2003,4,ACTIVE,1,1,True
03Q4.csv,23158,2003,4,NOIJY,0.6202480131167556,0.6202480131167556,True
03Q4.csv,2558,2003,4,NFAA,354902,354902,True
03Q4.csv,35577,2003,4,UC,8348,8348.0,True
03Q4.csv,3100,2003,4,ROEINJR,1.4696920815858336,1.4696920815858336,True
03Q4.csv,30903,2003,4,SZLNCI,0,0.0,True
03Q4.csv,30617,2003,4,FDICDBSDESC,NEW YORK,NEW YORK,True
03Q4.csv,16177,2003,4,STCNTY,Guthrie,Guthrie,True
03Q4.csv,33792,2003,4,DEPDASTR,68.55,68.55,True
03Q4.csv,1982,2003,4,RBCRWAJ,26.65435225563194,26.65435225563194,True
03Q4.csv,34524,2003,4,NTLNLS,672,672.0,True
03Q4.csv,12855,2003,4,PTAXNETINC,1429,1429,True
03Q4.csv,29566,2003,4,CBLRIND,,,True
03Q4.csv,4235,2003,4,NOIJY,0.7881188003742292,0.7881188003742292,True
03Q4.csv,34716,2003,4,REPDTE,20031231,20031231,True
03Q4.csv,5226,2003,4,NAASSET,28,28,True
03Q4.csv,35213,2003,4,ASTEMPM,2.2827241379310346,2.2827241379310346,True
03Q4.csv,10626,2003,4,IDNCOTHR,0,0.0,True
03Q4.csv,18694,2003,4,NONII,41877,41877.0,True
03Q4.csv,27034,2003,4,EQV,7.080127050656538,7.080127050656538,True
03Q4.csv,23675,2003,4,TFRA,0,0,True
03Q4.csv,19581,2003,4,NCRECONR,0,0.0,True
03Q4.csv,35602,2003,4,ELNATR,0,0.0,True
03Q4.csv,22273,2003,4,INTINC,6565,6565.0,True
03Q4.csv,17909,2003,4,SZLNCON,0,0.0,True
03Q4.csv,2575,2003,4,EQ,8420,8420.0,True
03Q4.csv,8904,2003,4,EFFDATE,20030122,20030122,True
03Q4.csv,16152,2003,4,NUMEMP,48,48.0,True
03Q4.csv,35364,2003,4,NOIJ,1959,1959.0,True
03Q4.csv,18150,2003,4,ERNASTR,94.16,94.16,True
03Q4.csv,1713,2003,4,LNATRESR,1.570660741078381,1.570660741078381,True
03Q4.csv,7899,2003,4,AOAR,1.337160936626345,1.337160936626345,True
03Q4.csv,21104,2003,4,ID,21104_20031231,21104_20031231,True
03Q4.csv,4791,2003,4,NCREMULR,0,0.0,True
03Q4.csv,35241,2003,4,ASDRRES,0,0.0,True
03Q4.csv,7604,2003,4,SZLNCON,0,0.0,True
03Q4.csv,29069,2003,4,IDLNCORR,148.91400336417158,148.91400336417158,True
03Q4.csv,29537,2003,4,FLDOFF,BILLINGS,BILLINGS,True
03Q4.csv,22371,2003,4,IDNTCIR,0,0.0,True
03Q4.csv,20776,2003,4,ELNANTR,310,310.0,True
03Q4.csv,16968,2003,4,NTCOMRER,0,0.0,True
03Q4.csv,7123,2003,4,FEDDESC,NEW YORK,NEW YORK,True
03Q4.csv,9978,2003,4,RSSDID,273662,273662,True
04Q1.csv,7946,2004,1,LNATRESR,1.550939810560217,1.550939810560217,True
04Q1.csv,30364,2004,1,LNNDEPD,,,True
04Q1.csv,3179,2004,1,NTRER,0,0.0,True
04Q1.csv,27314,2004,1,NUMEMP,140,140.0,True
04Q1.csv,16400,2004,1,NTLNLS,0,0.0,True
04Q1.csv,30750,2004,1,OCCDISTDESC,SOUTHERN DISTRICT,SOUTHERN DISTRICT,True
04Q1.csv,34116,2004,1,NAMEFULL,FIRST BANK OF DALTON,FIRST BANK OF DALTON,True
04Q1.csv,14084,2004,1,ELNATRY,0,0.0,True
04Q1.csv,9174,2004,1,SZLNCRCD,0,0.0,True
04Q1.csv,6186,2004,1,NPERFV,1.2223587223587224,1.2223587223587224,True
04Q1.csv,28312,2004,1,SZLAUTO,,,True
04Q1.csv,15484,2004,1,NAMEFULL,FIRST NATIONAL BANK MIDWEST,FIRST NATIONAL BANK MIDWEST,True
04Q1.csv,32092,2004,1,LNRESNCR,83.62168396770473,83.62168396770473,True
04Q1.csv,29035,2004,1,NIMY,3.5709641082893664,3.5709641082893664,True
04Q1.csv,90270,2004,1,EQTOT,31009,31009.0,True
04Q1.csv,33990,2004,1,SZLAUTO,0,0.0,True
04Q1.csv,35077,2004,1,REPDTE,20040331,20040331,True
04Q1.csv,34887,2004,1,DEPUNINS,13264,13264,True
04Q1.csv,34996,2004,1,SZLAUTO,0,0.0,True
04Q1.csv,90040,2004,1,BKPREM,6038,6038.0,True
04Q1.csv,13703,2004,1,PTAXNETINC,1365,1365,True
04Q1.csv,11241,2004,1,SZLNCON,0,0.0,True
04Q1.csv,21998,2004,1,ASTEMPM,2.84225,2.84225,True
04Q1.csv,33805,2004,1,NCCOMRER,0,0.0,True
04Q1.csv,6007,2004,1,NETINC,22,22.0,True
04Q1.csv,90303,2004,1,IDT1RWAJR,12.33834764117508,12.33834764117508,True
04Q1.csv,10814,2004,1,IDERNCVR,39.86486486486486,39.86486486486486,True
04Q1.csv,10174,2004,1,ROE,18,18.0,True
04Q1.csv,14392,2004,1,LNNDEPC,,,True
04Q1.csv,170,2004,1,PARCERT,0,0,True
04Q1.csv,14355,2004,1,AOAR,2.9217229943871317,2.9217229943871317,True
04Q1.csv,4801,2004,1,LNNDEPC,,,True
04Q1.csv,31972,2004,1,ORE,18,18.0,True
04Q1.csv,30414,2004,1,INSAGNT1,SAIF,SAIF,True
04Q1.csv,23799,2004,1,TFRA,0,0,True
04Q1.csv,32158,2004,1,INTAN,153440,153440.0,True
04Q1.csv,5523,2004,1,AOAR,0.48665388585754316,0.48665388585754316,True
04Q1.csv,9486,2004,1,NAASSET,0,0,True
04Q1.csv,34589,2004,1,IGLSEC,91,91.0,True
04Q1.csv,35431,2004,1,SZLNOTH,0,0.0,True
04Q1.csv,9873,2004,1,NETINC,390,390.0,True
04Q1.csv,8824,2004,1,NONIX,762,762.0,True
04Q1.csv,4048,2004,1,ELNANTR,636.986301369863,636.986301369863,True
04Q1.csv,28614,2004,1,NOIJY,0.5197444760660063,0.5197444760660063,True
04Q1.csv,26299,2004,1,LIAB,304969,304969.0,True
04Q1.csv,6183,2004,1,SPECGRPDESC,AGRICULTURAL SPECIALIZATION,AGRICULTURAL SPECIALIZATION,True
04Q1.csv,22838,2004,1,ROA,1.0673962793132858,1.0673962793132858,True
04Q1.csv,29708,2004,1,ROAPTX,3.5389548427595585,3.5389548427595585,True
04Q1.csv,10650,2004,1,NTCOMRER,0,0.0,True
04Q1.csv,1713,2004,1,EQCDIVNTINC,18.352059925093634,18.352059925093634,True
04Q2.csv,28653,2004,2,ROAPTX,2.3811118731292895,2.3811118731292895,True
04Q2.csv,22121,2004,2,NTRER,0,0.0,True
04Q2.csv,15855,2004,2,TFRA,0,0,True
04Q2.csv,57372,2004,2,EXTRA,0,0.0,True
04Q2.csv,12082,2004,2,NCRENRER,4.593266511124725,4.593266511124725,True
04Q2.csv,15354,2004,2,ACTIVE,1,1,True
04Q2.csv,34284,2004,2,EQCSTKRX,0,0.0,True
04Q2.csv,10821,2004,2,LNATRESR,1.3615954283048575,1.3615954283048575,True
04Q2.csv,57722,2004,2,DEPCSBQ,4975.759300000001,4975.759300000001,True
04Q2.csv,13368,2004,2,DEPINS,42430,42430.0,True
04Q2.csv,28841,2004,2,IBEFXTR,469,469.0,True
04Q2.csv,20369,2004,2,INSAGNT1,BIF,BIF,True
04Q2.csv,30449,2004,2,NETINC,6637,6637.0,True
04Q2.csv,34627,2004,2,HCTMULT,,,True
04Q2.csv,5287,2004,2,OFFDOM,16,16.0,True
04Q2.csv,28694,2004,2,DEPBEFEX,,,True
04Q2.csv,15098,2004,2,DEPUNINS,3158,3158,True
04Q2.csv,12231,2004,2,NCRERESR,0,0.0,True
04Q2.csv,30001,2004,2,ASTEMPM,3.0428709677419357,3.0428709677419357,True
04Q2.csv,13853,2004,2,DEPNIDOM,15801,15801.0,True
04Q2.csv,5529,2004,2,ELNATRY,0.11,0.11,True
04Q2.csv,24080,2004,2,ASDROTH,0,0.0,True
04Q2.csv,45826,2004,2,RSSDID,543570,543570,True
04Q2.csv,23537,2004,2,DEPALLEX,,,True
04Q2.csv,11294,2004,2,NTRERESR,0,0.0,True
04Q2.csv,4009,2004,2,NCRECONR,0,0.0,True
04Q2.csv,9636,2004,2,INTEXPY,1.4241356660894489,1.4241356660894489,True
04Q2.csv,20594,2004,2,LSAOA,,,True
04Q2.csv,9811,2004,2,LNNDEPC,,,True
04Q2.csv,29472,2004,2,LSALNLS,,,True
04Q2.csv,13407,2004,2,EFFDATE,19990721,19990721,True
04Q2.csv,4421,2004,2,NIMY,3.1058292510366194,3.1058292510366194,True
04Q2.csv,25161,2004,2,QBPRCOMLDESC,DALLAS,DALLAS,True
04Q2.csv,30402,2004,2,NCRENRER,0,0.0,True
04Q2.csv,34747,2004,2,BKPREM,1328,1328.0,True
04Q2.csv,5105,2004,2,NALTOT,,,True
04Q2.csv,32351,2004,2,TRADE,0,0.0,True
04Q2.csv,3133,2004,2,DEPBEFEX,,,True
04Q2.csv,35357,2004,2,NONIX,1797,1797.0,True
04Q2.csv,19590,2004,2,NCRER,0.7870665815783875,0.7870665815783875,True
04Q2.csv,5438,2004,2,MUTUAL,0,0,True
04Q2.csv,30680,2004,2,IDNTCIR,0,0.0,True
04Q2.csv,32441,2004,2,REPDTE,20040630,20040630,True
04Q2.csv,22893,2004,2,EQTOT,6783,6783.0,True
04Q2.csv,15853,2004,2,NCRENRER,3.361344537815126,3.361344537815126,True
04Q2.csv,22486,2004,2,SZLNCRCD,0,0.0,True
04Q2.csv,29922,2004,2,ENDEFYMD,99991231,99991231.0,True
04Q2.csv,3268,2004,2,SZLNHEL,0,0.0,True
04Q2.csv,306,2004,2,LSAORE,,,True
04Q2.csv,20761,2004,2,ACTIVE,1,1,True
04Q3.csv,1952,2004,3,DEPDOM,76698,76698.0,True
04Q3.csv,24029,2004,3,SZLNCRCD,0,0.0,True
04Q3.csv,21672,2004,3,NTCOMRER,0,0.0,True
04Q3.csv,57164,2004,3,NTRENRSR,0,0.0,True
04Q3.csv,57796,2004,3,SZLNHEL,0,0.0,True
04Q3.csv,14772,2004,3,NUMEMP,23,23.0,True
04Q3.csv,18265,2004,3,RBCRWAJ,13.858076280200576,13.858076280200576,True
04Q3.csv,13249,2004,3,ERNASTR,92.62,92.62,True
04Q3.csv,1675,2004,3,IGLSEC,55,55.0,True
04Q3.csv,3130,2004,3,ITAX,0,0.0,True
04Q3.csv,3293,2004,3,ROAPTX,2.0208512854955694,2.0208512854955694,True
04Q3.csv,35597,2004,3,ELNANTR,358.06451612903226,358.06451612903226,True
04Q3.csv,14980,2004,3,NAME,CLARKE COUNTY STATE BANK,CLARKE COUNTY STATE BANK,True
04Q3.csv,3058,2004,3,FREPO,8100,8100.0,True
04Q3.csv,10072,2004,3,CBLRIND,,,True
04Q3.csv,35093,2004,3,SZLNRES,0,0.0,True
04Q3.csv,29546,2004,3,ASDRRES,0,0.0,True
04Q3.csv,12696,2004,3,CBSA,"SEARCY, AR","SEARCY, AR",True
04Q3.csv,12432,2004,3,CITY,BAXTER SPRINGS,BAXTER SPRINGS,True
04Q3.csv,57801,2004,3,DEPNIDOM,1803,1803.0,True
04Q3.csv,15113,2004,3,INTINC,2242,2242.0,True
04Q3.csv,4606,2004,3,CHBAL,3298,3298.0,True
04Q3.csv,26627,2004,3,DEPFOR,,,True
04Q3.csv,9015,2004,3,EFFDATE,20020510,20020510,True
04Q3.csv,24229,2004,3,NTLNLSR,0.09653212998798878,0.09653212998798878,True
04Q3.csv,31372,2004,3,SUBCHAPS,0,0,True
04Q3.csv,20068,2004,3,FLDOFF,DENVER,DENVER,True
04Q3.csv,14134,2004,3,CITY,SAINT JOHNSBURY,SAINT JOHNSBURY,True
04Q3.csv,22660,2004,3,EQ,7562,7562.0,True
04Q3.csv,15690,2004,3,ASSET,183277,183277,True
04Q3.csv,22482,2004,3,FDICSUPVDESC, DALLAS, DALLAS,True
04Q3.csv,7502,2004,3,ROE,6.84,6.84,True
04Q3.csv,29962,2004,3,MSA_NAME,,,True
04Q3.csv,5343,2004,3,NFAA,0,0,True
04Q3.csv,10380,2004,3,NPERFV,0.5536307138398632,0.5536307138398632,True
04Q3.csv,34309,2004,3,NONIXAY,3.6548084412756485,3.6548084412756485,True
04Q3.csv,18454,2004,3,NTLNLSR,0.012000495032795922,0.012000495032795922,True
04Q3.csv,21837,2004,3,EXTRA,0,0.0,True
04Q3.csv,27232,2004,3,TRUST,0,0,True
04Q3.csv,31121,2004,3,IDNCCONR,0.16926201760324985,0.16926201760324985,True
04Q3.csv,3029,2004,3,ZIP,80821,80821,True
04Q3.csv,13150,2004,3,RSSDHCR,1134694,1134694.0,True
04Q3.csv,28997,2004,3,OBSDIR,0,0.0,True
04Q3.csv,17009,2004,3,ASSET,128738,128738,True
04Q3.csv,16168,2004,3,ORE,429,429.0,True
04Q3.csv,35195,2004,3,NETINC,289,289.0,True
04Q3.csv,57357,2004,3,ID,57357_20040930,57357_20040930,True
04Q3.csv,35030,2004,3,NAMEFULL,PLATINUM COMMUNITY BANK,PLATINUM COMMUNITY BANK,True
04Q3.csv,1785,2004,3,SZLAUTO,0,0.0,True
04Q3.csv,22040,2004,3,COREDEP,63038,63038.0,True
04Q4.csv,3673,2004,4,RISDATE,20041231,20041231,True
04Q4.csv,16191,2004,4,ASSET,985229,985229,True
04Q4.csv,19819,2004,4,LNNDEPC,,,True
04Q4.csv,4819,2004,4,ESTYMD,19090309,19090309,True
04Q4.csv,57465,2004,4,ASDRRES,0,0.0,True
04Q4.csv,10960,2004,4,ENDEFYMD,99991231,99991231.0,True
04Q4.csv,22407,2004,4,TRUST,1,1,True
04Q4.csv,19181,2004,4,QBPRCOMLDESC,DALLAS,DALLAS,True
04Q4.csv,27269,2004,4,IBEFXTR,1184,1184.0,True
04Q4.csv,15134,2004,4,OCCDISTDESC,null,,True
04Q4.csv,34351,2004,4,SUBCHAPS,0,0,True
04Q4.csv,3210,2004,4,DEP,812112,812112.0,True
04Q4.csv,25330,2004,4,P9LTOT,,,True
04Q4.csv,29661,2004,4,ROEINJR,6.8657984144960365,6.8657984144960365,True
04Q4.csv,30836,2004,4,NFAA,0,0,True
04Q4.csv,57485,2004,4,FLDOFF,NEW YORK CITY,NEW YORK CITY,True
04Q4.csv,35280,2004,4,FEDDESC,NEW YORK,NEW YORK,True
04Q4.csv,8847,2004,4,NAMEHCR,SOUTH CNTL FINL SERVICES INC,SOUTH CNTL FINL SERVICES INC,True
04Q4.csv,13585,2004,4,IDT1RWAJR,9.58812813791265,9.58812813791265,True
04Q4.csv,8439,2004,4,DEPCSBQ,77850.9814,77850.9814,True
04Q4.csv,3723,2004,4,CBSA,"CHAMPAIGN-URBANA, IL","CHAMPAIGN-URBANA, IL",True
04Q4.csv,29858,2004,4,IDNTCIR,0,0.0,True
04Q4.csv,35335,2004,4,SUBCHAPS,0,0,True
04Q4.csv,16075,2004,4,DEPDOM,142302,142302.0,True
04Q4.csv,35013,2004,4,LSASCDBT,,,True
04Q4.csv,1419,2004,4,LSASCDBT,,,True
04Q4.csv,29980,2004,4,NALTOT,,,True
04Q4.csv,1678,2004,4,IDNCGTPR,0,0.0,True
04Q4.csv,24247,2004,4,NTCOMRER,0,0.0,True
04Q4.csv,57661,2004,4,ROEINJR,-3.1307359820001186,-3.1307359820001186,True
04Q4.csv,14352,2004,4,ELNATR,0,0.0,True
04Q4.csv,28667,2004,4,QBPRCOMLDESC,CHICAGO,CHICAGO,True
04Q4.csv,30898,2004,4,DEPUNINS,74038,74038,True
04Q4.csv,17999,2004,4,NIM,456,456.0,True
04Q4.csv,15164,2004,4,DEPDASTR,80.07,80.07,True
04Q4.csv,5401,2004,4,IDNTCIR,0,0.0,True
04Q4.csv,27849,2004,4,ASSET,149484,149484,True
04Q4.csv,35162,2004,4,SUBCHAPS,0,0,True
04Q4.csv,13697,2004,4,NAMEFULL,THE OLPE STATE BANK,THE OLPE STATE BANK,True
04Q4.csv,13662,2004,4,IBEFXTR,1121,1121.0,True
04Q4.csv,5999,2004,4,NCRERESR,0,0.0,True
04Q4.csv,11747,2004,4,PARCERT,0,0,True
04Q4.csv,23546,2004,4,NOIJ,5405,5405.0,True
04Q4.csv,31539,2004,4,NTRERESR,0.013799516380025943,0.013799516380025943,True
04Q4.csv,35517,2004,4,NCRENRER,0,0.0,True
04Q4.csv,33222,2004,4,SZLNRES,0,0.0,True
04Q4.csv,17759,2004,4,HCTMULT,,,True
04Q4.csv,713,2004,4,DEPCSBQ,392641.23789999995,392641.23789999995,True
04Q4.csv,6787,2004,4,NCRECONR,0,0.0,True
04Q4.csv,19349,2004,4,TRADE,0,0.0,True
05Q1.csv,17797,2005,1,NTCOMRER,0,0.0,True
05Q1.csv,32574,2005,1,DEPNIDOM,49374,49374.0,True
05Q1.csv,9322,2005,1,ELNANTR,78.94736842105263,78.94736842105263,True
05Q1.csv,3389,2005,1,EQCDIV,0,0.0,True
05Q1.csv,27034,2005,1,RSSDHCR,2500027,2500027.0,True
05Q1.csv,27898,2005,1,IDNCCONR,2.2091310751104567,2.2091310751104567,True
05Q1.csv,4803,2005,1,ROE,12.75,12.75,True
05Q1.csv,20825,2005,1,EQTOT,11872,11872.0,True
05Q1.csv,16968,2005,1,NCRER,0.7571594309092019,0.7571594309092019,True
05Q1.csv,28213,2005,1,FREPO,7210,7210.0,True
05Q1.csv,2992,2005,1,SZLAUTO,0,0.0,True
05Q1.csv,5318,2005,1,MSA_NAME,,,True
05Q1.csv,3688,2005,1,SZLNHEL,0,0.0,True
05Q1.csv,57475,2005,1,NCRENRER,0,0.0,True
05Q1.csv,27207,2005,1,AOAR,4.292008508052264,4.292008508052264,True
05Q1.csv,5357,2005,1,BKPREM,7188,7188.0,True
05Q1.csv,172,2005,1,STALP,GA,GA,True
05Q1.csv,33704,2005,1,EQ,29901,29901.0,True
05Q1.csv,16911,2005,1,CBSA,"BRUNSWICK-ST. SIMONS, GA","BRUNSWICK-ST. SIMONS, GA",True
05Q1.csv,256,2005,1,PTAXNETINC,99,99,True
05Q1.csv,26453,2005,1,NCRER,0,0.0,True
05Q1.csv,28614,2005,1,RBC1AAJ,10.172723122817075,10.172723122817075,True
05Q1.csv,14883,2005,1,SZLNCI,0,0.0,True
05Q1.csv,10965,2005,1,NTREMULR,0,0.0,True
05Q1.csv,5313,2005,1,DEPIDOM,45922,45922.0,True
05Q1.csv,13813,2005,1,INTINCY,4.677167589044984,4.677167589044984,True
05Q1.csv,30365,2005,1,TRADE,0,0.0,True
05Q1.csv,34762,2005,1,OCCDISTDESC,null,,True
05Q1.csv,8186,2005,1,REGAGNT,OCC,OCC,True
05Q1.csv,14359,2005,1,RSSDID,732918,732918,True
05Q1.csv,16179,2005,1,SZLNRES,0,0.0,True
05Q1.csv,18704,2005,1,RBCRWAJ,12.435592786993729,12.435592786993729,True
05Q1.csv,14479,2005,1,IDNCCONR,1.0833725859632595,1.0833725859632595,True
05Q1.csv,23137,2005,1,NCLNLSR,1.4517850788755782,1.4517850788755782,True
05Q1.csv,26190,2005,1,NAMEHCR,FORSTROM BCORP INC,FORSTROM BCORP INC,True
05Q1.csv,310,2005,1,ERNASTR,92.8,92.8,True
05Q1.csv,421,2005,1,ASDRRES,0,0.0,True
05Q1.csv,27437,2005,1,ORE,0,0.0,True
05Q1.csv,32660,2005,1,NAASSET,0,0,True
05Q1.csv,57186,2005,1,ELNATRY,0.46,0.46,True
05Q1.csv,18558,2005,1,LNRESNCR,0,0.0,True
05Q1.csv,14689,2005,1,INSAGNT1,BIF,BIF,True
05Q1.csv,6616,2005,1,CBSA,"CHILLICOTHE, OH","CHILLICOTHE, OH",True
05Q1.csv,34140,2005,1,FLDOFF,COLUMBIA SC,COLUMBIA SC,True
05Q1.csv,4160,2005,1,DEPDASTR,70.4,70.4,True
05Q1.csv,8698,2005,1,OBSDIR,0,0.0,True
05Q1.csv,16701,2005,1,PTAXNETINC,8304,8304,True
05Q1.csv,19234,2005,1,NIM,879,879.0,True
05Q1.csv,20198,2005,1,DEPDOM,162585,162585.0,True
05Q1.csv,9168,2005,1,LNLSNTV,72.53,72.53,True
05Q2.csv,19742,2005,2,RBC1AAJ,8.33771248084699,8.33771248084699,True
05Q2.csv,1884,2005,2,EEFFR,64.0382626680455,64.0382626680455,True
05Q2.csv,28969,2005,2,ID,28969_20050630,28969_20050630,True
05Q2.csv,12717,2005,2,STCNTY,Linn,Linn,True
05Q2.csv,9015,2005,2,FDICSUPVDESC, DALLAS, DALLAS,True
05Q2.csv,35029,2005,2,IDT1RWAJR,11.350853635142911,11.350853635142911,True
05Q2.csv,10531,2005,2,NCRER,3.7970035252643948,3.7970035252643948,True
05Q2.csv,21874,2005,2,DEPUNINS,6151,6151,True
05Q2.csv,11113,2005,2,IDT1RWAJR,27.921128231914338,27.921128231914338,True
05Q2.csv,11584,2005,2,INTINCY,6.504005672701278,6.504005672701278,True
05Q2.csv,19796,2005,2,ITAX,32,32.0,True
05Q2.csv,12787,2005,2,NONII,84,84.0,True
05Q2.csv,18109,2005,2,LNNDEPD,,,True
05Q2.csv,26634,2005,2,LIAB,152125,152125.0,True
05Q2.csv,18378,2005,2,UC,6300,6300.0,True
05Q2.csv,27507,2005,2,LSALNLS,,,True
05Q2.csv,33616,2005,2,LNLSDEPR,82.23575265559998,82.23575265559998,True
05Q2.csv,5193,2005,2,BKPREM,3151,3151.0,True
05Q2.csv,4122,2005,2,NETINC,275,275.0,True
05Q2.csv,15930,2005,2,SZLNCON,0,0.0,True
05Q2.csv,28417,2005,2,OFFDOM,1,1.0,True
05Q2.csv,34085,2005,2,NCRENRER,0.01579728918517582,0.01579728918517582,True
05Q2.csv,16107,2005,2,ASDRRES,0,0.0,True
05Q2.csv,34071,2005,2,REGAGNT,FED,FED,True
05Q2.csv,6732,2005,2,ELNATR,18,18.0,True
05Q2.csv,27909,2005,2,SC,68128,68128.0,True
05Q2.csv,27232,2005,2,P3LTOT,,,True
05Q2.csv,33114,2005,2,LNLSDEPR,125.8428161225141,125.8428161225141,True
05Q2.csv,236,2005,2,INTAN,0,0.0,True
05Q2.csv,27397,2005,2,ORE,45,45.0,True
05Q2.csv,18609,2005,2,DEPNIDOM,65469,65469.0,True
05Q2.csv,34108,2005,2,LSASCDBT,,,True
05Q2.csv,34098,2005,2,RSSDID,2371508,2371508,True
05Q2.csv,12874,2005,2,STCNTY,Penobscot,Penobscot,True
05Q2.csv,20156,2005,2,ACTIVE,1,1,True
05Q2.csv,2477,2005,2,NALTOT,,,True
05Q2.csv,3787,2005,2,DEPUNINS,21598,21598,True
05Q2.csv,3377,2005,2,CBLRIND,,,True
05Q2.csv,24998,2005,2,NCRERESR,0.2035593749021868,0.2035593749021868,True
05Q2.csv,22242,2005,2,FDICSUPVDESC,KANSAS CITY,KANSAS CITY,True
05Q2.csv,35403,2005,2,INSAGNT1,BIF,BIF,True
05Q2.csv,342,2005,2,ENDEFYMD,99991231,99991231.0,True
05Q2.csv,34190,2005,2,SZLAUTO,0,0.0,True
05Q2.csv,34192,2005,2,ASTEMPM,3.4200606060606065,3.4200606060606065,True
05Q2.csv,5372,2005,2,EQCDIV,200,200.0,True
05Q2.csv,6798,2005,2,OFFOA,0,0.0,True
05Q2.csv,33792,2005,2,SZLNOTH,0,0.0,True
05Q2.csv,33535,2005,2,ASTEMPM,1.728332560834299,1.728332560834299,True
05Q2.csv,33701,2005,2,SZLNHEL,0,0.0,True
05Q2.csv,12885,2005,2,BKPREM,3812,3812.0,True
05Q3.csv,18033,2005,3,DEPIDOM,33858,33858.0,True
05Q3.csv,19048,2005,3,P9LTOT,,,True
05Q3.csv,1086,2005,3,ITAX,1273,1273.0,True
05Q3.csv,30704,2005,3,EFFDATE,20050919,20050919,True
05Q3.csv,5190,2005,3,ERNASTR,92.34,92.34,True
05Q3.csv,12315,2005,3,NIM,1589,1589.0,True
05Q3.csv,11636,2005,3,RISDATE,20050930,20050930,True
05Q3.csv,34857,2005,3,EQ,3436,3436.0,True
05Q3.csv,57265,2005,3,ASTEMPM,2.206954954954955,2.206954954954955,True
05Q3.csv,30470,2005,3,IDNCCIR,0,0.0,True
05Q3.csv,12923,2005,3,LSAOA,,,True
05Q3.csv,25726,2005,3,DEPBEFEX,,,True
05Q3.csv,26384,2005,3,TFRA,0,0,True
05Q3.csv,13083,2005,3,IDNCGTPR,0,0.0,True
05Q3.csv,9622,2005,3,FEDDESC,ATLANTA,ATLANTA,True
05Q3.csv,4774,2005,3,FLDOFF,HAYS,HAYS,True
05Q3.csv,16265,2005,3,ROEINJR,11.801652033685718,11.801652033685718,True
05Q3.csv,22393,2005,3,REPDTE,20050930,20050930,True
05Q3.csv,28923,2005,3,ROA,1.8794436383698008,1.8794436383698008,True
05Q3.csv,8058,2005,3,TRUST,1,1,True
05Q3.csv,25719,2005,3,SZLNHEL,0,0.0,True
05Q3.csv,34897,2005,3,IDNCCONR,0.14201183431952663,0.14201183431952663,True
05Q3.csv,30950,2005,3,RSSDID,713074,713074,True
05Q3.csv,34897,2005,3,LNNDEPC,,,True
05Q3.csv,32612,2005,3,EQCDIV,0,0.0,True
05Q3.csv,17522,2005,3,NONIXAY,7.345602196097153,7.345602196097153,True
05Q3.csv,90147,2005,3,SUBCHAPS,0,0,True
05Q3.csv,27626,2005,3,LSALNLS,,,True
05Q3.csv,16396,2005,3,IGLSEC,0,0.0,True
05Q3.csv,29132,2005,3,QBPRCOMLDESC,NEW YORK,NEW YORK,True
05Q3.csv,57223,2005,3,LSALNLS,,,True
05Q3.csv,12433,2005,3,COREDEP,244590,244590.0,True
05Q3.csv,342,2005,3,NOIJ,1802.7,1802.7,True
05Q3.csv,5377,2005,3,ELNATRY,0.24,0.24,True
05Q3.csv,29282,2005,3,COREDEP,104604,104604.0,True
05Q3.csv,15503,2005,3,IDNTCONR,-0.241251799152856,-0.241251799152856,True
05Q3.csv,1141,2005,3,NONII,523,523.0,True
05Q3.csv,17809,2005,3,IBEFXTR,4051,4051.0,True
05Q3.csv,35277,2005,3,CBSA,"LYNCHBURG, VA","LYNCHBURG, VA",True
05Q3.csv,27789,2005,3,NCRER,1.038533427407875,1.038533427407875,True
05Q3.csv,57175,2005,3,SPECGRPDESC,COMMERCIAL LENDING SPECIALIZATION,COMMERCIAL LENDING SPECIALIZATION,True
05Q3.csv,27410,2005,3,SZLNOTH,0,0.0,True
05Q3.csv,2241,2005,3,NAMEHCR,CARLSBAD BCORP INC,CARLSBAD BCORP INC,True
05Q3.csv,1906,2005,3,INSAGNT1,BIF,BIF,True
05Q3.csv,32436,2005,3,STCNTY,Delta,Delta,True
05Q3.csv,35524,2005,3,SZLAUTO,0,0.0,True
05Q3.csv,18979,2005,3,NTRERESR,0.07361956140547235,0.07361956140547235,True
05Q3.csv,8097,2005,3,NPERFV,0,0.0,True
05Q3.csv,34351,2005,3,LNLSNET,5872877,5872877.0,True
05Q3.csv,8870,2005,3,CHBAL,20808,20808.0,True
05Q4.csv,32498,2005,4,SC,315770,315770.0,True
05Q4.csv,16240,2005,4,DEPNIDOM,23437,23437.0,True
05Q4.csv,32188,2005,4,SC,166597,166597.0,True
05Q4.csv,27322,2005,4,DEPIDOM,766209,766209.0,True
05Q4.csv,6085,2005,4,EQV,15.892357310058273,15.892357310058273,True
05Q4.csv,28222,2005,4,EQCSTKRX,0,0.0,True
05Q4.csv,13255,2005,4,IDERNCVR,147.5,147.5,True
05Q4.csv,57969,2005,4,OBSDIR,0,0.0,True
05Q4.csv,33482,2005,4,LSALNLS,,,True
05Q4.csv,27547,2005,4,CBLRIND,,,True
05Q4.csv,28088,2005,4,ROAPTX,2.797910383418931,2.797910383418931,True
05Q4.csv,3029,2005,4,DEPDOM,49684,49684.0,True
05Q4.csv,33954,2005,4,DEPFOR,2413010,2413010.0,True
05Q4.csv,8583,2005,4,NCRER,0.3588777634579161,0.3588777634579161,True
05Q4.csv,30330,2005,4,NTREMULR,0,0.0,True
05Q4.csv,22273,2005,4,CITY,WILLIAMSON,WILLIAMSON,True
05Q4.csv,58048,2005,4,INTINCY,0.9836931405558855,0.9836931405558855,True
05Q4.csv,953,2005,4,INTINC,87242,87242.0,True
05Q4.csv,26687,2005,4,ZIP,32578,32578,True
05Q4.csv,16276,2005,4,PARCERT,0,0,True
05Q4.csv,20488,2005,4,SC,96544,96544.0,True
05Q4.csv,11286,2005,4,STCNTY,Jefferson,Jefferson,True
05Q4.csv,27421,2005,4,REPDTE,20051231,20051231,True
05Q4.csv,6195,2005,4,TRUST,0,0,True
05Q4.csv,5065,2005,4,IDNCCIR,0.2546329042297355,0.2546329042297355,True
05Q4.csv,1622,2005,4,AOAR,1.6794680729106959,1.6794680729106959,True
05Q4.csv,3389,2005,4,SPECGRPDESC,COMMERCIAL LENDING SPECIALIZATION,COMMERCIAL LENDING SPECIALIZATION,True
05Q4.csv,520,2005,4,ROE,40.19,40.19,True
05Q4.csv,12696,2005,4,SPECGRPDESC,COMMERCIAL LENDING SPECIALIZATION,COMMERCIAL LENDING SPECIALIZATION,True
05Q4.csv,5803,2005,4,EQV,7.876724349749026,7.876724349749026,True
05Q4.csv,27465,2005,4,FEDDESC,ST. LOUIS,ST. LOUIS,True
05Q4.csv,57285,2005,4,STCNTY,Harris,Harris,True
05Q4.csv,58009,2005,4,NCREMULR,0,0.0,True
05Q4.csv,11983,2005,4,NALTOT,,,True
05Q4.csv,35030,2005,4,RBC1AAJ,8.251756651252178,8.251756651252178,True
05Q4.csv,57271,2005,4,FREPO,26459,26459.0,True
05Q4.csv,22366,2005,4,MUTUAL,0,0,True
05Q4.csv,3671,2005,4,OFFOA,0,0.0,True
05Q4.csv,1964,2005,4,P3LTOT,,,True
05Q4.csv,22939,2005,4,IBEFXTR,1209,1209.0,True
05Q4.csv,23298,2005,4,NETINC,4506,4506.0,True
05Q4.csv,18812,2005,4,IDNTCIR,2.3882240136368478,2.3882240136368478,True
05Q4.csv,22034,2005,4,OFFDOM,3,3.0,True
05Q4.csv,25267,2005,4,IDLNCORR,108.00284517505729,108.00284517505729,True
05Q4.csv,13580,2005,4,OFFDOM,1,1.0,True
05Q4.csv,34468,2005,4,SC,23956,23956.0,True
05Q4.csv,29332,2005,4,DEPINS,81014,81014.0,True
05Q4.csv,14498,2005,4,IGLSEC,2,2.0,True
05Q4.csv,29178,2005,4,ASTEMPM,4.09875,4.09875,True
05Q4.csv,26912,2005,4,OFFOA,0,0.0,True
06Q1.csv,57436,2006,1,EQTOT,9240,9240.0,True
06Q1.csv,15336,2006,1,FLDOFF,SAVANNAH,SAVANNAH,True
06Q1.csv,10925,2006,1,SZLAUTO,0,0.0,True
06Q1.csv,16470,2006,1,LSAOA,,,True
06Q1.csv,24443,2006,1,EQV,8.68161834270132,8.68161834270132,True
06Q1.csv,57880,2006,1,DEPDOM,22864,22864.0,True
06Q1.csv,57590,2006,1,NCRECONR,0,0.0,True
06Q1.csv,26948,2006,1,AOAR,2.185912817860383,2.185912817860383,True
06Q1.csv,57971,2006,1,DEPDASTR,59.19,59.19,True
06Q1.csv,8604,2006,1,NTALLOTHR,-0.05108230636613244,-0.05108230636613244,True
06Q1.csv,845,2006,1,IBEFXTR,537,537.0,True
06Q1.csv,27601,2006,1,LNNDEPC,,,True
06Q1.csv,57507,2006,1,ASDRRES,0,0.0,True
06Q1.csv,363,2006,1,IDNCGTPR,0,0.0,True
06Q1.csv,35143,2006,1,STMULT,0,0,True
06Q1.csv,30041,2006,1,FDICSUPVDESC,NEW YORK,NEW YORK,True
06Q1.csv,30119,2006,1,EINTEXP,646,646.0,True
06Q1.csv,11507,2006,1,NTRECOSR,0,0.0,True
06Q1.csv,34113,2006,1,OCCDISTDESC,null,,True
06Q1.csv,27477,2006,1,SPECGRPDESC,COMMERCIAL LENDING SPECIALIZATION,COMMERCIAL LENDING SPECIALIZATION,True
06Q1.csv,34059,2006,1,FLDOFF,MEMPHIS,MEMPHIS,True
06Q1.csv,57653,2006,1,SZLNRES,0,0.0,True
06Q1.csv,18508,2006,1,ERNASTR,95.39,95.39,True
06Q1.csv,58167,2006,1,NTRER,0,0.0,True
06Q1.csv,12248,2006,1,LNLSDEPR,79.20334382978038,79.20334382978038,True
06Q1.csv,19980,2006,1,NAASSET,2402,2402,True
06Q1.csv,57067,2006,1,INTEXPY,1.8190635956717736,1.8190635956717736,True
06Q1.csv,2476,2006,1,TRADE,0,0.0,True
06Q1.csv,9764,2006,1,DEPDOM,13695,13695.0,True
06Q1.csv,2168,2006,1,LNNDEPC,,,True
06Q1.csv,28589,2006,1,EFFDATE,20060331,20060331,True
06Q1.csv,10174,2006,1,NTRECOSR,0,0.0,True
06Q1.csv,5580,2006,1,EQV,11.029923451635351,11.029923451635351,True
06Q1.csv,3405,2006,1,NTRERESR,0,0.0,True
06Q1.csv,29849,2006,1,CBSA,"JUNEAU, AK","JUNEAU, AK",True
06Q1.csv,10643,2006,1,NONIX,153,153.0,True
06Q1.csv,57417,2006,1,EQV,12.151496672355323,12.151496672355323,True
06Q1.csv,35154,2006,1,NOIJY,0.1325262822554954,0.1325262822554954,True
06Q1.csv,12424,2006,1,NUMEMP,15,15.0,True
06Q1.csv,11338,2006,1,IDNCOTHR,0,0.0,True
06Q1.csv,35101,2006,1,LNLSNTV,84.39,84.39,True
06Q1.csv,12135,2006,1,LNLSNTV,73.3,73.3,True
06Q1.csv,21962,2006,1,FEDDESC,DALLAS,DALLAS,True
06Q1.csv,34239,2006,1,IDNCCIR,0,0.0,True
06Q1.csv,34702,2006,1,TFRA,0,0,True
06Q1.csv,30776,2006,1,EEFFR,92.24380630630631,92.24380630630631,True
06Q1.csv,23309,2006,1,LNATRESR,1.0291067512181566,1.0291067512181566,True
06Q1.csv,11792,2006,1,NCRECONR,0,0.0,True
06Q1.csv,9257,2006,1,INTINC,482,482.0,True
06Q1.csv,17899,2006,1,NCRER,0,0.0,True
06Q2.csv,8942,2006,2,ERNASTR,95.57,95.57,True
06Q2.csv,20435,2006,2,FDICDBSDESC,CHICAGO,CHICAGO,True
06Q2.csv,17262,2006,2,FDICSUPVDESC,NEW YORK,NEW YORK,True
06Q2.csv,6830,2006,2,LNATRESR,1.2146782252440138,1.2146782252440138,True
06Q2.csv,9337,2006,2,EINTEXP,372,372.0,True
06Q2.csv,34860,2006,2,SC,0,0.0,True
06Q2.csv,17262,2006,2,OFFDOM,4,4.0,True
06Q2.csv,26508,2006,2,INSDATE,19860127,19860127,True
06Q2.csv,12922,2006,2,NTRENRSR,0,0.0,True
06Q2.csv,4650,2006,2,ROEINJR,4.62085308056872,4.62085308056872,True
06Q2.csv,10345,2006,2,DEPDOM,66533,66533.0,True
06Q2.csv,34125,2006,2,IDNCGTPR,0,0.0,True
06Q2.csv,35113,2006,2,IDNCCONR,0.15335743235841823,0.15335743235841823,True
06Q2.csv,18361,2006,2,ROEINJR,4.75072503797818,4.75072503797818,True
06Q2.csv,26522,2006,2,SZLAUTO,0,0.0,True
06Q2.csv,13195,2006,2,AOAR,2.0806006603645573,2.0806006603645573,True
06Q2.csv,35420,2006,2,CBSA,"BRANSON, MO","BRANSON, MO",True
06Q2.csv,18708,2006,2,NALTOT,,,True
06Q2.csv,26486,2006,2,ROA,0.5188579692377714,0.5188579692377714,True
06Q2.csv,19468,2006,2,NCRERESR,0.27692047520399105,0.27692047520399105,True
06Q2.csv,19758,2006,2,DEPINS,14723,14723.0,True
06Q2.csv,58083,2006,2,IDNCCIR,0,0.0,True
06Q2.csv,18705,2006,2,NALTOT,,,True
06Q2.csv,27847,2006,2,FDICDBSDESC,CHICAGO,CHICAGO,True
06Q2.csv,15460,2006,2,NFAA,0,0,True
06Q2.csv,10253,2006,2,DEPCSBQ,56560.7791,56560.7791,True
06Q2.csv,5249,2006,2,CALLFORM,41,41,True
06Q2.csv,15334,2006,2,FREPO,2517,2517.0,True
06Q2.csv,21928,2006,2,STCNTY,Burleigh,Burleigh,True
06Q2.csv,4086,2006,2,SZLNRES,0,0.0,True
06Q2.csv,57690,2006,2,INTAN,50,50.0,True
06Q2.csv,13080,2006,2,CB,1,1.0,True
06Q2.csv,57624,2006,2,LSAORE,,,True
06Q2.csv,33848,2006,2,RSSDID,2111508,2111508,True
06Q2.csv,4071,2006,2,CHBAL,2650,2650.0,True
06Q2.csv,15040,2006,2,ITAX,0,0.0,True
06Q2.csv,4766,2006,2,LNRESNCR,0,0.0,True
06Q2.csv,33902,2006,2,RSSDHCR,3019964,3019964.0,True
06Q2.csv,12393,2006,2,CITY,WAVERLY,WAVERLY,True
06Q2.csv,11647,2006,2,NCRENRER,0.03141196795979268,0.03141196795979268,True
06Q2.csv,32477,2006,2,DEPFOR,,,True
06Q2.csv,24498,2006,2,ROE,38.63,38.63,True
06Q2.csv,313,2006,2,NALTOT,,,True
06Q2.csv,2740,2006,2,ASDROTH,0,0.0,True
06Q2.csv,1014,2006,2,EQTOT,21326,21326.0,True
06Q2.csv,4756,2006,2,NTRECOSR,0,0.0,True
06Q2.csv,15697,2006,2,LNLSNTV,72.88,72.88,True
06Q2.csv,15148,2006,2,EQ,6487,6487.0,True
06Q2.csv,13058,2006,2,RBC1AAJ,10.178703021370671,10.178703021370671,True
06Q2.csv,57125,2006,2,IDERNCVR,0,0.0,True
06Q3.csv,11595,2006,3,BKPREM,6423,6423.0,True
06Q3.csv,35007,2006,3,NTLNLS,0,0.0,True
06Q3.csv,22070,2006,3,STNAME,TENNESSEE,TENNESSEE,True
06Q3.csv,57703,2006,3,EQV,14.03246985794437,14.03246985794437,True
06Q3.csv,57657,2006,3,CB,1,1.0,True
06Q3.csv,57293,2006,3,IDERNCVR,3.3624338624338623,3.3624338624338623,True
06Q3.csv,57334,2006,3,SZLNHEL,0,0.0,True
06Q3.csv,57067,2006,3,LNNDEPC,,,True
06Q3.csv,27328,2006,3,OFFOA,0,0.0,True
06Q3.csv,58221,2006,3,CALLFORM,41,41,True
06Q3.csv,57197,2006,3,EXTRA,0,0.0,True
06Q3.csv,57844,2006,3,NIM,4832,4832.0,True
06Q3.csv,18489,2006,3,CITY,OGALLALA,OGALLALA,True
06Q3.csv,13232,2006,3,AOA,8199,8199,True
06Q3.csv,5867,2006,3,INSDATE,19340101,19340101,True
06Q3.csv,4746,2006,3,LSASCDBT,,,True
06Q3.csv,27465,2006,3,UC,50700,50700.0,True
06Q3.csv,57448,2006,3,ROE,17.12,17.12,True
06Q3.csv,26920,2006,3,LSAOA,,,True
06Q3.csv,11625,2006,3,LNATRESR,1.272357858974786,1.272357858974786,True
06Q3.csv,6863,2006,3,NOIJ,1969.45,1969.45,True
06Q3.csv,35006,2006,3,DEPFOR,,,True
06Q3.csv,1490,2006,3,REPDTE,20060930,20060930,True
06Q3.csv,90208,2006,3,ELNATR,90,90.0,True
06Q3.csv,6191,2006,3,LNNDEPC,,,True
06Q3.csv,24603,2006,3,ELNATR,180,180.0,True
06Q3.csv,34594,2006,3,ENDEFYMD,20090717,20090717.0,True
06Q3.csv,10693,2006,3,EXTRA,0,0.0,True
06Q3.csv,2345,2006,3,INTEXPY,2.171922518897471,2.171922518897471,True
06Q3.csv,27153,2006,3,DEPCSBQ,58651.879100000006,58651.879100000006,True
06Q3.csv,35521,2006,3,SPECGRPDESC,COMMERCIAL LENDING SPECIALIZATION,COMMERCIAL LENDING SPECIALIZATION,True
06Q3.csv,34661,2006,3,MSA_NAME,,,True
06Q3.csv,15575,2006,3,SZLNOTH,0,0.0,True
06Q3.csv,5867,2006,3,P9LTOT,,,True
06Q3.csv,7414,2006,3,INSAGNT1,DIF,DIF,True
06Q3.csv,35188,2006,3,NALTOT,,,True
06Q3.csv,19123,2006,3,NCRENRER,0,0.0,True
06Q3.csv,29427,2006,3,TRADE,0,0.0,True
06Q3.csv,33926,2006,3,RSSDHCR,2336794,2336794.0,True
06Q3.csv,57315,2006,3,SZLNCRCD,0,0.0,True
06Q3.csv,10629,2006,3,REPDTE,20060930,20060930,True
06Q3.csv,12815,2006,3,INTINC,30184,30184.0,True
06Q3.csv,23115,2006,3,FDICDBSDESC,KANSAS CITY,KANSAS CITY,True
06Q3.csv,57117,2006,3,NIMY,1.398838117061412,1.398838117061412,True
06Q3.csv,34519,2006,3,LSALNLS,,,True
06Q3.csv,6727,2006,3,INTINCY,6.98941469188281,6.98941469188281,True
06Q3.csv,35303,2006,3,LNNDEPD,,,True
06Q3.csv,29695,2006,3,SZLNRES,0,0.0,True
06Q3.csv,34321,2006,3,NONIIAY,0.54,0.54,True
06Q3.csv,57463,2006,3,NPERFV,0.281510441052533,0.281510441052533,True
06Q4.csv,6431,2006,4,NCRECONR,0,0.0,True
06Q4.csv,5317,2006,4,ASTEMPM,3.2706842105263156,3.2706842105263156,True
06Q4.csv,418,2006,4,IDNCCONR,0,0.0,True
06Q4.csv,9811,2006,4,ROEINJR,1.8104544112171133,1.8104544112171133,True
06Q4.csv,9307,2006,4,NETINBM,,,True
06Q4.csv,15105,2006,4,OFFDOM,2,2.0,True
06Q4.csv,867,2006,4,OFFDOM,1771,1771.0,True
06Q4.csv,8903,2006,4,RSSDID,909055,909055,True
06Q4.csv,35241,2006,4,NIMY,5.290386984578452,5.290386984578452,True
06Q4.csv,9752,2006,4,TFRA,0,0,True
06Q4.csv,57097,2006,4,NOIJ,1322,1322.0,True
06Q4.csv,32960,2006,4,STMULT,0,0,True
06Q4.csv,3105,2006,4,RBC1AAJ,9.280207142960466,9.280207142960466,True
06Q4.csv,13654,2006,4,CHBAL,1693,1693.0,True
06Q4.csv,1143,2006,4,STCNTY,Johnson,Johnson,True
06Q4.csv,14359,2006,4,CBSA,"WILLIAMSPORT, PA","WILLIAMSPORT, PA",True
06Q4.csv,15085,2006,4,LSAORE,,,True
06Q4.csv,32838,2006,4,ELNANTR,73.03370786516854,73.03370786516854,True
06Q4.csv,13071,2006,4,ROEINJR,4.364428560937998,4.364428560937998,True
06Q4.csv,32173,2006,4,INSAGNT1,DIF,DIF,True
06Q4.csv,18508,2006,4,IDERNCVR,17.901234567901234,17.901234567901234,True
06Q4.csv,29486,2006,4,ELNATRY,0.01,0.01,True
06Q4.csv,12230,2006,4,IDT1RWAJR,12.258785568143923,12.258785568143923,True
06Q4.csv,22273,2006,4,EINTEXP,2192,2192.0,True
06Q4.csv,1091,2006,4,CITY,EWEN,EWEN,True
06Q4.csv,2241,2006,4,HCTMULT,,,True
06Q4.csv,30154,2006,4,PARCERT,0,0,True
06Q4.csv,34993,2006,4,ELNATRY,0.27,0.27,True
06Q4.csv,3075,2006,4,NETINC,1457,1457.0,True
06Q4.csv,25648,2006,4,RISDATE,20061231,20061231,True
06Q4.csv,4161,2006,4,CBSA,,,True
06Q4.csv,57696,2006,4,IDT1CER,0,0.0,True
06Q4.csv,2326,2006,4,NAME,ARKANSAS VALLEY STATE BANK,ARKANSAS VALLEY STATE BANK,True
06Q4.csv,6596,2006,4,SZLNHEL,0,0.0,True
06Q4.csv,34340,2006,4,EQCDIVNTINC,0,0.0,True
06Q4.csv,4209,2006,4,EQCDIVNTINC,82.23684210526315,82.23684210526315,True
06Q4.csv,5740,2006,4,BKPREM,491,491.0,True
06Q4.csv,57085,2006,4,RSSDID,2986304,2986304,True
06Q4.csv,3095,2006,4,SZLNCRCD,0,0.0,True
06Q4.csv,11715,2006,4,ELNATRY,0.15,0.15,True
06Q4.csv,35224,2006,4,SZLNCRCD,0,0.0,True
06Q4.csv,57983,2006,4,CHBAL,3851,3851.0,True
06Q4.csv,4643,2006,4,SZLAUTO,0,0.0,True
06Q4.csv,31127,2006,4,RSSDHCR,,,True
06Q4.csv,57690,2006,4,FLDOFF,HARTFORD,HARTFORD,True
06Q4.csv,8799,2006,4,NONIXAY,3.0502375530628885,3.0502375530628885,True
06Q4.csv,18618,2006,4,FEDDESC,SAN FRANCISCO,SAN FRANCISCO,True
06Q4.csv,25621,2006,4,NCLNLSR,0.25478893149479,0.25478893149479,True
06Q4.csv,13023,2006,4,ESTYMD,19111101,19111101,True
06Q4.csv,12633,2006,4,RBC1AAJ,7.086444536584642,7.086444536584642,True
07Q1.csv,57850,2007,1,DEPFOR,,,True
07Q1.csv,27683,2007,1,NFAA,51,51,True
07Q1.csv,9196,2007,1,EXTRA,0,0.0,True
07Q1.csv,34455,2007,1,NAME,FIRST NATIONAL BANK,FIRST NATIONAL BANK,True
07Q1.csv,26299,2007,1,DEPBEFEX,0,0.0,True
07Q1.csv,29975,2007,1,NAMEFULL,THE PEOPLES SAVINGS BANK,THE PEOPLES SAVINGS BANK,True
07Q1.csv,10653,2007,1,DEPIDOM,24353,24353.0,True
07Q1.csv,3145,2007,1,NCCOMRER,0,0.0,True
07Q1.csv,58175,2007,1,EXTRA,0,0.0,True
07Q1.csv,17145,2007,1,LNLSNTV,61.41,61.41,True
07Q1.csv,23032,2007,1,LNRESNCR,250.17271157167528,250.17271157167528,True
07Q1.csv,2201,2007,1,IDNCCONR,0,0.0,True
07Q1.csv,35187,2007,1,ZIP,60190,60190,True
07Q1.csv,10734,2007,1,IDNTCONR,-0.09234676209165416,-0.09234676209165416,True
07Q1.csv,327,2007,1,SPECGRPDESC,ALL OTHER UNDER 1 BILLION,ALL OTHER UNDER 1 BILLION,True
07Q1.csv,10594,2007,1,OCCDISTDESC,null,,True
07Q1.csv,5485,2007,1,UC,5423,5423.0,True
07Q1.csv,16934,2007,1,IBEFXTR,61,61.0,True
07Q1.csv,27219,2007,1,NIM,445,445.0,True
07Q1.csv,12249,2007,1,OFFOA,0,0.0,True
07Q1.csv,6212,2007,1,INSDATE,19340101,19340101,True
07Q1.csv,9036,2007,1,IDT1CER,0,0.0,True
07Q1.csv,5531,2007,1,ITAX,0,0.0,True
07Q1.csv,35054,2007,1,IDNCCIR,0,0.0,True
07Q1.csv,18503,2007,1,NTRECOSR,0.08356671537726523,0.08356671537726523,True
07Q1.csv,1906,2007,1,INTAN,327,327.0,True
07Q1.csv,15477,2007,1,TRUST,0,0,True
07Q1.csv,16730,2007,1,STMULT,0,0,True
07Q1.csv,29426,2007,1,NONIX,259,259.0,True
07Q1.csv,26610,2007,1,NETINC,6653,6653.0,True
07Q1.csv,29744,2007,1,NCRECONR,0,0.0,True
07Q1.csv,7356,2007,1,INSDATE,19340101,19340101,True
07Q1.csv,526,2007,1,INSAGNT1,DIF,DIF,True
07Q1.csv,16574,2007,1,EEFFR,64.68330134357005,64.68330134357005,True
07Q1.csv,12162,2007,1,ITAX,63,63.0,True
07Q1.csv,12717,2007,1,P9LTOT,,,True
07Q1.csv,57157,2007,1,TRADE,0,0.0,True
07Q1.csv,35090,2007,1,DEP,112590,112590.0,True
07Q1.csv,32957,2007,1,TFRA,39426404,39426404,True
07Q1.csv,1802,2007,1,OCCDISTDESC,null,,True
07Q1.csv,8231,2007,1,LSALNLS,,,True
07Q1.csv,2173,2007,1,ROEINJR,6.568461724221203,6.568461724221203,True
07Q1.csv,10344,2007,1,NTREMULR,0,0.0,True
07Q1.csv,17011,2007,1,NONII,729,729.0,True
07Q1.csv,11002,2007,1,LSAOA,,,True
07Q1.csv,29141,2007,1,FLDOFF,MANKATO,MANKATO,True
07Q1.csv,3303,2007,1,NETINC,27,27.0,True
07Q1.csv,35278,2007,1,SZLNCI,0,0.0,True
07Q1.csv,4549,2007,1,LNATRESR,2.018264436312176,2.018264436312176,True
07Q1.csv,18221,2007,1,SZLNHEL,0,0.0,True
07Q2.csv,7230,2007,2,SZLNRES,0,0.0,True
07Q2.csv,16344,2007,2,DEPINS,29574,29574.0,True
07Q2.csv,958,2007,2,OFFOA,0,0.0,True
07Q2.csv,28930,2007,2,IDERNCVR,49.125,49.125,True
07Q2.csv,34721,2007,2,PTAXNETINC,260,260,True
07Q2.csv,15868,2007,2,AOA,1280,1280,True
07Q2.csv,34391,2007,2,ENDEFYMD,20080725,20080725.0,True
07Q2.csv,7590,2007,2,ASTEMPM,8.009428571428572,8.009428571428572,True
07Q2.csv,1745,2007,2,CALLFORM,41,41,True
07Q2.csv,1924,2007,2,INTAN,11943,11943.0,True
07Q2.csv,1296,2007,2,LNLSDEPR,69.46825757084495,69.46825757084495,True
07Q2.csv,57594,2007,2,NIMY,3.4549252327398987,3.4549252327398987,True
07Q2.csv,19919,2007,2,NTRER,0.01744040402545665,0.01744040402545665,True
07Q2.csv,13891,2007,2,ZIP,68665,68665,True
07Q2.csv,9472,2007,2,CBSA,,,True
07Q2.csv,34776,2007,2,DEPDASTR,78.06,78.06,True
07Q2.csv,16591,2007,2,STMULT,0,0,True
07Q2.csv,15926,2007,2,EINTEXP,1517,1517.0,True
07Q2.csv,10214,2007,2,PARCERT,0,0,True
07Q2.csv,2391,2007,2,DEPALLEX,0,0.0,True
07Q2.csv,22441,2007,2,ROEINJR,-1.554633199891937,-1.554633199891937,True
07Q2.csv,20720,2007,2,SZLNRES,0,0.0,True
07Q2.csv,34430,2007,2,COREDEP,176340,176340.0,True
07Q2.csv,3301,2007,2,P9LTOT,,,True
07Q2.csv,35442,2007,2,PARCERT,0,0,True
07Q2.csv,29975,2007,2,IDERNCVR,2.4489795918367347,2.4489795918367347,True
07Q2.csv,29967,2007,2,LNLSNTV,89.93,89.93,True
07Q2.csv,14801,2007,2,ERNASTR,92.94,92.94,True
07Q2.csv,16934,2007,2,DEPDOM,45443,45443.0,True
07Q2.csv,34038,2007,2,INSAGNT1,DIF,DIF,True
07Q2.csv,14140,2007,2,LIAB,479199,479199.0,True
07Q2.csv,3854,2007,2,NCRERESR,1.7356743975449012,1.7356743975449012,True
07Q2.csv,12406,2007,2,CALLFORM,41,41,True
07Q2.csv,993,2007,2,IDNCCIR,0.9287946742233201,0.9287946742233201,True
07Q2.csv,5709,2007,2,EFFDATE,20070314,20070314,True
07Q2.csv,4534,2007,2,DEPDASTR,68.25,68.25,True
07Q2.csv,32025,2007,2,IDNCGTPR,0,0.0,True
07Q2.csv,57878,2007,2,RBC1AAJ,18.815599125857982,18.815599125857982,True
07Q2.csv,13023,2007,2,ELNANTR,532.3529411764706,532.3529411764706,True
07Q2.csv,10458,2007,2,TFRA,0,0,True
07Q2.csv,32992,2007,2,PARCERT,0,0,True
07Q2.csv,22794,2007,2,IDNCCIR,0,0.0,True
07Q2.csv,13655,2007,2,SZLNCI,0,0.0,True
07Q2.csv,14761,2007,2,STNAME,ILLINOIS,ILLINOIS,True
07Q2.csv,58209,2007,2,ROEINJR,-4.487436323049625,-4.487436323049625,True
07Q2.csv,8564,2007,2,IDLNCORR,88.29990193456361,88.29990193456361,True
07Q2.csv,17922,2007,2,NTRER,0,0.0,True
07Q2.csv,5615,2007,2,STCNTY,Yell,Yell,True
07Q2.csv,27269,2007,2,OBSDIR,2058,2058.0,True
07Q2.csv,23090,2007,2,IDNTCIR,-0.08941782608232828,-0.08941782608232828,True
07Q3.csv,327,2007,3,NTALLOTHR,-0.3649555099247091,-0.3649555099247091,True
07Q3.csv,9002,2007,3,SZLNCRCD,0,0.0,True
07Q3.csv,29323,2007,3,ESTYMD,18950101,18950101,True
07Q3.csv,22867,2007,3,ENDEFYMD,99991231,99991231.0,True
07Q3.csv,21807,2007,3,NTRERESR,0,0.0,True
07Q3.csv,16983,2007,3,EQ,21440,21440.0,True
07Q3.csv,14898,2007,3,IDNTCONR,-0.10737265955305013,-0.10737265955305013,True
07Q3.csv,34643,2007,3,IDNTCONR,-11.353273017562532,-11.353273017562532,True
07Q3.csv,23306,2007,3,LNATRESR,3.075555794944993,3.075555794944993,True
07Q3.csv,34384,2007,3,RBCRWAJ,10.724088445515722,10.724088445515722,True
07Q3.csv,16976,2007,3,NOIJ,1450,1450.0,True
07Q3.csv,2332,2007,3,P9ASSET,23,23.0,True
07Q3.csv,22636,2007,3,IDT1RWAJR,18.09360608332441,18.09360608332441,True
07Q3.csv,34089,2007,3,ELNATRY,0.12,0.12,True
07Q3.csv,27989,2007,3,EQCDIVNTINC,0,0.0,True
07Q3.csv,5382,2007,3,NCRER,0.055460480446219186,0.055460480446219186,True
07Q3.csv,28478,2007,3,NAMEFULL,FARMERS AND MECHANICS FEDERAL SAVINGS AND LOAN ASSOCIATION,FARMERS AND MECHANICS FEDERAL SAVINGS AND LOAN ASSOCIATION,True
07Q3.csv,27417,2007,3,RSSDHCR,,,True
07Q3.csv,2055,2007,3,TFRA,0,0,True
07Q3.csv,2359,2007,3,ERNASTR,91.82,91.82,True
07Q3.csv,27045,2007,3,NONIX,5404,5404.0,True
07Q3.csv,3110,2007,3,RSSDID,42354,42354,True
07Q3.csv,58040,2007,3,SZLNCRCD,0,0.0,True
07Q3.csv,57882,2007,3,DEPNIDOM,4373,4373.0,True
07Q3.csv,10845,2007,3,REGAGNT,FDIC,FDIC,True
07Q3.csv,35223,2007,3,EFFDATE,20060331,20060331,True
07Q3.csv,8278,2007,3,NOIJY,1.0782377613936973,1.0782377613936973,True
07Q3.csv,16631,2007,3,RISDATE,20070930,20070930,True
07Q3.csv,4029,2007,3,IGLSEC,-79,-79.0,True
07Q3.csv,8330,2007,3,IDNCCONR,0,0.0,True
07Q3.csv,29842,2007,3,CALLFORM,100,100,True
07Q3.csv,8843,2007,3,ELNANTR,83.33333333333334,83.33333333333334,True
07Q3.csv,8770,2007,3,ASDRRES,0,0.0,True
07Q3.csv,10911,2007,3,IDLNCORR,79.94683305809079,79.94683305809079,True
07Q3.csv,8863,2007,3,NCRERESR,2.210107077565944,2.210107077565944,True
07Q3.csv,13157,2007,3,ASDROTH,0,0.0,True
07Q3.csv,16032,2007,3,IDT1RWAJR,10.697972819266269,10.697972819266269,True
07Q3.csv,2468,2007,3,CHBAL,6899,6899.0,True
07Q3.csv,57562,2007,3,EFFDATE,20061218,20061218,True
07Q3.csv,12208,2007,3,ASDROTH,0,0.0,True
07Q3.csv,15932,2007,3,ROE,11.76,11.76,True
07Q3.csv,1745,2007,3,LNNDEPD,,,True
07Q3.csv,17128,2007,3,CITY,SCHOFIELD,SCHOFIELD,True
07Q3.csv,1910,2007,3,AOA,592,592,True
07Q3.csv,11141,2007,3,LNLSNTV,53.83,53.83,True
07Q3.csv,35337,2007,3,RBCRWAJ,13.31092759746495,13.31092759746495,True
07Q3.csv,4527,2007,3,LNRESNCR,73.10606060606061,73.10606060606061,True
07Q3.csv,28344,2007,3,MUTUAL,0,0,True
07Q3.csv,31945,2007,3,CITY,GLENVILLE,GLENVILLE,True
07Q3.csv,32325,2007,3,ASDROTH,,,True
07Q4.csv,17444,2007,4,FDICDBSDESC,KANSAS CITY,KANSAS CITY,True
07Q4.csv,10432,2007,4,QBPRCOMLDESC,CHICAGO,CHICAGO,True
07Q4.csv,57932,2007,4,ELNANTR,713.2352941176471,713.2352941176471,True
07Q4.csv,12836,2007,4,DEPFOR,,,True
07Q4.csv,18321,2007,4,SZLNRES,0,0.0,True
07Q4.csv,10667,2007,4,IDNCCONR,0.1272264631043257,0.1272264631043257,True
07Q4.csv,9059,2007,4,LIAB,61082,61082.0,True
07Q4.csv,29490,2007,4,NPERFV,0,0.0,True
07Q4.csv,13874,2007,4,ORE,236,236.0,True
07Q4.csv,17280,2007,4,CBLRIND,,,True
07Q4.csv,35428,2007,4,ID,35428_20071231,35428_20071231,True
07Q4.csv,1802,2007,4,NAME,FAYETTE COUNTY BANK,FAYETTE COUNTY BANK,True
07Q4.csv,5795,2007,4,ORE,30,30.0,True
07Q4.csv,8205,2007,4,P3LTOT,,,True
07Q4.csv,6354,2007,4,RBCRWAJ,11.491492939410925,11.491492939410925,True
07Q4.csv,9679,2007,4,SZLNCRCD,0,0.0,True
07Q4.csv,1164,2007,4,NIM,18601,18601.0,True
07Q4.csv,33184,2007,4,IDNTCONR,1.7587049406341082,1.7587049406341082,True
07Q4.csv,27139,2007,4,OFFDOM,14,14.0,True
07Q4.csv,4752,2007,4,SZLNCI,0,0.0,True
07Q4.csv,34102,2007,4,IDNCCONR,0.7294649585531274,0.7294649585531274,True
07Q4.csv,3603,2007,4,IGLSEC,512,512.0,True
07Q4.csv,7888,2007,4,CHBAL,129821,129821.0,True
07Q4.csv,26615,2007,4,ROEINJR,11.770681507000575,11.770681507000575,True
07Q4.csv,34241,2007,4,NTALLOTHR,0,0.0,True
07Q4.csv,3210,2007,4,REGAGNT,OCC,OCC,True
07Q4.csv,68,2007,4,ROE,6.5,6.5,True
07Q4.csv,29439,2007,4,ENDEFYMD,20171002,20171002.0,True
07Q4.csv,34918,2007,4,LNLSNTV,63.85,63.85,True
07Q4.csv,6636,2007,4,AOA,3542,3542,True
07Q4.csv,27664,2007,4,STALP,IL,IL,True
07Q4.csv,26559,2007,4,NETINBM,,,True
07Q4.csv,1562,2007,4,DEPINS,38816,38816.0,True
07Q4.csv,13102,2007,4,ITAX,9586,9586.0,True
07Q4.csv,131,2007,4,EQ,264166,264166.0,True
07Q4.csv,3029,2007,4,NAASSET,1131,1131,True
07Q4.csv,9433,2007,4,P9ASSET,6,6.0,True
07Q4.csv,29188,2007,4,ASDRRES,,,True
07Q4.csv,23523,2007,4,COREDEP,66680,66680.0,True
07Q4.csv,101,2007,4,FEDDESC,ST. LOUIS,ST. LOUIS,True
07Q4.csv,58558,2007,4,INSDATE,20070827,20070827,True
07Q4.csv,32102,2007,4,EQ,544135,544135.0,True
07Q4.csv,307,2007,4,NAME,LANDMARK BANK,LANDMARK BANK,True
07Q4.csv,57445,2007,4,LSAOA,,,True
07Q4.csv,58536,2007,4,EQCDIV,0,0.0,True
07Q4.csv,8439,2007,4,EEFFR,71.860960037834,71.860960037834,True
07Q4.csv,15907,2007,4,ENDEFYMD,20241105,20241105.0,True
07Q4.csv,17652,2007,4,ENDEFYMD,20230829,20230829.0,True
07Q4.csv,26773,2007,4,DEPCSBQ,373658,373658.0,True
07Q4.csv,29979,2007,4,BKCLASS,SB,SB,True
08Q1.csv,14333,2008,1,INTINCY,6.0715989878661345,6.0715989878661345,True
08Q1.csv,33869,2008,1,P3LTOT,,,True
08Q1.csv,6725,2008,1,EQCSTKRX,0,0.0,True
08Q1.csv,3722,2008,1,NTALLOTHR,-1.3821951441302172,-1.3821951441302172,True
08Q1.csv,15323,2008,1,NONIIAY,0.23,0.23,True
08Q1.csv,8338,2008,1,FLDOFF,SIOUX CITY,SIOUX CITY,True
08Q1.csv,90270,2008,1,NTCOMRER,0,0.0,True
08Q1.csv,58203,2008,1,ID,58203_20080331,58203_20080331,True
08Q1.csv,22130,2008,1,IDT1RWAJR,9.371271254852394,9.371271254852394,True
08Q1.csv,5227,2008,1,RBCRWAJ,11.50891337750095,11.50891337750095,True
08Q1.csv,34688,2008,1,NETINC,109,109.0,True
08Q1.csv,30746,2008,1,ELNANTR,142.51136963668262,142.51136963668262,True
08Q1.csv,26336,2008,1,NIMY,3.1431626747663373,3.1431626747663373,True
08Q1.csv,15417,2008,1,NTCOMRER,0,0.0,True
08Q1.csv,29332,2008,1,ELNANTR,0,0.0,True
08Q1.csv,57072,2008,1,COREDEP,207682,207682.0,True
08Q1.csv,8094,2008,1,INTINCY,6.4357907977942785,6.4357907977942785,True
08Q1.csv,2482,2008,1,RSSDHCR,1204074,1204074.0,True
08Q1.csv,14960,2008,1,NAMEHCR,RW BCORP LTD,RW BCORP LTD,True
08Q1.csv,30987,2008,1,NAASSET,0,0,True
08Q1.csv,17358,2008,1,SC,22298,22298.0,True
08Q1.csv,58182,2008,1,QBPRCOMLDESC,ATLANTA,ATLANTA,True
08Q1.csv,15575,2008,1,ESTYMD,19340924,19340924,True
08Q1.csv,29517,2008,1,DEPIDOM,59793,59793.0,True
08Q1.csv,28708,2008,1,HCTMULT,,,True
08Q1.csv,13892,2008,1,NETINBM,,,True
08Q1.csv,30397,2008,1,NCRENRER,0,0.0,True
08Q1.csv,58387,2008,1,LNATRESR,1.8575779952002953,1.8575779952002953,True
08Q1.csv,34864,2008,1,CHBAL,6361,6361.0,True
08Q1.csv,34351,2008,1,ROAPTX,4.6257267653311125,4.6257267653311125,True
08Q1.csv,23998,2008,1,ERNASTR,96.82,96.82,True
08Q1.csv,28555,2008,1,LIAB,55574,55574.0,True
08Q1.csv,29140,2008,1,SZLNCI,,,True
08Q1.csv,10253,2008,1,EQV,10.614504104224716,10.614504104224716,True
08Q1.csv,57359,2008,1,RISDATE,20080331,20080331,True
08Q1.csv,32282,2008,1,RISDATE,20080331,20080331,True
08Q1.csv,17374,2008,1,BKCLASS,NM,NM,True
08Q1.csv,57564,2008,1,BKPREM,5642,5642.0,True
08Q1.csv,22271,2008,1,EEFFR,53.31412103746398,53.31412103746398,True
08Q1.csv,26905,2008,1,TFRA,0,0,True
08Q1.csv,11416,2008,1,EFFDATE,20060331,20060331,True
08Q1.csv,14660,2008,1,NCRERESR,2.947074410943207,2.947074410943207,True
08Q1.csv,57716,2008,1,LNNDEPC,,,True
08Q1.csv,58550,2008,1,ELNANTR,0,0.0,True
08Q1.csv,15347,2008,1,OCCDISTDESC,null,,True
08Q1.csv,2093,2008,1,P3LTOT,,,True
08Q1.csv,9737,2008,1,NTRER,0.8209973222856566,0.8209973222856566,True
08Q1.csv,12166,2008,1,TRADE,0,0.0,True
08Q1.csv,27335,2008,1,NAME,MERCANTILE BANK&TRUST CO,MERCANTILE BANK&TRUST CO,True
08Q1.csv,58322,2008,1,ID,58322_20080331,58322_20080331,True
08Q2.csv,12181,2008,2,CB,1,1.0,True
08Q2.csv,3289,2008,2,SZLAUTO,0,0.0,True
08Q2.csv,57468,2008,2,BKPREM,248,248.0,True
08Q2.csv,58650,2008,2,COREDEP,8841,8841.0,True
08Q2.csv,57697,2008,2,IDNCCONR,0,0.0,True
08Q2.csv,29293,2008,2,NCLNLSR,0.40786569987389654,0.40786569987389654,True
08Q2.csv,20134,2008,2,DEPCSBQ,357512,357512.0,True
08Q2.csv,90251,2008,2,MUTUAL,1,1,True
08Q2.csv,19191,2008,2,ASSET,80519,80519,True
08Q2.csv,7151,2008,2,QBPRCOMLDESC,NEW YORK,NEW YORK,True
08Q2.csv,17476,2008,2,NCCOMRER,0,0.0,True
08Q2.csv,11235,2008,2,NTRERESR,0,0.0,True
08Q2.csv,3821,2008,2,DEPIDOM,90723,90723.0,True
08Q2.csv,4331,2008,2,LIAB,55253,55253.0,True
08Q2.csv,4037,2008,2,SZLNCRCD,0,0.0,True
08Q2.csv,58723,2008,2,NFAA,0,0,True
08Q2.csv,35338,2008,2,STCNTY,Clarke,Clarke,True
08Q2.csv,11112,2008,2,MSA_NAME,,,True
08Q2.csv,9963,2008,2,DEPUNINS,120299,120299,True
08Q2.csv,9712,2008,2,STALP,MA,MA,True
08Q2.csv,10319,2008,2,EEFFR,83.51274787535411,83.51274787535411,True
08Q2.csv,20281,2008,2,EQCSTKRX,0,0.0,True
08Q2.csv,24498,2008,2,COREDEP,73456,73456.0,True
08Q2.csv,57215,2008,2,RBC1AAJ,9.250824958281576,9.250824958281576,True
08Q2.csv,35354,2008,2,NONIXAY,15.236820723605602,15.236820723605602,True
08Q2.csv,20394,2008,2,IDNTCIR,0,0.0,True
08Q2.csv,9619,2008,2,NPERFV,3.8195377677870903,3.8195377677870903,True
08Q2.csv,445,2008,2,SZLNRES,0,0.0,True
08Q2.csv,9080,2008,2,PARCERT,0,0,True
08Q2.csv,12266,2008,2,NTLNLSR,0.025689952064038717,0.025689952064038717,True
08Q2.csv,9529,2008,2,NAMEHCR,SBN COMMUNITY BCORP INC,SBN COMMUNITY BCORP INC,True
08Q2.csv,26627,2008,2,CB,1,1.0,True
08Q2.csv,25155,2008,2,STMULT,0,0,True
08Q2.csv,17557,2008,2,CITY,CRESTVIEW,CRESTVIEW,True
08Q2.csv,23621,2008,2,ID,23621_20080630,23621_20080630,True
08Q2.csv,8572,2008,2,NAASSET,606,606,True
08Q2.csv,11013,2008,2,TRUST,1,1,True
08Q2.csv,13251,2008,2,MUTUAL,0,0,True
08Q2.csv,15362,2008,2,FEDDESC,MINNEAPOLIS,MINNEAPOLIS,True
08Q2.csv,15908,2008,2,ASDRRES,0,0.0,True
08Q2.csv,58567,2008,2,IDNTCONR,0,0.0,True
08Q2.csv,307,2008,2,ELNANTR,0,0.0,True
08Q2.csv,16852,2008,2,P3LTOT,,,True
08Q2.csv,26453,2008,2,RBCRWAJ,16.658439907261986,16.658439907261986,True
08Q2.csv,341,2008,2,IDLNCORR,59.770806905893224,59.770806905893224,True
08Q2.csv,35274,2008,2,EQCSTKRX,0,0.0,True
08Q2.csv,15772,2008,2,NONIIAY,0.32,0.32,True
08Q2.csv,5874,2008,2,STNAME,MARYLAND,MARYLAND,True
08Q2.csv,57540,2008,2,ROA,1.2568217556192767,1.2568217556192767,True
08Q2.csv,34204,2008,2,LSAOA,,,True
08Q3.csv,1398,2008,3,NCRENRER,1.410003040437823,1.410003040437823,True
08Q3.csv,6760,2008,3,NCLNLSR,1.9624738926488547,1.9624738926488547,True
08Q3.csv,57734,2008,3,NOIJ,-700,-700.0,True
08Q3.csv,15585,2008,3,LSAORE,,,True
08Q3.csv,17856,2008,3,INTAN,0,0.0,True
08Q3.csv,16207,2008,3,INSDATE,19441101,19441101,True
08Q3.csv,10243,2008,3,ROAPTX,1.7727483537603579,1.7727483537603579,True
08Q3.csv,1562,2008,3,IDLNCORR,98.2368145732045,98.2368145732045,True
08Q3.csv,13111,2008,3,SZLAUTO,0,0.0,True
08Q3.csv,57651,2008,3,ROE,-6.32,-6.32,True
08Q3.csv,33316,2008,3,RISDATE,20080930,20080930,True
08Q3.csv,10730,2008,3,DEPDOM,61312,61312.0,True
08Q3.csv,3275,2008,3,ELNATR,90,90.0,True
08Q3.csv,24655,2008,3,MSA_NAME,,,True
08Q3.csv,28834,2008,3,IDNCCIR,2.5715290564164097,2.5715290564164097,True
08Q3.csv,9997,2008,3,LNATRESR,1.3515814288520727,1.3515814288520727,True
08Q3.csv,21928,2008,3,NAME,KIRKWOOD BANK&TRUST CO,KIRKWOOD BANK&TRUST CO,True
08Q3.csv,23257,2008,3,ASDRRES,0,0.0,True
08Q3.csv,13046,2008,3,STCNTY,Monroe,Monroe,True
08Q3.csv,35328,2008,3,IDLNCORR,446.3207708569341,446.3207708569341,True
08Q3.csv,34862,2008,3,STMULT,0,0,True
08Q3.csv,6725,2008,3,ROEINJR,0.34788107662730017,0.34788107662730017,True
08Q3.csv,4530,2008,3,SZLNRES,0,0.0,True
08Q3.csv,15763,2008,3,SZLAUTO,0,0.0,True
08Q3.csv,19977,2008,3,EQ,596619,596619.0,True
08Q3.csv,19430,2008,3,DEPALLEX,0,0.0,True
08Q3.csv,16026,2008,3,LSALNLS,,,True
08Q3.csv,3860,2008,3,NAMEHCR,SIMMONS FIRST NATIONAL CORP,SIMMONS FIRST NATIONAL CORP,True
08Q3.csv,16859,2008,3,NCRERESR,0,0.0,True
08Q3.csv,23826,2008,3,DEPALLEX,0,0.0,True
08Q3.csv,35400,2008,3,OFFOA,0,0.0,True
08Q3.csv,90384,2008,3,ID,90384_20080930,90384_20080930,True
08Q3.csv,12121,2008,3,NCREMULR,0,0.0,True
08Q3.csv,34540,2008,3,AOAR,7.52850621744994,7.52850621744994,True
08Q3.csv,1735,2008,3,LNNDEPC,,,True
08Q3.csv,19105,2008,3,NONIXAY,3.3005363505657312,3.3005363505657312,True
08Q3.csv,15083,2008,3,NALTOT,,,True
08Q3.csv,8252,2008,3,RBC1AAJ,20.044736663729413,20.044736663729413,True
08Q3.csv,13397,2008,3,IDERNCVR,64.32692307692308,64.32692307692308,True
08Q3.csv,4009,2008,3,INTAN,873,873.0,True
08Q3.csv,15767,2008,3,LSASCDBT,,,True
08Q3.csv,57133,2008,3,IDNTCIR,1.0556312738583347,1.0556312738583347,True
08Q3.csv,306,2008,3,IDT1CER,0,0.0,True
08Q3.csv,31280,2008,3,IDNTCIR,0,0.0,True
08Q3.csv,18053,2008,3,IGLSEC,446,446.0,True
08Q3.csv,33484,2008,3,OCCDISTDESC,WESTERN DISTRICT,WESTERN DISTRICT,True
08Q3.csv,18592,2008,3,DEPUNINS,68750,68750,True
08Q3.csv,17233,2008,3,IDNCOTHR,0.0897182845863987,0.0897182845863987,True
08Q3.csv,10492,2008,3,SPECGRPDESC,COMMERCIAL LENDING SPECIALIZATION,COMMERCIAL LENDING SPECIALIZATION,True
08Q3.csv,1696,2008,3,INTAN,2842,2842.0,True
08Q4.csv,58119,2008,4,NCRERESR,3.925155375325076,3.925155375325076,True
08Q4.csv,3336,2008,4,DEPUNINS,7325,7325,True
08Q4.csv,58088,2008,4,NONIXAY,2.987770494999945,2.987770494999945,True
08Q4.csv,57914,2008,4,P3LTOT,,,True
08Q4.csv,4181,2008,4,DEPIDOM,160559,160559.0,True
08Q4.csv,15465,2008,4,NONII,2853,2853.0,True
08Q4.csv,5590,2008,4,NFAA,0,0,True
08Q4.csv,58212,2008,4,P3LTOT,,,True
08Q4.csv,8202,2008,4,EQ,7574,7574.0,True
08Q4.csv,17488,2008,4,SZLNRES,0,0.0,True
08Q4.csv,57144,2008,4,TFRA,0,0,True
08Q4.csv,16130,2008,4,LNLSDEPR,81.2210817058791,81.2210817058791,True
08Q4.csv,35175,2008,4,ASTEMPM,17.257058823529412,17.257058823529412,True
08Q4.csv,34553,2008,4,RSSDID,2569387,2569387,True
08Q4.csv,15687,2008,4,IDT1RWAJR,15.156673299609217,15.156673299609217,True
08Q4.csv,17120,2008,4,NOIJ,276.68,276.68,True
08Q4.csv,14861,2008,4,STNAME,TEXAS,TEXAS,True
08Q4.csv,6592,2008,4,RSSDHCR,,,True
08Q4.csv,27148,2008,4,EINTEXP,17948,17948.0,True
08Q4.csv,15966,2008,4,IDT1RWAJR,22.879636803968367,22.879636803968367,True
08Q4.csv,30953,2008,4,SZLNCON,,,True
08Q4.csv,8354,2008,4,REPDTE,20081231,20081231,True
08Q4.csv,15513,2008,4,PARCERT,0,0,True
08Q4.csv,57640,2008,4,FLDOFF,SHELBY,SHELBY,True
08Q4.csv,58408,2008,4,NAME,PARK STERLING BANK,PARK STERLING BANK,True
08Q4.csv,35345,2008,4,OFFDOM,2,2.0,True
08Q4.csv,26759,2008,4,NONII,617,617.0,True
08Q4.csv,4636,2008,4,SZLAUTO,0,0.0,True
08Q4.csv,18378,2008,4,NONIX,1358,1358.0,True
08Q4.csv,13104,2008,4,ASDROTH,0,0.0,True
08Q4.csv,8232,2008,4,IDNCCIR,1.2533140515786938,1.2533140515786938,True
08Q4.csv,34644,2008,4,PARCERT,0,0,True
08Q4.csv,20130,2008,4,PARCERT,0,0,True
08Q4.csv,938,2008,4,STMULT,0,0,True
08Q4.csv,1980,2008,4,LSAORE,,,True
08Q4.csv,101,2008,4,CALLFORM,41,41,True
08Q4.csv,23805,2008,4,DEPIDOM,121228,121228.0,True
08Q4.csv,7072,2008,4,NCCOMRER,0,0.0,True
08Q4.csv,12117,2008,4,NCLNLSR,0.16016155426343096,0.16016155426343096,True
08Q4.csv,58044,2008,4,ESTYMD,20070801,20070801,True
08Q4.csv,8698,2008,4,STCNTY,Ozaukee,Ozaukee,True
08Q4.csv,17676,2008,4,DEPIDOM,143255,143255.0,True
08Q4.csv,12517,2008,4,ITAX,694,694.0,True
08Q4.csv,6196,2008,4,LNLSNTV,92.83,92.83,True
08Q4.csv,32341,2008,4,EQTOT,63361,63361.0,True
08Q4.csv,8558,2008,4,LNNDEPD,,,True
08Q4.csv,32270,2008,4,NONIX,12982,12982.0,True
08Q4.csv,4947,2008,4,EINTEXP,9739,9739.0,True
08Q4.csv,27026,2008,4,STCNTY,Denver,Denver,True
08Q4.csv,22476,2008,4,DEPDASTR,90,90.0,True
09Q1.csv,28208,2009,1,NCCOMRER,0,0.0,True
09Q1.csv,30696,2009,1,LNNDEPD,,,True
09Q1.csv,29950,2009,1,ACTIVE,1,1,True
09Q1.csv,5241,2009,1,LNLSNET,534488,534488.0,True
09Q1.csv,9015,2009,1,EQTOT,9891,9891.0,True
09Q1.csv,58699,2009,1,NUMEMP,14,14.0,True
09Q1.csv,19689,2009,1,TFRA,0,0,True
09Q1.csv,58180,2009,1,STCNTY,Minnehaha,Minnehaha,True
09Q1.csv,1294,2009,1,NTRECOSR,0,0.0,True
09Q1.csv,14313,2009,1,EQCDIVNTINC,0,0.0,True
09Q1.csv,27852,2009,1,LNLSNET,162946,162946.0,True
09Q1.csv,16495,2009,1,ELNANTR,0,0.0,True
09Q1.csv,35261,2009,1,NCRER,6.98922904420509,6.98922904420509,True
09Q1.csv,15423,2009,1,SUBCHAPS,0,0,True
09Q1.csv,33818,2009,1,NAMEHCR,,,True
09Q1.csv,18390,2009,1,IDNCCIR,3.5703491008009673,3.5703491008009673,True
09Q1.csv,35604,2009,1,EFFDATE,20060331,20060331,True
09Q1.csv,10319,2009,1,OFFFOR,0,0.0,True
09Q1.csv,31286,2009,1,EQCDIVNTINC,0,0.0,True
09Q1.csv,5633,2009,1,DEPDOM,2009397,2009397.0,True
09Q1.csv,14056,2009,1,DEPUNINS,32529,32529,True
09Q1.csv,58168,2009,1,NOIJY,0.5846976205863295,0.5846976205863295,True
09Q1.csv,3749,2009,1,ITAX,19,19.0,True
09Q1.csv,28384,2009,1,BKCLASS,SB,SB,True
09Q1.csv,8510,2009,1,ELNATRY,3.32,3.32,True
09Q1.csv,58729,2009,1,INSAGNT1,DIF,DIF,True
09Q1.csv,15188,2009,1,OFFFOR,0,0.0,True
09Q1.csv,29532,2009,1,LNNDEPD,,,True
09Q1.csv,57835,2009,1,ESTYMD,20041201,20041201,True
09Q1.csv,12247,2009,1,NUMEMP,7,7.0,True
09Q1.csv,26677,2009,1,SZLNCON,0,0.0,True
09Q1.csv,34432,2009,1,SZLAUTO,0,0.0,True
09Q1.csv,28677,2009,1,EQCDIV,0,0.0,True
09Q1.csv,9439,2009,1,LNRESNCR,42.16417910447761,42.16417910447761,True
09Q1.csv,16817,2009,1,NETINBM,532,532.0,True
09Q1.csv,90300,2009,1,P3LTOT,,,True
09Q1.csv,2500,2009,1,BKPREM,7243,7243.0,True
09Q1.csv,14705,2009,1,STNAME,IOWA,IOWA,True
09Q1.csv,11417,2009,1,SZLNCRCD,0,0.0,True
09Q1.csv,15598,2009,1,FREPO,0,0.0,True
09Q1.csv,4170,2009,1,QBPRCOMLDESC,DALLAS,DALLAS,True
09Q1.csv,29177,2009,1,INTEXPY,2.3538597777545016,2.3538597777545016,True
09Q1.csv,3844,2009,1,FREPO,1603,1603.0,True
09Q1.csv,11557,2009,1,NCRECONR,0,0.0,True
09Q1.csv,18001,2009,1,DEPDOM,41743,41743.0,True
09Q1.csv,16414,2009,1,IDNCCONR,0.3362573099415205,0.3362573099415205,True
09Q1.csv,5649,2009,1,EINTEXP,283581,283581.0,True
09Q1.csv,13198,2009,1,FREPO,6345,6345.0,True
09Q1.csv,28652,2009,1,EQCDIV,0,0.0,True
09Q1.csv,938,2009,1,EQCDIV,0,0.0,True
09Q2.csv,11817,2009,2,NOIJY,0.8094727287730011,0.8094727287730011,True
09Q2.csv,32367,2009,2,IDT1RWAJR,15.681377580111757,15.681377580111757,True
09Q2.csv,3217,2009,2,NTALLOTHR,-0.22523579372155225,-0.22523579372155225,True
09Q2.csv,5095,2009,2,EINTEXP,898,898.0,True
09Q2.csv,17903,2009,2,NFAA,0,0,True
09Q2.csv,22353,2009,2,DEP,175610,175610.0,True
09Q2.csv,28302,2009,2,RBCRWAJ,47.2678247589959,47.2678247589959,True
09Q2.csv,14720,2009,2,NOIJY,0.5356475925059501,0.5356475925059501,True
09Q2.csv,4752,2009,2,FLDOFF,KANSAS CITY,KANSAS CITY,True
09Q2.csv,2228,2009,2,NCRER,3.2791728212703104,3.2791728212703104,True
09Q2.csv,57280,2009,2,NCRENRER,0,0.0,True
09Q2.csv,26727,2009,2,ITAX,0,0.0,True
09Q2.csv,9356,2009,2,SZLAUTO,0,0.0,True
09Q2.csv,18402,2009,2,IDT1RWAJR,10.184804606610061,10.184804606610061,True
09Q2.csv,58276,2009,2,DEPCSBQ,83810,83810.0,True
09Q2.csv,34503,2009,2,NCRENRER,4.534632978922308,4.534632978922308,True
09Q2.csv,26263,2009,2,LNLSDEPR,86.68838834584692,86.68838834584692,True
09Q2.csv,13303,2009,2,RSSDID,244149,244149,True
09Q2.csv,5472,2009,2,IDNTCIR,0,0.0,True
09Q2.csv,15353,2009,2,IBEFXTR,52,52.0,True
09Q2.csv,10623,2009,2,SZLNHEL,0,0.0,True
09Q2.csv,10086,2009,2,SZLNCRCD,0,0.0,True
09Q2.csv,27178,2009,2,SZLNCRCD,0,0.0,True
09Q2.csv,17837,2009,2,PARCERT,0,0,True
09Q2.csv,18400,2009,2,FEDDESC,CHICAGO,CHICAGO,True
09Q2.csv,17437,2009,2,NTCOMRER,0,0.0,True
09Q2.csv,873,2009,2,FLDOFF,ATLANTA,ATLANTA,True
09Q2.csv,2698,2009,2,INSDATE,19340101,19340101,True
09Q2.csv,12609,2009,2,REGAGNT,FDIC,FDIC,True
09Q2.csv,58416,2009,2,NTRERESR,9.940301670846727,9.940301670846727,True
09Q2.csv,35388,2009,2,IDNTCONR,0,0.0,True
09Q2.csv,34863,2009,2,SZLNOTH,0,0.0,True
09Q2.csv,58357,2009,2,NFAA,0,0,True
09Q2.csv,35324,2009,2,NTREMULR,0,0.0,True
09Q2.csv,35038,2009,2,OFFFOR,0,0.0,True
09Q2.csv,17880,2009,2,DEPIDOM,56050,56050.0,True
09Q2.csv,5712,2009,2,HCTMULT,,,True
09Q2.csv,14445,2009,2,IDLNCORR,158.1227461526355,158.1227461526355,True
09Q2.csv,10253,2009,2,ITAX,32,32.0,True
09Q2.csv,30429,2009,2,DEPIDOM,92619,92619.0,True
09Q2.csv,19103,2009,2,ACTIVE,1,1,True
09Q2.csv,58786,2009,2,DEPBEFEX,35802,35802.0,True
09Q2.csv,10380,2009,2,INTAN,176,176.0,True
09Q2.csv,32498,2009,2,NETINC,12015,12015.0,True
09Q2.csv,6592,2009,2,CB,1,1.0,True
09Q2.csv,3351,2009,2,NOIJY,1.1997076342740003,1.1997076342740003,True
09Q2.csv,28585,2009,2,NTREMULR,0,0.0,True
09Q2.csv,34409,2009,2,ACTIVE,1,1,True
09Q2.csv,34837,2009,2,TRADE,0,0.0,True
09Q2.csv,16666,2009,2,IDERNCVR,1.1787755102040816,1.1787755102040816,True
09Q3.csv,58057,2009,3,FREPO,645,645.0,True
09Q3.csv,27946,2009,3,IDNCCIR,0,0.0,True
09Q3.csv,35224,2009,3,NCRENRER,0,0.0,True
09Q3.csv,27530,2009,3,PARCERT,0,0,True
09Q3.csv,3796,2009,3,DEP,200867,200867.0,True
09Q3.csv,58382,2009,3,IBEFXTR,596,596.0,True
09Q3.csv,28390,2009,3,TFRA,1228615,1228615,True
09Q3.csv,4630,2009,3,LNLSNET,36441,36441.0,True
09Q3.csv,22525,2009,3,NPERFV,4.732849604221636,4.732849604221636,True
09Q3.csv,25668,2009,3,NPERFV,0.13967849441286023,0.13967849441286023,True
09Q3.csv,14807,2009,3,SZLNOTH,0,0.0,True
09Q3.csv,29800,2009,3,INSDATE,19890809,19890809,True
09Q3.csv,34656,2009,3,IDNCCIR,0.12779293487631468,0.12779293487631468,True
09Q3.csv,14689,2009,3,STCNTY,Jones,Jones,True
09Q3.csv,17773,2009,3,ROAPTX,0.8228413632254091,0.8228413632254091,True
09Q3.csv,22974,2009,3,LNNDEPD,,,True
09Q3.csv,26393,2009,3,LSASCDBT,,,True
09Q3.csv,16471,2009,3,LNLSNET,26463,26463.0,True
09Q3.csv,20387,2009,3,EXTRA,0,0.0,True
09Q3.csv,2575,2009,3,ELNANTR,39.21568627450981,39.21568627450981,True
09Q3.csv,15806,2009,3,IDNCCIR,0,0.0,True
09Q3.csv,14646,2009,3,NIMY,3.768704425699069,3.768704425699069,True
09Q3.csv,10306,2009,3,BKPREM,130,130.0,True
09Q3.csv,70,2009,3,LNRESNCR,26.616746085772636,26.616746085772636,True
09Q3.csv,33487,2009,3,DEPUNINS,7814,7814,True
09Q3.csv,30012,2009,3,BKCLASS,SL,SL,True
09Q3.csv,32968,2009,3,NCRECONR,18.609749806551456,18.609749806551456,True
09Q3.csv,57508,2009,3,REPDTE,20090930,20090930,True
09Q3.csv,57799,2009,3,EQCDIV,238,238.0,True
09Q3.csv,6531,2009,3,EQCDIV,5231,5231.0,True
09Q3.csv,30219,2009,3,NONIXAY,3.6006865031874864,3.6006865031874864,True
09Q3.csv,57444,2009,3,TRADE,0,0.0,True
09Q3.csv,23306,2009,3,CB,1,1.0,True
09Q3.csv,9529,2009,3,MUTUAL,0,0,True
09Q3.csv,14492,2009,3,STCNTY,Marion,Marion,True
09Q3.csv,999,2009,3,ASDROTH,0,0.0,True
09Q3.csv,34929,2009,3,P3ASSET,560,560.0,True
09Q3.csv,11971,2009,3,AOAR,2.9693078124882066,2.9693078124882066,True
09Q3.csv,2380,2009,3,IDNCOTHR,0,0.0,True
09Q3.csv,16247,2009,3,CBLRIND,,,True
09Q3.csv,26688,2009,3,NUMEMP,35,35.0,True
09Q3.csv,35123,2009,3,SZLNOTH,0,0.0,True
09Q3.csv,5227,2009,3,DEP,134539,134539.0,True
09Q3.csv,22460,2009,3,INTINCY,6.191755062364629,6.191755062364629,True
09Q3.csv,16440,2009,3,NOIJ,-1.8100000000000023,-1.8100000000000023,True
09Q3.csv,3178,2009,3,IBEFXTR,31,31.0,True
09Q3.csv,29178,2009,3,NPERFV,11.325654227931418,11.325654227931418,True
09Q3.csv,8487,2009,3,PTAXNETINC,980,980,True
09Q3.csv,10502,2009,3,STMULT,1,1,True
09Q3.csv,30395,2009,3,SZLNHEL,,,True
09Q4.csv,17478,2009,4,NONII,1009,1009.0,True
09Q4.csv,5252,2009,4,DEP,150419,150419.0,True
09Q4.csv,19245,2009,4,IDLNCORR,103.5339930120289,103.5339930120289,True
09Q4.csv,57741,2009,4,NFAA,0,0,True
09Q4.csv,35241,2009,4,LNNDEPC,,,True
09Q4.csv,35329,2009,4,NONIIAY,0.42,0.42,True
09Q4.csv,6800,2009,4,DEPBEFEX,114659,114659.0,True
09Q4.csv,20628,2009,4,FDICDBSDESC,KANSAS CITY,KANSAS CITY,True
09Q4.csv,94,2009,4,BKPREM,1379,1379.0,True
09Q4.csv,14029,2009,4,MUTUAL,0,0,True
09Q4.csv,22353,2009,4,CHBAL,5502,5502.0,True
09Q4.csv,8798,2009,4,ID,8798_20091231,8798_20091231,True
09Q4.csv,58852,2009,4,EEFFR,145.11754068716095,145.11754068716095,True
09Q4.csv,12694,2009,4,LNATRESR,1.7251109316041653,1.7251109316041653,True
09Q4.csv,26450,2009,4,DEPDOM,71509,71509.0,True
09Q4.csv,29224,2009,4,IDLNCORR,96.16181820817208,96.16181820817208,True
09Q4.csv,11411,2009,4,SZLNOTH,0,0.0,True
09Q4.csv,8208,2009,4,LSASCDBT,,,True
09Q4.csv,444,2009,4,MSA_NAME,,,True
09Q4.csv,32284,2009,4,ID,32284_20091231,32284_20091231,True
09Q4.csv,8668,2009,4,TRADE,0,0.0,True
09Q4.csv,58594,2009,4,ELNANTR,112.0026525198939,112.0026525198939,True
09Q4.csv,17598,2009,4,DEPIDOM,222494,222494.0,True
09Q4.csv,30516,2009,4,LSASCDBT,,,True
09Q4.csv,5740,2009,4,CBLRIND,,,True
09Q4.csv,3018,2009,4,NETINC,37,37.0,True
09Q4.csv,58517,2009,4,IDLNCORR,78.8538763169084,78.8538763169084,True
09Q4.csv,9772,2009,4,SZLNRES,0,0.0,True
09Q4.csv,1390,2009,4,DEPNIDOM,24473,24473.0,True
09Q4.csv,4222,2009,4,SZLNCON,0,0.0,True
09Q4.csv,57339,2009,4,CALLFORM,41,41,True
09Q4.csv,22858,2009,4,NONIXAY,1.9834704309133306,1.9834704309133306,True
09Q4.csv,26359,2009,4,NTRERESR,0.8111686709940197,0.8111686709940197,True
09Q4.csv,9679,2009,4,NTRENRSR,0,0.0,True
09Q4.csv,35292,2009,4,P9LTOT,,,True
09Q4.csv,11406,2009,4,NTLNLS,9779,9779.0,True
09Q4.csv,1552,2009,4,DEPIDOM,191246,191246.0,True
09Q4.csv,1058,2009,4,ITAX,1276,1276.0,True
09Q4.csv,33989,2009,4,FREPO,10,10.0,True
09Q4.csv,26853,2009,4,ELNANTR,280.4878048780488,280.4878048780488,True
09Q4.csv,7464,2009,4,IDT1CER,0,0.0,True
09Q4.csv,28892,2009,4,OFFDOM,68,68.0,True
09Q4.csv,32306,2009,4,NCCOMRER,0,0.0,True
09Q4.csv,21227,2009,4,ROEINJR,-0.9634525340301181,-0.9634525340301181,True
09Q4.csv,26627,2009,4,PTAXNETINC,1670,1670,True
09Q4.csv,3902,2009,4,ASSET,106734,106734,True
09Q4.csv,34627,2009,4,P3LTOT,,,True
09Q4.csv,29496,2009,4,RSSDHCR,,,True
09Q4.csv,4626,2009,4,P3ASSET,470,470.0,True
09Q4.csv,58071,2009,4,ROAPTX,-4.626455432088548,-4.626455432088548,True
10Q1.csv,15194,2010,1,NAME,KEARNY COUNTY BANK,KEARNY COUNTY BANK,True
10Q1.csv,27089,2010,1,EXTRA,0,0.0,True
10Q1.csv,58100,2010,1,ASSET,177952,177952,True
10Q1.csv,58714,2010,1,STNAME,TENNESSEE,TENNESSEE,True
10Q1.csv,18820,2010,1,ROAPTX,0.20865158910540632,0.20865158910540632,True
10Q1.csv,7609,2010,1,ROAPTX,0.07791565104317474,0.07791565104317474,True
10Q1.csv,8110,2010,1,NAMEHCR,DUNMIRE AGENCY INC THE,DUNMIRE AGENCY INC THE,True
10Q1.csv,58500,2010,1,LSAOA,0,0.0,True
10Q1.csv,57804,2010,1,NTRENRSR,0,0.0,True
10Q1.csv,58309,2010,1,SC,116139,116139.0,True
10Q1.csv,5732,2010,1,AOAR,0.013080197747871464,0.013080197747871464,True
10Q1.csv,57910,2010,1,NCRER,0,0.0,True
10Q1.csv,23544,2010,1,LNLSNTV,73.68,73.68,True
10Q1.csv,15632,2010,1,ENDEFYMD,99991231,99991231.0,True
10Q1.csv,21258,2010,1,UC,53498,53498.0,True
10Q1.csv,33927,2010,1,FLDOFF,DES MOINES,DES MOINES,True
10Q1.csv,28555,2010,1,REGAGNT,FDIC,FDIC,True
10Q1.csv,17598,2010,1,NTRECOSR,0,0.0,True
10Q1.csv,5442,2010,1,IDNCCIR,4.507558405863491,4.507558405863491,True
10Q1.csv,34727,2010,1,NAASSET,3304,3304,True
10Q1.csv,11671,2010,1,STMULT,0,0,True
10Q1.csv,10123,2010,1,NCRECONR,29.354094579008073,29.354094579008073,True
10Q1.csv,4972,2010,1,NONIX,7150,7150.0,True
10Q1.csv,32541,2010,1,ASSET,14323245,14323245,True
10Q1.csv,27119,2010,1,IDNCOTHR,0,0.0,True
10Q1.csv,5605,2010,1,NAME,BANK OF BREWTON,BANK OF BREWTON,True
10Q1.csv,32368,2010,1,NIMY,3.067227576748717,3.067227576748717,True
10Q1.csv,10965,2010,1,RSSDHCR,1125647,1125647.0,True
10Q1.csv,28886,2010,1,LSASCDBT,0,0.0,True
10Q1.csv,15734,2010,1,P3LTOT,,,True
10Q1.csv,22512,2010,1,NONIIAY,0.63,0.63,True
10Q1.csv,5328,2010,1,AOAR,0.06367402884645339,0.06367402884645339,True
10Q1.csv,8143,2010,1,NIMY,4.323622945786727,4.323622945786727,True
10Q1.csv,10464,2010,1,ASDROTH,0,0.0,True
10Q1.csv,16718,2010,1,NOIJ,296,296.0,True
10Q1.csv,29849,2010,1,NCRECONR,5.911958126425984,5.911958126425984,True
10Q1.csv,17068,2010,1,NCRECONR,0,0.0,True
10Q1.csv,29745,2010,1,INSDATE,19890809,19890809,True
10Q1.csv,17906,2010,1,NTLNLS,33,33.0,True
10Q1.csv,35050,2010,1,EQCSTKRX,0,0.0,True
10Q1.csv,88,2010,1,INSDATE,19340101,19340101,True
10Q1.csv,57742,2010,1,LSAORE,0,0.0,True
10Q1.csv,5490,2010,1,P9ASSET,0,0.0,True
10Q1.csv,9831,2010,1,SZLNCRCD,0,0.0,True
10Q1.csv,32907,2010,1,NIM,1473,1473.0,True
10Q1.csv,31204,2010,1,UC,11432,11432.0,True
10Q1.csv,26638,2010,1,LNLSNTV,81.26,81.26,True
10Q1.csv,5478,2010,1,FEDDESC,KANSAS CITY,KANSAS CITY,True
10Q1.csv,5400,2010,1,LNLSDEPR,48.38991611899978,48.38991611899978,True
10Q1.csv,28362,2010,1,DEPDASTR,80.84,80.84,True
10Q2.csv,6092,2010,2,LSAOA,0,0.0,True
10Q2.csv,4163,2010,2,PARCERT,0,0,True
10Q2.csv,6700,2010,2,DEP,127450,127450.0,True
10Q2.csv,22837,2010,2,TRADE,0,0.0,True
10Q2.csv,1673,2010,2,FLDOFF,SIOUX FALLS,SIOUX FALLS,True
10Q2.csv,28637,2010,2,INTINC,1672,1672.0,True
10Q2.csv,26508,2010,2,NONIIAY,0.46,0.46,True
10Q2.csv,16673,2010,2,LSASCDBT,0,0.0,True
10Q2.csv,1020,2010,2,CBLRIND,,,True
10Q2.csv,10374,2010,2,SPECGRPDESC,AGRICULTURAL SPECIALIZATION,AGRICULTURAL SPECIALIZATION,True
10Q2.csv,21379,2010,2,ROEINJR,3.7540720823206994,3.7540720823206994,True
10Q2.csv,5317,2010,2,CITY,PESHTIGO,PESHTIGO,True
10Q2.csv,23992,2010,2,FDICSUPVDESC,NEW YORK,NEW YORK,True
10Q2.csv,31900,2010,2,MUTUAL,1,1,True
10Q2.csv,33405,2010,2,P9LTOT,,,True
10Q2.csv,505,2010,2,INTINCY,5.612588687621388,5.612588687621388,True
10Q2.csv,17308,2010,2,REPDTE,20100630,20100630,True
10Q2.csv,18944,2010,2,TFRA,0,0,True
10Q2.csv,11704,2010,2,FDICDBSDESC,CHICAGO,CHICAGO,True
10Q2.csv,90169,2010,2,NTLNLS,246,246.0,True
10Q2.csv,13416,2010,2,SZLNCI,0,0.0,True
10Q2.csv,29962,2010,2,NCLNLSR,1.2095386380398263,1.2095386380398263,True
10Q2.csv,27583,2010,2,IDNCOTHR,0,0.0,True
10Q2.csv,5716,2010,2,NETINBM,1275,1275.0,True
10Q2.csv,2154,2010,2,NONIIAY,0.58,0.58,True
10Q2.csv,35266,2010,2,ASDRRES,0,0.0,True
10Q2.csv,9647,2010,2,P3LTOT,,,True
10Q2.csv,27394,2010,2,INTINCY,5.280615129471185,5.280615129471185,True
10Q2.csv,15792,2010,2,FLDOFF,COLUMBIA MO,COLUMBIA MO,True
10Q2.csv,33842,2010,2,LNLSNET,111617,111617.0,True
10Q2.csv,18301,2010,2,NTCOMRER,0,0.0,True
10Q2.csv,10163,2010,2,IDNCGTPR,0,0.0,True
10Q2.csv,7748,2010,2,OFFFOR,0,0.0,True
10Q2.csv,58224,2010,2,NCRENRER,0,0.0,True
10Q2.csv,28348,2010,2,TRADE,0,0.0,True
10Q2.csv,28380,2010,2,NCRERESR,0.5096435546875,0.5096435546875,True
10Q2.csv,21943,2010,2,NCRENRER,5.338561824547996,5.338561824547996,True
10Q2.csv,9070,2010,2,ELNATR,43,43.0,True
10Q2.csv,9384,2010,2,P9ASSET,0,0.0,True
10Q2.csv,12839,2010,2,EEFFR,54.00147228941003,54.00147228941003,True
10Q2.csv,58125,2010,2,ESTYMD,20051101,20051101,True
10Q2.csv,6139,2010,2,TRUST,0,0,True
10Q2.csv,16659,2010,2,AOA,7783,7783,True
10Q2.csv,266,2010,2,NUMEMP,13,13.0,True
10Q2.csv,4241,2010,2,P3LTOT,,,True
10Q2.csv,2735,2010,2,FDICSUPVDESC,CHICAGO,CHICAGO,True
10Q2.csv,31723,2010,2,P9ASSET,157,157.0,True
10Q2.csv,5377,2010,2,NCLNLSR,0.6479770201963971,0.6479770201963971,True
10Q2.csv,7848,2010,2,SZLNCON,0,0.0,True
10Q2.csv,57079,2010,2,NAMEHCR,,,True
10Q3.csv,57608,2010,3,IDNTCIR,0,0.0,True
10Q3.csv,13926,2010,3,NONIIAY,0.24,0.24,True
10Q3.csv,33009,2010,3,TRADE,0,0.0,True
10Q3.csv,19758,2010,3,EXTRA,0,0.0,True
10Q3.csv,12432,2010,3,ROAPTX,0.4861527302667045,0.4861527302667045,True
10Q3.csv,232,2010,3,LSAOA,0,0.0,True
10Q3.csv,5623,2010,3,ELNATRY,0.02,0.02,True
10Q3.csv,57379,2010,3,OBSDIR,0,0.0,True
10Q3.csv,32974,2010,3,NONII,10087,10087.0,True
10Q3.csv,9264,2010,3,FDICSUPVDESC,CHICAGO,CHICAGO,True
10Q3.csv,18734,2010,3,SZLNCRCD,0,0.0,True
10Q3.csv,21809,2010,3,IDERNCVR,0.3888888888888889,0.3888888888888889,True
10Q3.csv,28706,2010,3,NIM,13241,13241.0,True
10Q3.csv,28114,2010,3,TRUST,0,0,True
10Q3.csv,26555,2010,3,LSASCDBT,0,0.0,True
10Q3.csv,15111,2010,3,EQCDIV,156,156.0,True
10Q3.csv,26738,2010,3,NAME,TEXAS FINANCIAL BANK,TEXAS FINANCIAL BANK,True
10Q3.csv,57776,2010,3,TRADE,0,0.0,True
10Q3.csv,4537,2010,3,P3ASSET,4226,4226.0,True
10Q3.csv,33686,2010,3,NONIIAY,,,True
10Q3.csv,15466,2010,3,P9ASSET,10,10.0,True
10Q3.csv,27573,2010,3,STMULT,0,0,True
10Q3.csv,17210,2010,3,SZLNRES,0,0.0,True
10Q3.csv,22621,2010,3,NTLNLS,246,246.0,True
10Q3.csv,27006,2010,3,SZLNCI,0,0.0,True
10Q3.csv,34241,2010,3,EEFFR,54.994405072734054,54.994405072734054,True
10Q3.csv,16631,2010,3,ROEINJR,-5.999924812030074,-5.999924812030074,True
10Q3.csv,3335,2010,3,NTRER,0,0.0,True
10Q3.csv,1713,2010,3,CHBAL,7281,7281.0,True
10Q3.csv,57230,2010,3,DEPDOM,137091,137091.0,True
10Q3.csv,57191,2010,3,OFFOA,0,0.0,True
10Q3.csv,12082,2010,3,NPERFV,0.4830933370971415,0.4830933370971415,True
10Q3.csv,58083,2010,3,EQCSTKRX,0,0.0,True
10Q3.csv,1705,2010,3,NTCOMRER,0,0.0,True
10Q3.csv,35117,2010,3,LNLSNET,86559,86559.0,True
10Q3.csv,13680,2010,3,SUBCHAPS,1,1,True
10Q3.csv,9967,2010,3,EXTRA,0,0.0,True
10Q3.csv,12406,2010,3,ROE,11.73,11.73,True
10Q3.csv,34090,2010,3,NCREMULR,7.478695268880399,7.478695268880399,True
10Q3.csv,91325,2010,3,ROAPTX,6.249094271200586,6.249094271200586,True
10Q3.csv,7025,2010,3,LSASCDBT,0,0.0,True
10Q3.csv,10704,2010,3,NONIX,817,817.0,True
10Q3.csv,8884,2010,3,NETINC,1251,1251.0,True
10Q3.csv,12690,2010,3,EEFFR,134.1796875,134.1796875,True
10Q3.csv,10176,2010,3,INTEXPY,1.3401929193115634,1.3401929193115634,True
10Q3.csv,34973,2010,3,EQTOT,11663,11663.0,True
10Q3.csv,57079,2010,3,DEPCSBQ,563375,563375.0,True
10Q3.csv,34517,2010,3,NCCOMRER,0,0.0,True
10Q3.csv,57849,2010,3,LNLSNET,0,0.0,True
10Q3.csv,16584,2010,3,ASSET,44157,44157,True
10Q4.csv,1993,2010,4,ASTEMPM,3.6894545454545455,3.6894545454545455,True
10Q4.csv,21284,2010,4,TRADE,0,0.0,True
10Q4.csv,25178,2010,4,LSAOA,0,0.0,True
10Q4.csv,2705,2010,4,ASDRRES,,,True
10Q4.csv,13959,2010,4,BKCLASS,NM,NM,True
10Q4.csv,8296,2010,4,CBSA,,,True
10Q4.csv,3947,2010,4,IDT1RWAJR,16.935011301169183,16.935011301169183,True
10Q4.csv,11634,2010,4,INSAGNT1,DIF,DIF,True
10Q4.csv,3607,2010,4,CALLFORM,41,41,True
10Q4.csv,18100,2010,4,NUMEMP,449,449.0,True
10Q4.csv,34575,2010,4,NUMEMP,30,30.0,True
10Q4.csv,3268,2010,4,OCCDISTDESC,SOUTHERN DISTRICT,SOUTHERN DISTRICT,True
10Q4.csv,31361,2010,4,ORE,5707,5707.0,True
10Q4.csv,58878,2010,4,NTCOMRER,0,0.0,True
10Q4.csv,6821,2010,4,QBPRCOMLDESC,ATLANTA,ATLANTA,True
10Q4.csv,57701,2010,4,SZLNRES,0,0.0,True
10Q4.csv,58615,2010,4,LNLSNTV,85.73,85.73,True
10Q4.csv,14485,2010,4,INTINCY,5.028411079366493,5.028411079366493,True
10Q4.csv,2300,2010,4,DEP,59404,59404.0,True
10Q4.csv,34774,2010,4,RSSDID,2713555,2713555,True
10Q4.csv,1612,2010,4,DEPIDOM,22131,22131.0,True
10Q4.csv,17923,2010,4,FLDOFF,KANSAS CITY,KANSAS CITY,True
10Q4.csv,11972,2010,4,TFRA,0,0,True
10Q4.csv,9265,2010,4,EQCDIV,761,761.0,True
10Q4.csv,16495,2010,4,NOIJY,1.3168742702166314,1.3168742702166314,True
10Q4.csv,19662,2010,4,SZLNCI,0,0.0,True
10Q4.csv,4832,2010,4,REGAGNT,FED,FED,True
10Q4.csv,4748,2010,4,CBLRIND,,,True
10Q4.csv,58446,2010,4,LNRESNCR,52.57501119570085,52.57501119570085,True
10Q4.csv,26448,2010,4,NCRER,2.5911921708185055,2.5911921708185055,True
10Q4.csv,29672,2010,4,NTRENRSR,0,0.0,True
10Q4.csv,35118,2010,4,RISDATE,20101231,20101231,True
10Q4.csv,6584,2010,4,SZLAUTO,0,0.0,True
10Q4.csv,1490,2010,4,IDNCGTPR,0,0.0,True
10Q4.csv,15204,2010,4,NOIJ,-793,-793.0,True
10Q4.csv,3133,2010,4,NFAA,0,0,True
10Q4.csv,8354,2010,4,NAMEFULL,IOWA - NEBRASKA STATE BANK,IOWA - NEBRASKA STATE BANK,True
10Q4.csv,9719,2010,4,BKCLASS,NM,NM,True
10Q4.csv,4993,2010,4,LNATRESR,1.6009527621316102,1.6009527621316102,True
10Q4.csv,5589,2010,4,CITY,BONHAM,BONHAM,True
10Q4.csv,58222,2010,4,CALLFORM,41,41,True
10Q4.csv,3326,2010,4,PTAXNETINC,1305,1305,True
10Q4.csv,9770,2010,4,TRUST,0,0,True
10Q4.csv,31628,2010,4,TFRA,0,0,True
10Q4.csv,8243,2010,4,NCREMULR,0,0.0,True
10Q4.csv,9244,2010,4,SUBCHAPS,0,0,True
10Q4.csv,11601,2010,4,ELNATRY,0.21,0.21,True
10Q4.csv,31272,2010,4,PTAXNETINC,967,967,True
10Q4.csv,57417,2010,4,NIMY,3.42591642022367,3.42591642022367,True
10Q4.csv,10802,2010,4,NONIX,1497,1497.0,True
11Q1.csv,29323,2011,1,DEPUNINS,1136,1136,True
11Q1.csv,763,2011,1,RBCRWAJ,13.48652168117547,13.48652168117547,True
11Q1.csv,35338,2011,1,LSASCDBT,0,0.0,True
11Q1.csv,23886,2011,1,RBCRWAJ,15.428952176952226,15.428952176952226,True
11Q1.csv,58563,2011,1,LNATRESR,1.7674397566519284,1.7674397566519284,True
11Q1.csv,14966,2011,1,LIAB,287696,287696.0,True
11Q1.csv,9343,2011,1,LNLSNET,49973,49973.0,True
11Q1.csv,2380,2011,1,LNRESNCR,87.97224363916732,87.97224363916732,True
11Q1.csv,4181,2011,1,INTAN,0,0.0,True
11Q1.csv,34110,2011,1,ASDROTH,0,0.0,True
11Q1.csv,27148,2011,1,IDNCCONR,0,0.0,True
11Q1.csv,15121,2011,1,LNLSNET,151607,151607.0,True
11Q1.csv,26435,2011,1,EQTOT,71970,71970.0,True
11Q1.csv,21567,2011,1,SZLNRES,0,0.0,True
11Q1.csv,11242,2011,1,SZLNCON,0,0.0,True
11Q1.csv,13551,2011,1,NTCOMRER,0,0.0,True
11Q1.csv,4630,2011,1,NCRENRER,0,0.0,True
11Q1.csv,10962,2011,1,RBCRWAJ,15.403915997387807,15.403915997387807,True
11Q1.csv,58136,2011,1,NFAA,0,0,True
11Q1.csv,34302,2011,1,SZLNCON,0,0.0,True
11Q1.csv,15614,2011,1,IGLSEC,0,0.0,True
11Q1.csv,34832,2011,1,NAASSET,20869,20869,True
11Q1.csv,10719,2011,1,ENDEFYMD,99991231,99991231.0,True
11Q1.csv,5186,2011,1,OBSDIR,135,135.0,True
11Q1.csv,5704,2011,1,NIMY,4.805640423031727,4.805640423031727,True
11Q1.csv,17953,2011,1,STNAME,SOUTH CAROLINA,SOUTH CAROLINA,True
11Q1.csv,29926,2011,1,ID,29926_20110331,29926_20110331,True
11Q1.csv,4952,2011,1,NTALLOTHR,0,0.0,True
11Q1.csv,58710,2011,1,DEPFOR,,,True
11Q1.csv,4170,2011,1,NIM,2125,2125.0,True
11Q1.csv,7774,2011,1,EQCSTKRX,0,0.0,True
11Q1.csv,4476,2011,1,IDNCGTPR,90.74074074074075,90.74074074074075,True
11Q1.csv,27942,2011,1,REGAGNT,FDIC,FDIC,True
11Q1.csv,33880,2011,1,NONII,65,65.0,True
11Q1.csv,9359,2011,1,NTALLOTHR,0.1173766322687925,0.1173766322687925,True
11Q1.csv,33802,2011,1,REGAGNT,FDIC,FDIC,True
11Q1.csv,5325,2011,1,NCRENRER,0,0.0,True
11Q1.csv,16030,2011,1,ESTYMD,19090509,19090509,True
11Q1.csv,13025,2011,1,ELNATRY,0.27,0.27,True
11Q1.csv,6161,2011,1,NIM,7252,7252.0,True
11Q1.csv,30595,2011,1,STMULT,1,1,True
11Q1.csv,951,2011,1,NPERFV,1.7473910480879242,1.7473910480879242,True
11Q1.csv,1550,2011,1,IDNTCONR,-0.3908635641871259,-0.3908635641871259,True
11Q1.csv,2828,2011,1,LNNDEPC,,,True
11Q1.csv,2228,2011,1,INSDATE,19340101,19340101,True
11Q1.csv,57901,2011,1,EQCDIV,0,0.0,True
11Q1.csv,8235,2011,1,P3LTOT,0,0.0,True
11Q1.csv,11932,2011,1,MUTUAL,0,0,True
11Q1.csv,28894,2011,1,FLDOFF,INDIANAPOLIS,INDIANAPOLIS,True
11Q1.csv,4185,2011,1,NTRECOSR,10.738255033557047,10.738255033557047,True
11Q2.csv,24960,2011,2,IDT1CER,0,0.0,True
11Q2.csv,23836,2011,2,ERNASTR,95.59,95.59,True
11Q2.csv,2330,2011,2,DEPFOR,,,True
11Q2.csv,11705,2011,2,STCNTY,Whiteside,Whiteside,True
11Q2.csv,23047,2011,2,INSAGNT1,DIF,DIF,True
11Q2.csv,30429,2011,2,LSASCDBT,0,0.0,True
11Q2.csv,23992,2011,2,MUTUAL,1,1,True
11Q2.csv,16160,2011,2,CBSA,"MILWAUKEE-WAUKESHA, WI","MILWAUKEE-WAUKESHA, WI",True
11Q2.csv,34669,2011,2,TRADE,0,0.0,True
11Q2.csv,4549,2011,2,ELNATRY,0.45,0.45,True
11Q2.csv,11013,2011,2,NIM,1672,1672.0,True
11Q2.csv,15306,2011,2,IDNCCONR,0.8788598574821853,0.8788598574821853,True
11Q2.csv,90213,2011,2,IDLNCORR,84.16661378235638,84.16661378235638,True
11Q2.csv,4122,2011,2,P9ASSET,31,31.0,True
11Q2.csv,21955,2011,2,RSSDID,372855,372855,True
11Q2.csv,15050,2011,2,ROAPTX,0.2932651654748696,0.2932651654748696,True
11Q2.csv,8209,2011,2,ASDROTH,0,0.0,True
11Q2.csv,9406,2011,2,P3ASSET,96,96.0,True
11Q2.csv,16609,2011,2,FREPO,3240,3240.0,True
11Q2.csv,2595,2011,2,NONIXAY,2.4992761881294854,2.4992761881294854,True
11Q2.csv,21874,2011,2,BKPREM,5204,5204.0,True
11Q2.csv,5058,2011,2,ASTEMPM,4.303106194690265,4.303106194690265,True
11Q2.csv,31272,2011,2,NONII,245,245.0,True
11Q2.csv,3713,2011,2,HCTMULT,,,True
11Q2.csv,6074,2011,2,FLDOFF,SIOUX FALLS,SIOUX FALLS,True
11Q2.csv,30819,2011,2,CALLFORM,41,41,True
11Q2.csv,29506,2011,2,INSDATE,19890809,19890809,True
11Q2.csv,57082,2011,2,CHBAL,54025,54025.0,True
11Q2.csv,8943,2011,2,STALP,ND,ND,True
11Q2.csv,9678,2011,2,LSASCDBT,0,0.0,True
11Q2.csv,10709,2011,2,EFFDATE,20060331,20060331,True
11Q2.csv,15164,2011,2,DEPALLEX,0,0.0,True
11Q2.csv,58562,2011,2,DEPUNINS,9008,9008,True
11Q2.csv,57598,2011,2,ELNANTR,356.3106796116505,356.3106796116505,True
11Q2.csv,58660,2011,2,NONII,66,66.0,True
11Q2.csv,12314,2011,2,ROEINJR,-0.24140012070006037,-0.24140012070006037,True
11Q2.csv,58617,2011,2,EQCSTKRX,62,62.0,True
11Q2.csv,24979,2011,2,STALP,TX,TX,True
11Q2.csv,57420,2011,2,NALTOT,0,0.0,True
11Q2.csv,29786,2011,2,CB,1,1.0,True
11Q2.csv,34093,2011,2,IDNTCIR,6.787595084844939,6.787595084844939,True
11Q2.csv,22874,2011,2,STCNTY,Macon,Macon,True
11Q2.csv,58219,2011,2,NOIJ,518.08,518.08,True
11Q2.csv,58864,2011,2,PTAXNETINC,-1267,-1267,True
11Q2.csv,23250,2011,2,NTCOMRER,0,0.0,True
11Q2.csv,2145,2011,2,NCRER,7.47236905333974,7.47236905333974,True
11Q2.csv,12406,2011,2,SZLNRES,0,0.0,True
11Q2.csv,3842,2011,2,DEPBEFEX,278540,278540.0,True
11Q2.csv,58537,2011,2,REGAGNT,FDIC,FDIC,True
11Q2.csv,58816,2011,2,ZIP,90017,90017,True
11Q3.csv,16040,2011,3,EFFDATE,20110721,20110721,True
11Q3.csv,6191,2011,3,ERNASTR,86.28,86.28,True
11Q3.csv,16453,2011,3,NCLNLSR,0.27734496727952634,0.27734496727952634,True
11Q3.csv,57844,2011,3,OBSDIR,0,0.0,True
11Q3.csv,14498,2011,3,IBEFXTR,277,277.0,True
11Q3.csv,22657,2011,3,NAMEFULL,CITIZENS STATE BANK,CITIZENS STATE BANK,True
11Q3.csv,14178,2011,3,LNLSNET,27523,27523.0,True
11Q3.csv,58291,2011,3,BKPREM,30,30.0,True
11Q3.csv,16589,2011,3,LNLSDEPR,71.55318958575646,71.55318958575646,True
11Q3.csv,14293,2011,3,EQV,12.111856482187324,12.111856482187324,True
11Q3.csv,9812,2011,3,DEPUNINS,1954,1954,True
11Q3.csv,8021,2011,3,REPDTE,20110930,20110930,True
11Q3.csv,16895,2011,3,INTINCY,5.403615567191059,5.403615567191059,True
11Q3.csv,26555,2011,3,SZLNHEL,0,0.0,True
11Q3.csv,35278,2011,3,SZLNCRCD,0,0.0,True
11Q3.csv,8141,2011,3,DEPDASTR,88.44,88.44,True
11Q3.csv,8310,2011,3,SZLNCRCD,0,0.0,True
11Q3.csv,10375,2011,3,CBSA,,,True
11Q3.csv,17443,2011,3,MUTUAL,1,1,True
11Q3.csv,15035,2011,3,TRUST,1,1,True
11Q3.csv,5271,2011,3,TRADE,0,0.0,True
11Q3.csv,31313,2011,3,PARCERT,0,0,True
11Q3.csv,20504,2011,3,IDLNCORR,79.99389092410092,79.99389092410092,True
11Q3.csv,19234,2011,3,NCLNLSR,7.006137451945775,7.006137451945775,True
11Q3.csv,1756,2011,3,LNNDEPD,0,0.0,True
11Q3.csv,20387,2011,3,EXTRA,0,0.0,True
11Q3.csv,22229,2011,3,NETINC,271,271.0,True
11Q3.csv,17174,2011,3,BKCLASS,NM,NM,True
11Q3.csv,10236,2011,3,DEP,95360,95360.0,True
11Q3.csv,58325,2011,3,RSSDID,3398100,3398100,True
11Q3.csv,27506,2011,3,INTINCY,4.394034115409901,4.394034115409901,True
11Q3.csv,90253,2011,3,SZLNCON,0,0.0,True
11Q3.csv,27852,2011,3,ESTYMD,19050101,19050101,True
11Q3.csv,17639,2011,3,P3LTOT,0,0.0,True
11Q3.csv,8218,2011,3,CHBAL,2944,2944.0,True
11Q3.csv,19087,2011,3,INSDATE,19640406,19640406,True
11Q3.csv,22549,2011,3,DEPINS,19907,19907.0,True
11Q3.csv,230,2011,3,RISDATE,20110930,20110930,True
11Q3.csv,17009,2011,3,ESTYMD,19500810,19500810,True
11Q3.csv,32158,2011,3,NFAA,0,0,True
11Q3.csv,7461,2011,3,NIM,5344,5344.0,True
11Q3.csv,28918,2011,3,STMULT,0,0,True
11Q3.csv,58172,2011,3,DEPALLEX,0,0.0,True
11Q3.csv,2767,2011,3,SZLNHEL,0,0.0,True
11Q3.csv,57650,2011,3,ID,57650_20110930,57650_20110930,True
11Q3.csv,4569,2011,3,IDT1RWAJR,17.326345280649214,17.326345280649214,True
11Q3.csv,14069,2011,3,CITY,SCOTIA,SCOTIA,True
11Q3.csv,1906,2011,3,ASSET,61743,61743,True
11Q3.csv,34681,2011,3,IDNCOTHR,0,0.0,True
11Q3.csv,15484,2011,3,EEFFR,93.33107650643196,93.33107650643196,True
11Q4.csv,8700,2011,4,PTAXNETINC,671,671,True
11Q4.csv,9387,2011,4,RSSDID,615459,615459,True
11Q4.csv,4084,2011,4,INTINCY,4.767494156689313,4.767494156689313,True
11Q4.csv,936,2011,4,CB,1,1.0,True
11Q4.csv,16423,2011,4,OCCDISTDESC,null,,True
11Q4.csv,17241,2011,4,ACTIVE,1,1,True
11Q4.csv,622,2011,4,INTEXPY,1.512090150233442,1.512090150233442,True
11Q4.csv,32908,2011,4,NIMY,8.18137083098796,8.18137083098796,True
11Q4.csv,10918,2011,4,STMULT,0,0,True
11Q4.csv,29986,2011,4,FREPO,0,0.0,True
11Q4.csv,57562,2011,4,CHBAL,18794,18794.0,True
11Q4.csv,58762,2011,4,IDNCOTHR,0,0.0,True
11Q4.csv,28934,2011,4,OFFDOM,1,1.0,True
11Q4.csv,57598,2011,4,ROAPTX,0.4159272117007274,0.4159272117007274,True
11Q4.csv,16595,2011,4,NOIJY,1.0661231590544546,1.0661231590544546,True
11Q4.csv,29089,2011,4,DEPFOR,,,True
11Q4.csv,34211,2011,4,LNATRESR,1.3093357060755075,1.3093357060755075,True
11Q4.csv,31488,2011,4,REPDTE,20111231,20111231,True
11Q4.csv,18843,2011,4,OCCDISTDESC,null,,True
11Q4.csv,21714,2011,4,OFFFOR,0,0.0,True
11Q4.csv,30890,2011,4,DEPALLEX,0,0.0,True
11Q4.csv,526,2011,4,PTAXNETINC,-141,-141,True
11Q4.csv,90582,2011,4,FREPO,0,0.0,True
11Q4.csv,32084,2011,4,NTCOMRER,0,0.0,True
11Q4.csv,58223,2011,4,AOA,1619,1619,True
11Q4.csv,23546,2011,4,P3ASSET,564,564.0,True
11Q4.csv,24211,2011,4,ROE,1.11,1.11,True
11Q4.csv,58124,2011,4,PARCERT,0,0,True
11Q4.csv,15630,2011,4,MUTUAL,0,0,True
11Q4.csv,6544,2011,4,NPERFV,1.8010835796480238,1.8010835796480238,True
11Q4.csv,16171,2011,4,CBSA,"JOHNSTOWN, PA","JOHNSTOWN, PA",True
11Q4.csv,58106,2011,4,AOA,269,269,True
11Q4.csv,9123,2011,4,NTALLOTHR,0.30412885331257145,0.30412885331257145,True
11Q4.csv,5520,2011,4,DEPFOR,,,True
11Q4.csv,20443,2011,4,AOAR,0.008353816800453788,0.008353816800453788,True
11Q4.csv,2203,2011,4,IDNCGTPR,0,0.0,True
11Q4.csv,23989,2011,4,NETINBM,837,837.0,True
11Q4.csv,25749,2011,4,CALLFORM,41,41,True
11Q4.csv,12869,2011,4,DEPDASTR,77.39,77.39,True
11Q4.csv,11699,2011,4,FREPO,0,0.0,True
11Q4.csv,7356,2011,4,RBCRWAJ,15.132472196048463,15.132472196048463,True
11Q4.csv,18584,2011,4,EQV,7.988168047861261,7.988168047861261,True
11Q4.csv,444,2011,4,NIMY,4.020949806921755,4.020949806921755,True
11Q4.csv,13784,2011,4,FDICSUPVDESC,CHICAGO,CHICAGO,True
11Q4.csv,3387,2011,4,INTAN,3041,3041.0,True
11Q4.csv,6103,2011,4,NTRER,0.39610550938230976,0.39610550938230976,True
11Q4.csv,9172,2011,4,SZLNCRCD,0,0.0,True
11Q4.csv,35338,2011,4,DEP,255758,255758.0,True
11Q4.csv,15752,2011,4,DEPINS,588008,588008.0,True
11Q4.csv,34146,2011,4,BKCLASS,NM,NM,True
12Q1.csv,19358,2012,1,IDNCCONR,4.415790868144485,4.415790868144485,True
12Q1.csv,19689,2012,1,FREPO,5107,5107.0,True
12Q1.csv,11241,2012,1,INTEXPY,0.7330301707318015,0.7330301707318015,True
12Q1.csv,58333,2012,1,CHBAL,12038,12038.0,True
12Q1.csv,34697,2012,1,ASDRRES,0,0.0,True
12Q1.csv,7848,2012,1,ASDRRES,671,671.0,True
12Q1.csv,58522,2012,1,LSAORE,0,0.0,True
12Q1.csv,35031,2012,1,STNAME,IOWA,IOWA,True
12Q1.csv,26539,2012,1,NUMEMP,83,83.0,True
12Q1.csv,31972,2012,1,AOA,680,680,True
12Q1.csv,29293,2012,1,NIMY,3.22372342539241,3.22372342539241,True
12Q1.csv,27334,2012,1,DEPCSBQ,21281119,21281119.0,True
12Q1.csv,19230,2012,1,ROE,3.54,3.54,True
12Q1.csv,13802,2012,1,FDICSUPVDESC,CHICAGO,CHICAGO,True
12Q1.csv,2753,2012,1,EQV,9.504630795003775,9.504630795003775,True
12Q1.csv,35513,2012,1,IGLSEC,0,0.0,True
12Q1.csv,14790,2012,1,NONIIAY,2.31,2.31,True
12Q1.csv,58583,2012,1,DEPFOR,,,True
12Q1.csv,58131,2012,1,ASDROTH,0,0.0,True
12Q1.csv,14023,2012,1,CHBAL,83275,83275.0,True
12Q1.csv,34249,2012,1,NTRENRSR,0,0.0,True
12Q1.csv,15098,2012,1,ROEINJR,-2.552415679124886,-2.552415679124886,True
12Q1.csv,16603,2012,1,NOIJY,0.6018641068866072,0.6018641068866072,True
12Q1.csv,30099,2012,1,NIM,1950,1950.0,True
12Q1.csv,58085,2012,1,EQCSTKRX,45,45.0,True
12Q1.csv,18209,2012,1,IDLNCORR,83.63469341898305,83.63469341898305,True
12Q1.csv,35200,2012,1,PARCERT,0,0,True
12Q1.csv,8074,2012,1,IGLSEC,0,0.0,True
12Q1.csv,12314,2012,1,NETINBM,63,63.0,True
12Q1.csv,57391,2012,1,CBLRIND,,,True
12Q1.csv,58278,2012,1,EINTEXP,66,66.0,True
12Q1.csv,27767,2012,1,NTLNLSR,1.3457084047658714,1.3457084047658714,True
12Q1.csv,9369,2012,1,INSAGNT1,DIF,DIF,True
12Q1.csv,15687,2012,1,LSAOA,0,0.0,True
12Q1.csv,18518,2012,1,NTLNLSR,0.007477194556602363,0.007477194556602363,True
12Q1.csv,14929,2012,1,NTRECOSR,0,0.0,True
12Q1.csv,19480,2012,1,NCRENRER,0,0.0,True
12Q1.csv,25173,2012,1,NOIJ,417,417.0,True
12Q1.csv,5685,2012,1,ELNATRY,0.57,0.57,True
12Q1.csv,11140,2012,1,COREDEP,33845,33845.0,True
12Q1.csv,31694,2012,1,NTRENRSR,0,0.0,True
12Q1.csv,23966,2012,1,NIMY,2.7365959476887984,2.7365959476887984,True
12Q1.csv,3720,2012,1,NTRENRSR,0,0.0,True
12Q1.csv,4067,2012,1,NAME,OKLAHOMA BANK&TRUST CO,OKLAHOMA BANK&TRUST CO,True
12Q1.csv,18429,2012,1,NETINC,9789,9789.0,True
12Q1.csv,14266,2012,1,FDICSUPVDESC,CHICAGO,CHICAGO,True
12Q1.csv,11907,2012,1,RBCRWAJ,23.969247516668936,23.969247516668936,True
12Q1.csv,34259,2012,1,INTINC,8101,8101.0,True
12Q1.csv,28094,2012,1,LNNDEPC,,,True
12Q1.csv,4760,2012,1,SZLNRES,0,0.0,True
12Q2.csv,21649,2012,2,AOA,2026,2026,True
12Q2.csv,31972,2012,2,ASDRRES,0,0.0,True
12Q2.csv,20624,2012,2,TRADE,0,0.0,True
12Q2.csv,18194,2012,2,ASSET,529293,529293,True
12Q2.csv,11623,2012,2,NETINBM,223,223.0,True
12Q2.csv,16940,2012,2,NCRENRER,2.229927616504044,2.229927616504044,True
12Q2.csv,5557,2012,2,LNATRESR,1.638385020479813,1.638385020479813,True
12Q2.csv,17884,2012,2,NCRERESR,0.23616734143049933,0.23616734143049933,True
12Q2.csv,13113,2012,2,AOAR,0.012598183109211094,0.012598183109211094,True
12Q2.csv,12298,2012,2,NCREMULR,0,0.0,True
12Q2.csv,14136,2012,2,ROAPTX,0.25805623314931314,0.25805623314931314,True
12Q2.csv,35274,2012,2,LSALNLS,0,0.0,True
12Q2.csv,34524,2012,2,ASDROTH,0,0.0,True
12Q2.csv,876,2012,2,NAMEHCR,DAWSON BANCSHARES INC,DAWSON BANCSHARES INC,True
12Q2.csv,23544,2012,2,TRADE,0,0.0,True
12Q2.csv,9865,2012,2,NOIJY,-0.11195548921156195,-0.11195548921156195,True
12Q2.csv,9313,2012,2,NTRERESR,0,0.0,True
12Q2.csv,11264,2012,2,P9ASSET,0,0.0,True
12Q2.csv,12921,2012,2,INTINC,2526,2526.0,True
12Q2.csv,6110,2012,2,CALLFORM,41,41,True
12Q2.csv,27619,2012,2,FEDDESC,RICHMOND,RICHMOND,True
12Q2.csv,28246,2012,2,ASDROTH,0,0.0,True
12Q2.csv,57904,2012,2,DEPINS,634372,634372.0,True
12Q2.csv,955,2012,2,NAMEHCR,FORT MADISON FINANCIAL CO,FORT MADISON FINANCIAL CO,True
12Q2.csv,3348,2012,2,ORE,472,472.0,True
12Q2.csv,23099,2012,2,P9LTOT,0,0.0,True
12Q2.csv,15930,2012,2,NTCOMRER,0,0.0,True
12Q2.csv,30220,2012,2,TFRA,0,0,True
12Q2.csv,17452,2012,2,DEPNIDOM,4845,4845.0,True
12Q2.csv,10161,2012,2,IDT1CER,0,0.0,True
12Q2.csv,1757,2012,2,INTINC,3176,3176.0,True
12Q2.csv,10127,2012,2,ESTYMD,19000101,19000101,True
12Q2.csv,622,2012,2,NCLNLSR,5.0506039716623725,5.0506039716623725,True
12Q2.csv,16032,2012,2,FDICSUPVDESC,NEW YORK,NEW YORK,True
12Q2.csv,11242,2012,2,SZLNRES,0,0.0,True
12Q2.csv,12166,2012,2,SPECGRPDESC,MORTGAGE LENDING SPECIALIZATION,MORTGAGE LENDING SPECIALIZATION,True
12Q2.csv,34781,2012,2,CITY,OGDEN,OGDEN,True
12Q2.csv,9950,2012,2,EQTOT,6044,6044.0,True
12Q2.csv,57135,2012,2,SZLAUTO,0,0.0,True
12Q2.csv,26487,2012,2,CITY,WALPOLE,WALPOLE,True
12Q2.csv,26647,2012,2,HCTMULT,,,True
12Q2.csv,10122,2012,2,FEDDESC,CHICAGO,CHICAGO,True
12Q2.csv,57280,2012,2,SZLNCON,0,0.0,True
12Q2.csv,28555,2012,2,COREDEP,58433,58433.0,True
12Q2.csv,33314,2012,2,AOAR,0.034937591718870814,0.034937591718870814,True
12Q2.csv,13216,2012,2,IDERNCVR,6.898039215686275,6.898039215686275,True
12Q2.csv,4365,2012,2,RSSDID,17147,17147,True
12Q2.csv,35033,2012,2,ITAX,85,85.0,True
12Q2.csv,4324,2012,2,DEPCSBQ,227265,227265.0,True
12Q2.csv,58296,2012,2,EQ,21597,21597.0,True
12Q3.csv,34319,2012,3,EQCDIVNTINC,0,0.0,True
12Q3.csv,11469,2012,3,LIAB,24890,24890.0,True
12Q3.csv,3713,2012,3,CBSA,"CHICAGO-NAPERVILLE-ELGIN, IL-IN","CHICAGO-NAPERVILLE-ELGIN, IL-IN",True
12Q3.csv,8063,2012,3,FDICDBSDESC,CHICAGO,CHICAGO,True
12Q3.csv,16501,2012,3,ASDROTH,0,0.0,True
12Q3.csv,7230,2012,3,P9LTOT,0,0.0,True
12Q3.csv,34395,2012,3,LNATRESR,0.6277829350032255,0.6277829350032255,True
12Q3.csv,8868,2012,3,EINTEXP,3588,3588.0,True
12Q3.csv,35477,2012,3,IDNCGTPR,0,0.0,True
12Q3.csv,19101,2012,3,NTREMULR,0,0.0,True
12Q3.csv,33010,2012,3,MSA_NAME,,,True
12Q3.csv,19720,2012,3,MUTUAL,0,0,True
12Q3.csv,12591,2012,3,NCRER,0,0.0,True
12Q3.csv,28652,2012,3,LNLSDEPR,90.50729583048974,90.50729583048974,True
12Q3.csv,30744,2012,3,NTLNLSR,0.052023289132754155,0.052023289132754155,True
12Q3.csv,14420,2012,3,ROE,6.32,6.32,True
12Q3.csv,33511,2012,3,STMULT,0,0,True
12Q3.csv,4675,2012,3,DEPINS,54729,54729.0,True
12Q3.csv,1744,2012,3,LSAOA,0,0.0,True
12Q3.csv,23702,2012,3,LNLSNET,91450953,91450953.0,True
12Q3.csv,3610,2012,3,LNLSNTV,40.7,40.7,True
12Q3.csv,3881,2012,3,PARCERT,0,0,True
12Q3.csv,8640,2012,3,NAMEHCR,TOLNA BCORP INC,TOLNA BCORP INC,True
12Q3.csv,58245,2012,3,CB,1,1.0,True
12Q3.csv,35320,2012,3,LNATRESR,1.56535979192756,1.56535979192756,True
12Q3.csv,31184,2012,3,NCCOMRER,0,0.0,True
12Q3.csv,58662,2012,3,DEPALLEX,896,896.0,True
12Q3.csv,20296,2012,3,INTINC,109490,109490.0,True
12Q3.csv,5033,2012,3,IDNTCIR,12.595033254424528,12.595033254424528,True
12Q3.csv,3863,2012,3,NONIIAY,0.66,0.66,True
12Q3.csv,16026,2012,3,LNNDEPD,0,0.0,True
12Q3.csv,16395,2012,3,REPDTE,20120930,20120930,True
12Q3.csv,15945,2012,3,INTAN,0,0.0,True
12Q3.csv,5270,2012,3,FREPO,0,0.0,True
12Q3.csv,9105,2012,3,IDNCCIR,5.669156360964859,5.669156360964859,True
12Q3.csv,58706,2012,3,ELNATR,419,419.0,True
12Q3.csv,12417,2012,3,NIM,1750,1750.0,True
12Q3.csv,14969,2012,3,ROAPTX,0.8862480271636364,0.8862480271636364,True
12Q3.csv,28925,2012,3,MUTUAL,0,0,True
12Q3.csv,26708,2012,3,SZLNCRCD,0,0.0,True
12Q3.csv,27178,2012,3,CITY,HILL CITY,HILL CITY,True
12Q3.csv,4049,2012,3,NCRER,2.991012072541616,2.991012072541616,True
12Q3.csv,12692,2012,3,INTINCY,3.315558772222841,3.315558772222841,True
12Q3.csv,15272,2012,3,SZLNCON,0,0.0,True
12Q3.csv,15873,2012,3,MSA_NAME,,,True
12Q3.csv,5523,2012,3,SZLAUTO,0,0.0,True
12Q3.csv,3511,2012,3,SZLNCI,0,0.0,True
12Q3.csv,20626,2012,3,OCCDISTDESC,null,,True
12Q3.csv,34610,2012,3,NFAA,0,0,True
12Q3.csv,58728,2012,3,NTRENRSR,0,0.0,True
12Q4.csv,4503,2012,4,NALTOT,0,0.0,True
12Q4.csv,17477,2012,4,NTCOMRER,0,0.0,True
12Q4.csv,16704,2012,4,BKPREM,4996,4996.0,True
12Q4.csv,18528,2012,4,CBLRIND,,,True
12Q4.csv,16127,2012,4,BKPREM,2877,2877.0,True
12Q4.csv,9465,2012,4,EQ,34127,34127.0,True
12Q4.csv,22040,2012,4,DEPFOR,,,True
12Q4.csv,10520,2012,4,NAMEHCR,CITIZENS BCORP MOREHEAD INC,CITIZENS BCORP MOREHEAD INC,True
12Q4.csv,1198,2012,4,DEPCSBQ,122559,122559.0,True
12Q4.csv,29703,2012,4,NCRENRER,6.796673358187554,6.796673358187554,True
12Q4.csv,15565,2012,4,ROAPTX,1.810970953740076,1.810970953740076,True
12Q4.csv,3018,2012,4,NCRER,5.767441860465116,5.767441860465116,True
12Q4.csv,33846,2012,4,SZLNCI,0,0.0,True
12Q4.csv,267,2012,4,STNAME,KENTUCKY,KENTUCKY,True
12Q4.csv,13303,2012,4,INTINC,11249,11249.0,True
12Q4.csv,58095,2012,4,FLDOFF,SALT LAKE CITY,SALT LAKE CITY,True
12Q4.csv,12692,2012,4,INTAN,0,0.0,True
12Q4.csv,29049,2012,4,LSAOA,0,0.0,True
12Q4.csv,28400,2012,4,LNRESNCR,60.79250280126311,60.79250280126311,True
12Q4.csv,19340,2012,4,LIAB,123863,123863.0,True
12Q4.csv,20198,2012,4,IBEFXTR,3659,3659.0,True
12Q4.csv,32188,2012,4,QBPRCOMLDESC,DALLAS,DALLAS,True
12Q4.csv,10919,2012,4,STNAME,KANSAS,KANSAS,True
12Q4.csv,9769,2012,4,NETINC,-499,-499.0,True
12Q4.csv,5193,2012,4,CALLFORM,41,41,True
12Q4.csv,27943,2012,4,NAMEFULL,BRENTWOOD BANK,BRENTWOOD BANK,True
12Q4.csv,7631,2012,4,NAMEHCR,UNB CORP,UNB CORP,True
12Q4.csv,22070,2012,4,P9ASSET,31,31.0,True
12Q4.csv,57777,2012,4,PARCERT,0,0,True
12Q4.csv,10709,2012,4,NTLNLSR,0.04570115362769229,0.04570115362769229,True
12Q4.csv,1972,2012,4,NONIIAY,0.38,0.38,True
12Q4.csv,10497,2012,4,BKPREM,908,908.0,True
12Q4.csv,29523,2012,4,STALP,IN,IN,True
12Q4.csv,16780,2012,4,SZLNRES,0,0.0,True
12Q4.csv,9817,2012,4,PARCERT,0,0,True
12Q4.csv,3178,2012,4,AOA,372,372,True
12Q4.csv,5615,2012,4,FLDOFF,LITTLE ROCK,LITTLE ROCK,True
12Q4.csv,29241,2012,4,OFFFOR,0,0.0,True
12Q4.csv,15136,2012,4,NTRENRSR,0.42087101317987363,0.42087101317987363,True
12Q4.csv,57825,2012,4,NAME,NASHVILLE BANK&TRUST CO,NASHVILLE BANK&TRUST CO,True
12Q4.csv,1945,2012,4,TRUST,0,0,True
12Q4.csv,57665,2012,4,IDNCOTHR,0,0.0,True
12Q4.csv,5744,2012,4,IDNCOTHR,0.10460251046025104,0.10460251046025104,True
12Q4.csv,21573,2012,4,IDLNCORR,88.93187917234698,88.93187917234698,True
12Q4.csv,34473,2012,4,NFAA,0,0,True
12Q4.csv,8172,2012,4,NETINBM,1191,1191.0,True
12Q4.csv,12717,2012,4,SZLNCI,0,0.0,True
12Q4.csv,235,2012,4,EQV,8.85586113524764,8.85586113524764,True
12Q4.csv,22263,2012,4,CBLRIND,,,True
12Q4.csv,18719,2012,4,ASDROTH,0,0.0,True
13Q1.csv,19212,2013,1,EINTEXP,521,521.0,True
13Q1.csv,13841,2013,1,SC,11904,11904.0,True
13Q1.csv,17514,2013,1,IDNCGTPR,0.021947472382763917,0.021947472382763917,True
13Q1.csv,27811,2013,1,P9ASSET,59,59.0,True
13Q1.csv,13737,2013,1,IDLNCORR,70.12149392530374,70.12149392530374,True
13Q1.csv,16723,2013,1,NUMEMP,113,113.0,True
13Q1.csv,32917,2013,1,ELNATRY,1.55,1.55,True
13Q1.csv,35100,2013,1,MUTUAL,0,0,True
13Q1.csv,22597,2013,1,PTAXNETINC,2920,2920,True
13Q1.csv,30315,2013,1,NCREMULR,0,0.0,True
13Q1.csv,57181,2013,1,NTRER,-0.2167911522111004,-0.2167911522111004,True
13Q1.csv,19774,2013,1,ROE,4.25,4.25,True
13Q1.csv,248,2013,1,UC,23665,23665.0,True
13Q1.csv,15321,2013,1,NONII,1569,1569.0,True
13Q1.csv,58486,2013,1,DEPIDOM,446014,446014.0,True
13Q1.csv,19396,2013,1,IDNCCIR,0,0.0,True
13Q1.csv,57689,2013,1,DEPCSBQ,110544,110544.0,True
13Q1.csv,15326,2013,1,NOIJY,2.129788208163058,2.129788208163058,True
13Q1.csv,29861,2013,1,ITAX,522,522.0,True
13Q1.csv,16207,2013,1,CALLFORM,41,41,True
13Q1.csv,5473,2013,1,SZLNRES,0,0.0,True
13Q1.csv,10856,2013,1,CITY,BRIMFIELD,BRIMFIELD,True
13Q1.csv,8908,2013,1,OCCDISTDESC,null,,True
13Q1.csv,5676,2013,1,LNLSNTV,46.39,46.39,True
13Q1.csv,4988,2013,1,P3ASSET,74745,74745.0,True
13Q1.csv,58509,2013,1,NTLNLSR,0.05674921575736558,0.05674921575736558,True
13Q1.csv,26379,2013,1,STALP,MS,MS,True
13Q1.csv,1609,2013,1,DEPINS,107732,107732.0,True
13Q1.csv,1388,2013,1,ID,1388_20130331,1388_20130331,True
13Q1.csv,1693,2013,1,IDNCGTPR,0,0.0,True
13Q1.csv,8355,2013,1,LNLSNET,38466,38466.0,True
13Q1.csv,3837,2013,1,FREPO,2843,2843.0,True
13Q1.csv,34445,2013,1,DEPUNINS,12706,12706,True
13Q1.csv,14326,2013,1,PARCERT,0,0,True
13Q1.csv,22242,2013,1,IDERNCVR,0,0.0,True
13Q1.csv,17557,2013,1,LSALNLS,0,0.0,True
13Q1.csv,17281,2013,1,FDICSUPVDESC,SAN FRANCISCO,SAN FRANCISCO,True
13Q1.csv,10872,2013,1,EXTRA,0,0.0,True
13Q1.csv,19285,2013,1,DEPDOM,241005,241005.0,True
13Q1.csv,30119,2013,1,FLDOFF,WEXFORD,WEXFORD,True
13Q1.csv,4746,2013,1,OFFDOM,5,5.0,True
13Q1.csv,12722,2013,1,ASSET,36803,36803,True
13Q1.csv,27716,2013,1,STCNTY,Jefferson,Jefferson,True
13Q1.csv,4193,2013,1,EQV,11.6461205505004,11.6461205505004,True
13Q1.csv,251,2013,1,CALLFORM,41,41,True
13Q1.csv,15200,2013,1,P9ASSET,1,1.0,True
13Q1.csv,4193,2013,1,IDNCCONR,1.4481707317073171,1.4481707317073171,True
13Q1.csv,15584,2013,1,NOIJY,0.9332812264212998,0.9332812264212998,True
13Q1.csv,30969,2013,1,AOA,1509,1509,True
13Q1.csv,17524,2013,1,CHBAL,29870,29870.0,True
13Q2.csv,9327,2013,2,SZLNCI,0,0.0,True
13Q2.csv,22221,2013,2,NAMEFULL,SUSSEX BANK,SUSSEX BANK,True
13Q2.csv,28614,2013,2,NFAA,0,0,True
13Q2.csv,9024,2013,2,NPERFV,1.498373951098085,1.498373951098085,True
13Q2.csv,12258,2013,2,DEPALLEX,0,0.0,True
13Q2.csv,22180,2013,2,OBSDIR,0,0.0,True
13Q2.csv,9388,2013,2,P9LTOT,0,0.0,True
13Q2.csv,16863,2013,2,DEPFOR,,,True
13Q2.csv,9871,2013,2,DEPDASTR,80.86,80.86,True
13Q2.csv,14701,2013,2,NIM,1576,1576.0,True
13Q2.csv,8546,2013,2,IDNTCONR,0,0.0,True
13Q2.csv,23123,2013,2,NAASSET,2350,2350,True
13Q2.csv,15642,2013,2,IDNCOTHR,1.7590737029614785,1.7590737029614785,True
13Q2.csv,15630,2013,2,EQV,14.549688913065651,14.549688913065651,True
13Q2.csv,19487,2013,2,NTRECOSR,0,0.0,True
13Q2.csv,26601,2013,2,EXTRA,0,0.0,True
13Q2.csv,11715,2013,2,ASTEMPM,3.697058823529412,3.697058823529412,True
13Q2.csv,57997,2013,2,NONIX,13921,13921.0,True
13Q2.csv,28866,2013,2,MSA_NAME,,,True
13Q2.csv,19125,2013,2,EQCSTKRX,0,0.0,True
13Q2.csv,17715,2013,2,COREDEP,322251,322251.0,True
13Q2.csv,24920,2013,2,ORE,210,210.0,True
13Q2.csv,313,2013,2,EQCDIV,109,109.0,True
13Q2.csv,10157,2013,2,EQTOT,19883,19883.0,True
13Q2.csv,4255,2013,2,IDNCGTPR,7.985907222548444,7.985907222548444,True
13Q2.csv,11731,2013,2,REPDTE,20130630,20130630,True
13Q2.csv,14260,2013,2,LNRESNCR,174.08906882591094,174.08906882591094,True
13Q2.csv,4177,2013,2,EQCDIV,150,150.0,True
13Q2.csv,9099,2013,2,LNLSNTV,37.8,37.8,True
13Q2.csv,22752,2013,2,RSSDID,766258,766258,True
13Q2.csv,34496,2013,2,ROA,0.40497323836641314,0.40497323836641314,True
13Q2.csv,10619,2013,2,OBSDIR,4299,4299.0,True
13Q2.csv,12355,2013,2,DEPFOR,,,True
13Q2.csv,8494,2013,2,ENDEFYMD,20170501,20170501.0,True
13Q2.csv,18148,2013,2,NCRER,1.9068255687973996,1.9068255687973996,True
13Q2.csv,58311,2013,2,STNAME,DELAWARE,DELAWARE,True
13Q2.csv,14344,2013,2,NTLNLS,47,47.0,True
13Q2.csv,12244,2013,2,DEPDASTR,64.93,64.93,True
13Q2.csv,57640,2013,2,LSASCDBT,0,0.0,True
13Q2.csv,9330,2013,2,AOAR,0.035152401707615605,0.035152401707615605,True
13Q2.csv,30401,2013,2,IDNTCONR,0,0.0,True
13Q2.csv,10111,2013,2,HCTMULT,1,1.0,True
13Q2.csv,18089,2013,2,IDNCOTHR,0,0.0,True
13Q2.csv,25328,2013,2,NCLNLSR,0.22721013494904985,0.22721013494904985,True
13Q2.csv,26960,2013,2,EXTRA,0,0.0,True
13Q2.csv,17602,2013,2,P3LTOT,0,0.0,True
13Q2.csv,14266,2013,2,DEPCSBQ,415416,415416.0,True
13Q2.csv,19813,2013,2,NOIJY,0.8737177730007359,0.8737177730007359,True
13Q2.csv,11603,2013,2,EQ,8875,8875.0,True
13Q2.csv,11307,2013,2,NTRENRSR,0,0.0,True
13Q3.csv,35513,2013,3,QBPRCOMLDESC,ATLANTA,ATLANTA,True
13Q3.csv,58818,2013,3,REPDTE,20130930,20130930,True
13Q3.csv,34598,2013,3,UC,356478,356478.0,True
13Q3.csv,6442,2013,3,ROE,3.58,3.58,True
13Q3.csv,17979,2013,3,LNLSNET,47085,47085.0,True
13Q3.csv,1484,2013,3,REGAGNT,FDIC,FDIC,True
13Q3.csv,58423,2013,3,NCRECONR,0,0.0,True
13Q3.csv,17636,2013,3,DEPUNINS,39628,39628,True
13Q3.csv,58291,2013,3,NTRERESR,0,0.0,True
13Q3.csv,4086,2013,3,STMULT,0,0,True
13Q3.csv,292,2013,3,ELNANTR,135.90582079790715,135.90582079790715,True
13Q3.csv,13380,2013,3,EQV,12.628508689239096,12.628508689239096,True
13Q3.csv,10962,2013,3,PTAXNETINC,1475,1475,True
13Q3.csv,34702,2013,3,LNLSDEPR,80.57398042950022,80.57398042950022,True
13Q3.csv,9889,2013,3,ASSET,697964,697964,True
13Q3.csv,14863,2013,3,ASTEMPM,6.263166666666667,6.263166666666667,True
13Q3.csv,58457,2013,3,STCNTY,Allegheny,Allegheny,True
13Q3.csv,9128,2013,3,SZLNCON,0,0.0,True
13Q3.csv,26457,2013,3,FLDOFF,DALLAS,DALLAS,True
13Q3.csv,17880,2013,3,DEPDASTR,91.66,91.66,True
13Q3.csv,11235,2013,3,SZLNOTH,0,0.0,True
13Q3.csv,6110,2013,3,IBEFXTR,602,602.0,True
13Q3.csv,19143,2013,3,REPDTE,20130930,20130930,True
13Q3.csv,12198,2013,3,LNLSDEPR,123.50769023810591,123.50769023810591,True
13Q3.csv,18467,2013,3,IDERNCVR,8.150259067357512,8.150259067357512,True
13Q3.csv,58426,2013,3,P9LTOT,0,0.0,True
13Q3.csv,3301,2013,3,NETINC,2452,2452.0,True
13Q3.csv,8503,2013,3,LNRESNCR,214.39688715953307,214.39688715953307,True
13Q3.csv,15853,2013,3,FDICSUPVDESC,KANSAS CITY,KANSAS CITY,True
13Q3.csv,34211,2013,3,NTLNLS,210,210.0,True
13Q3.csv,9865,2013,3,NTRENRSR,0,0.0,True
13Q3.csv,57931,2013,3,ITAX,0,0.0,True
13Q3.csv,291,2013,3,CB,1,1.0,True
13Q3.csv,90191,2013,3,IDNTCONR,0,0.0,True
13Q3.csv,5821,2013,3,REPDTE,20130930,20130930,True
13Q3.csv,46,2013,3,ROEINJR,4.742940453987172,4.742940453987172,True
13Q3.csv,20160,2013,3,CBSA,"FAYETTEVILLE-SPRINGDALE-ROGERS, AR","FAYETTEVILLE-SPRINGDALE-ROGERS, AR",True
13Q3.csv,94,2013,3,ASSET,101230,101230,True
13Q3.csv,21704,2013,3,EQCSTKRX,0,0.0,True
13Q3.csv,4660,2013,3,ITAX,31,31.0,True
13Q3.csv,29532,2013,3,NETINC,124,124.0,True
13Q3.csv,22040,2013,3,LNATRESR,1.4029198467238813,1.4029198467238813,True
13Q3.csv,24811,2013,3,NONIXAY,2.281864946681375,2.281864946681375,True
13Q3.csv,18028,2013,3,SZLNOTH,0,0.0,True
13Q3.csv,26530,2013,3,NTRENRSR,0.027447039827079328,0.027447039827079328,True
13Q3.csv,34969,2013,3,NETINBM,20071,20071.0,True
13Q3.csv,34156,2013,3,P3LTOT,0,0.0,True
13Q3.csv,2124,2013,3,RISDATE,20130930,20130930,True
13Q3.csv,35007,2013,3,CALLFORM,41,41,True
13Q3.csv,15779,2013,3,IDNCCONR,1.8706814223920003,1.8706814223920003,True
13Q4.csv,6784,2013,4,CBLRIND,,,True
13Q4.csv,35599,2013,4,FREPO,0,0.0,True
13Q4.csv,15784,2013,4,REGAGNT,FED,FED,True
13Q4.csv,57396,2013,4,LNLSNTV,66.13,66.13,True
13Q4.csv,4181,2013,4,SZLNCON,0,0.0,True
13Q4.csv,29293,2013,4,AOAR,0.009530607103871021,0.009530607103871021,True
13Q4.csv,17621,2013,4,EQCSTKRX,0,0.0,True
13Q4.csv,3075,2013,4,NIMY,3.821812622818003,3.821812622818003,True
13Q4.csv,21567,2013,4,DEPNIDOM,8811,8811.0,True
13Q4.csv,12206,2013,4,STNAME,MISSISSIPPI,MISSISSIPPI,True
13Q4.csv,15820,2013,4,NCRER,0.20622808826562178,0.20622808826562178,True
13Q4.csv,9923,2013,4,RBCRWAJ,11.545867503367647,11.545867503367647,True
13Q4.csv,4195,2013,4,ERNASTR,95.9,95.9,True
13Q4.csv,14929,2013,4,SZLNCI,0,0.0,True
13Q4.csv,57686,2013,4,SPECGRPDESC,COMMERCIAL LENDING SPECIALIZATION,COMMERCIAL LENDING SPECIALIZATION,True
13Q4.csv,3614,2013,4,ROEINJR,6.377753129456505,6.377753129456505,True
13Q4.csv,32325,2013,4,TFRA,518157,518157,True
13Q4.csv,8541,2013,4,ELNATRY,0.19,0.19,True
13Q4.csv,11181,2013,4,SZLNCRCD,0,0.0,True
13Q4.csv,15562,2013,4,LNRESNCR,893.4108527131784,893.4108527131784,True
13Q4.csv,2232,2013,4,NAASSET,7917,7917,True
13Q4.csv,35407,2013,4,NUMEMP,47,47.0,True
13Q4.csv,15158,2013,4,P9ASSET,0,0.0,True
13Q4.csv,34803,2013,4,NFAA,0,0,True
13Q4.csv,10176,2013,4,ROEINJR,-3.6521376185081396,-3.6521376185081396,True
13Q4.csv,26381,2013,4,CB,1,1.0,True
13Q4.csv,4155,2013,4,NPERFV,0,0.0,True
13Q4.csv,861,2013,4,NIMY,3.416501641288061,3.416501641288061,True
13Q4.csv,8640,2013,4,AOA,1782,1782,True
13Q4.csv,17009,2013,4,LNRESNCR,73.29615861214374,73.29615861214374,True
13Q4.csv,15697,2013,4,ROE,2.22,2.22,True
13Q4.csv,58081,2013,4,RSSDHCR,3564697,3564697.0,True
13Q4.csv,11141,2013,4,STNAME,TEXAS,TEXAS,True
13Q4.csv,9024,2013,4,LIAB,113972,113972.0,True
13Q4.csv,28969,2013,4,LNLSDEPR,80.42817831590534,80.42817831590534,True
13Q4.csv,1150,2013,4,AOAR,0.011688415659274677,0.011688415659274677,True
13Q4.csv,35312,2013,4,P3LTOT,0,0.0,True
13Q4.csv,11570,2013,4,ASDRRES,0,0.0,True
13Q4.csv,10987,2013,4,NCLNLSR,2.858749877726695,2.858749877726695,True
13Q4.csv,15437,2013,4,INSDATE,19340101,19340101,True
13Q4.csv,8439,2013,4,FEDDESC,ST. LOUIS,ST. LOUIS,True
13Q4.csv,58434,2013,4,LNRESNCR,0,0.0,True
13Q4.csv,5197,2013,4,REPDTE,20131231,20131231,True
13Q4.csv,58818,2013,4,RBC1AAJ,8.14290233871164,8.14290233871164,True
13Q4.csv,16652,2013,4,NOIJ,3581,3581.0,True
13Q4.csv,3034,2013,4,ROAPTX,1.9132878446175976,1.9132878446175976,True
13Q4.csv,10212,2013,4,ASSET,156160,156160,True
13Q4.csv,23468,2013,4,LNRESNCR,0,0.0,True
13Q4.csv,57695,2013,4,NAASSET,423,423,True
13Q4.csv,14158,2013,4,INTEXPY,0.46189763070104956,0.46189763070104956,True
14Q1.csv,11764,2014,1,LSAOA,0,0.0,True
14Q1.csv,29121,2014,1,NCRER,1.7043787974020532,1.7043787974020532,True
14Q1.csv,12484,2014,1,AOA,9019,9019,True
14Q1.csv,12226,2014,1,EFFDATE,20120101,20120101,True
14Q1.csv,5546,2014,1,NTRER,0,0.0,True
14Q1.csv,18053,2014,1,FREPO,0,0.0,True
14Q1.csv,15480,2014,1,NIMY,5.05720243151705,5.05720243151705,True
14Q1.csv,5632,2014,1,ASSET,75486,75486,True
14Q1.csv,25870,2014,1,STALP,CA,CA,True
14Q1.csv,1014,2014,1,NOIJ,1218.16,1218.16,True
14Q1.csv,15578,2014,1,NTRER,-0.1015762456694056,-0.1015762456694056,True
14Q1.csv,8289,2014,1,DEPNIDOM,9469,9469.0,True
14Q1.csv,3857,2014,1,CITY,HOT SPRINGS,HOT SPRINGS,True
14Q1.csv,19806,2014,1,ENDEFYMD,20191105,20191105.0,True
14Q1.csv,183,2014,1,LSAOA,0,0.0,True
14Q1.csv,31980,2014,1,EQTOT,13373,13373.0,True
14Q1.csv,10378,2014,1,NTREMULR,0,0.0,True
14Q1.csv,57785,2014,1,DEPFOR,,,True
14Q1.csv,4546,2014,1,OFFFOR,0,0.0,True
14Q1.csv,57312,2014,1,RISDATE,20140331,20140331,True
14Q1.csv,29313,2014,1,NETINC,544,544.0,True
14Q1.csv,1550,2014,1,LNRESNCR,274.6192893401015,274.6192893401015,True
14Q1.csv,11144,2014,1,ESTYMD,19270701,19270701,True
14Q1.csv,35245,2014,1,ROA,0.05063568887744898,0.05063568887744898,True
14Q1.csv,8870,2014,1,CBLRIND,,,True
14Q1.csv,3664,2014,1,DEPCSBQ,599753,599753.0,True
14Q1.csv,28507,2014,1,INSAGNT1,DIF,DIF,True
14Q1.csv,3017,2014,1,STCNTY,Kit Carson,Kit Carson,True
14Q1.csv,19328,2014,1,SZLNCI,0,0.0,True
14Q1.csv,10936,2014,1,NONII,152,152.0,True
14Q1.csv,11817,2014,1,NAASSET,1439,1439,True
14Q1.csv,10375,2014,1,ACTIVE,1,1,True
14Q1.csv,8255,2014,1,RBC1AAJ,8.646096581003917,8.646096581003917,True
14Q1.csv,34955,2014,1,LIAB,327590,327590.0,True
14Q1.csv,6212,2014,1,CALLFORM,41,41,True
14Q1.csv,13563,2014,1,FLDOFF,DALLAS,DALLAS,True
14Q1.csv,954,2014,1,INSDATE,19340101,19340101,True
14Q1.csv,10380,2014,1,ELNANTR,2500,2500.0,True
14Q1.csv,17230,2014,1,ROE,1.19,1.19,True
14Q1.csv,18213,2014,1,FREPO,0,0.0,True
14Q1.csv,34685,2014,1,ZIP,97504,97504,True
14Q1.csv,58224,2014,1,CBLRIND,,,True
14Q1.csv,22942,2014,1,NTALLOTHR,0,0.0,True
14Q1.csv,10137,2014,1,PTAXNETINC,204,204,True
14Q1.csv,12885,2014,1,STMULT,0,0,True
14Q1.csv,34517,2014,1,IDNCGTPR,0,0.0,True
14Q1.csv,18626,2014,1,NOIJ,-230,-230.0,True
14Q1.csv,29496,2014,1,NAME,SENECA FS&LA,SENECA FS&LA,True
14Q1.csv,58203,2014,1,NUMEMP,27,27.0,True
14Q1.csv,16110,2014,1,DEPUNINS,1736,1736,True
14Q2.csv,58842,2014,2,LSAOA,0,0.0,True
14Q2.csv,15241,2014,2,NALTOT,0,0.0,True
14Q2.csv,3999,2014,2,INTINCY,4.459463915842106,4.459463915842106,True
14Q2.csv,10248,2014,2,CB,1,1.0,True
14Q2.csv,1860,2014,2,NTRER,0,0.0,True
14Q2.csv,12854,2014,2,EQTOT,267189,267189.0,True
14Q2.csv,7886,2014,2,ROAPTX,1.1638382690129028,1.1638382690129028,True
14Q2.csv,5384,2014,2,FDICSUPVDESC,KANSAS CITY,KANSAS CITY,True
14Q2.csv,19389,2014,2,INSAGNT1,DIF,DIF,True
14Q2.csv,21995,2014,2,BKPREM,2173,2173.0,True
14Q2.csv,58390,2014,2,IDNCCIR,0.8677053759676057,0.8677053759676057,True
14Q2.csv,11355,2014,2,OFFFOR,0,0.0,True
14Q2.csv,5410,2014,2,IGLSEC,-2,-2.0,True
14Q2.csv,5486,2014,2,LSAOA,0,0.0,True
14Q2.csv,9359,2014,2,RBCRWAJ,12.044253936892513,12.044253936892513,True
14Q2.csv,58179,2014,2,FDICSUPVDESC,ATLANTA,ATLANTA,True
14Q2.csv,17658,2014,2,ROAPTX,1.3899593556619378,1.3899593556619378,True
14Q2.csv,1003,2014,2,LNNDEPD,3995,3995.0,True
14Q2.csv,14056,2014,2,BKCLASS,NM,NM,True
14Q2.csv,90300,2014,2,HCTMULT,,,True
14Q2.csv,15463,2014,2,SZLNRES,0,0.0,True
14Q2.csv,3635,2014,2,CALLFORM,41,41,True
14Q2.csv,4516,2014,2,NONIXAY,4.0371874413922715,4.0371874413922715,True
14Q2.csv,15354,2014,2,ASTEMPM,2.50896875,2.50896875,True
14Q2.csv,11411,2014,2,DEPNIDOM,7572,7572.0,True
14Q2.csv,16472,2014,2,IDNCGTPR,0,0.0,True
14Q2.csv,24170,2014,2,DEPIDOM,1634527,1634527.0,True
14Q2.csv,29813,2014,2,EINTEXP,365,365.0,True
14Q2.csv,25247,2014,2,SZLNOTH,0,0.0,True
14Q2.csv,57803,2014,2,REGAGNT,FDIC,FDIC,True
14Q2.csv,8752,2014,2,SZLAUTO,0,0.0,True
14Q2.csv,13584,2014,2,LSALNLS,0,0.0,True
14Q2.csv,5569,2014,2,OBSDIR,0,0.0,True
14Q2.csv,28480,2014,2,CB,1,1.0,True
14Q2.csv,8807,2014,2,EQCDIVNTINC,25.6,25.6,True
14Q2.csv,903,2014,2,NONIIAY,2.52,2.52,True
14Q2.csv,34182,2014,2,IDT1RWAJR,14.766422523322579,14.766422523322579,True
14Q2.csv,898,2014,2,EQTOT,20744,20744.0,True
14Q2.csv,8752,2014,2,ASTEMPM,4.134333333333333,4.134333333333333,True
14Q2.csv,11715,2014,2,BKCLASS,NM,NM,True
14Q2.csv,16501,2014,2,LIAB,771986,771986.0,True
14Q2.csv,13584,2014,2,NONIXAY,3.0258847588570563,3.0258847588570563,True
14Q2.csv,618,2014,2,P9ASSET,553,553.0,True
14Q2.csv,13584,2014,2,BKPREM,88,88.0,True
14Q2.csv,57027,2014,2,ENDEFYMD,20150207,20150207.0,True
14Q2.csv,14761,2014,2,NONIXAY,2.169876751689764,2.169876751689764,True
14Q2.csv,10672,2014,2,NAMEFULL,THE EXCHANGE BANK,THE EXCHANGE BANK,True
14Q2.csv,22888,2014,2,OFFFOR,0,0.0,True
14Q2.csv,33510,2014,2,LSASCDBT,0,0.0,True
14Q2.csv,8191,2014,2,P9ASSET,0,0.0,True
14Q3.csv,1639,2014,3,ZIP,65453,65453,True
14Q3.csv,90303,2014,3,NTRERESR,0.03590590102175112,0.03590590102175112,True
14Q3.csv,34747,2014,3,FREPO,5044,5044.0,True
14Q3.csv,6750,2014,3,IDNCOTHR,1.0787486515641855,1.0787486515641855,True
14Q3.csv,5766,2014,3,NONII,31089,31089.0,True
14Q3.csv,34110,2014,3,P9ASSET,0,0.0,True
14Q3.csv,18292,2014,3,NAASSET,152,152,True
14Q3.csv,2154,2014,3,ENDEFYMD,99991231,99991231.0,True
14Q3.csv,34681,2014,3,DEPNIDOM,76097,76097.0,True
14Q3.csv,34786,2014,3,RSSDHCR,2730048,2730048.0,True
14Q3.csv,14269,2014,3,TRUST,0,0,True
14Q3.csv,3206,2014,3,REPDTE,20140930,20140930,True
14Q3.csv,11175,2014,3,IDLNCORR,122.61192375886525,122.61192375886525,True
14Q3.csv,267,2014,3,NTLNLSR,0.35109046867384863,0.35109046867384863,True
14Q3.csv,1165,2014,3,DEPIDOM,54512,54512.0,True
14Q3.csv,3248,2014,3,NCCOMRER,0,0.0,True
14Q3.csv,2312,2014,3,DEPBEFEX,23687,23687.0,True
14Q3.csv,28924,2014,3,CB,1,1.0,True
14Q3.csv,23296,2014,3,CBLRIND,,,True
14Q3.csv,12299,2014,3,NTLNLSR,0.07797221730608782,0.07797221730608782,True
14Q3.csv,29140,2014,3,STALP,ND,ND,True
14Q3.csv,5221,2014,3,ID,5221_20140930,5221_20140930,True
14Q3.csv,34441,2014,3,QBPRCOMLDESC,SAN FRANCISCO STATE CODES,SAN FRANCISCO STATE CODES,True
14Q3.csv,30011,2014,3,DEPBEFEX,425480,425480.0,True
14Q3.csv,25291,2014,3,LNATRESR,1.4389858418356791,1.4389858418356791,True
14Q3.csv,26428,2014,3,ASSET,243688,243688,True
14Q3.csv,59049,2014,3,P9ASSET,161671,161671.0,True
14Q3.csv,3195,2014,3,ASDROTH,0,0.0,True
14Q3.csv,31184,2014,3,TRADE,0,0.0,True
14Q3.csv,19788,2014,3,SZLNCRCD,0,0.0,True
14Q3.csv,16707,2014,3,ERNASTR,92.25,92.25,True
14Q3.csv,16022,2014,3,PARCERT,0,0,True
14Q3.csv,35036,2014,3,FDICDBSDESC,ATLANTA,ATLANTA,True
14Q3.csv,57083,2014,3,AOA,1198,1198,True
14Q3.csv,7875,2014,3,NFAA,0,0,True
14Q3.csv,35456,2014,3,PARCERT,0,0,True
14Q3.csv,35093,2014,3,IDNCCONR,0,0.0,True
14Q3.csv,14924,2014,3,P9ASSET,0,0.0,True
14Q3.csv,9462,2014,3,CB,1,1.0,True
14Q3.csv,18719,2014,3,P3ASSET,857,857.0,True
14Q3.csv,35036,2014,3,RSSDID,2837200,2837200,True
14Q3.csv,14058,2014,3,QBPRCOMLDESC,KANSAS CITY,KANSAS CITY,True
14Q3.csv,30996,2014,3,NAME,CENLAR FSB,CENLAR FSB,True
14Q3.csv,8083,2014,3,LNATRESR,1.8941998046097623,1.8941998046097623,True
14Q3.csv,57145,2014,3,ERNASTR,96.48,96.48,True
14Q3.csv,28781,2014,3,NUMEMP,18,18.0,True
14Q3.csv,15598,2014,3,LSAOA,0,0.0,True
14Q3.csv,27233,2014,3,NONIXAY,2.93594202271264,2.93594202271264,True
14Q3.csv,8762,2014,3,NONII,184,184.0,True
14Q3.csv,3145,2014,3,ID,3145_20140930,3145_20140930,True
14Q4.csv,57071,2014,4,IDT1CER,0,0.0,True
14Q4.csv,35525,2014,4,SZLNCRCD,0,0.0,True
14Q4.csv,11329,2014,4,NCRECONR,0,0.0,True
14Q4.csv,7586,2014,4,NCLNLSR,1.6998426071660033,1.6998426071660033,True
14Q4.csv,1837,2014,4,NAASSET,0,0,True
14Q4.csv,32328,2014,4,NTREMULR,0,0.0,True
14Q4.csv,90258,2014,4,STMULT,0,0,True
14Q4.csv,4228,2014,4,RBC1AAJ,9.221529294103478,9.221529294103478,True
14Q4.csv,597,2014,4,LNLSNTV,72.79,72.79,True
14Q4.csv,57095,2014,4,FREPO,0,0.0,True
14Q4.csv,91005,2014,4,ASDROTH,0,0.0,True
14Q4.csv,9660,2014,4,INTINCY,4.719940611604684,4.719940611604684,True
14Q4.csv,1867,2014,4,LNATRESR,1.1250206805272156,1.1250206805272156,True
14Q4.csv,16416,2014,4,SZLNHEL,0,0.0,True
14Q4.csv,15916,2014,4,AOAR,0.005601479225581902,0.005601479225581902,True
14Q4.csv,5005,2014,4,ASDROTH,0,0.0,True
14Q4.csv,22601,2014,4,NTREMULR,0,0.0,True
14Q4.csv,16958,2014,4,NTRER,0.07219396821339759,0.07219396821339759,True
14Q4.csv,10494,2014,4,PARCERT,0,0,True
14Q4.csv,58443,2014,4,INSAGNT1,DIF,DIF,True
14Q4.csv,32441,2014,4,PTAXNETINC,1131,1131,True
14Q4.csv,35324,2014,4,OFFFOR,0,0.0,True
14Q4.csv,16218,2014,4,DEPIDOM,51479,51479.0,True
14Q4.csv,13662,2014,4,CITY,BLOOMFIELD,BLOOMFIELD,True
14Q4.csv,11307,2014,4,REGAGNT,FDIC,FDIC,True
14Q4.csv,3269,2014,4,SC,219554,219554.0,True
14Q4.csv,57273,2014,4,DEPALLEX,0,0.0,True
14Q4.csv,22271,2014,4,ASDRRES,0,0.0,True
14Q4.csv,16119,2014,4,IDNCOTHR,0.19329896907216496,0.19329896907216496,True
14Q4.csv,29120,2014,4,BKPREM,9491,9491.0,True
14Q4.csv,8028,2014,4,EQ,14283,14283.0,True
14Q4.csv,57596,2014,4,ENDEFYMD,20161011,20161011.0,True
14Q4.csv,57511,2014,4,NETINBM,2255,2255.0,True
14Q4.csv,30241,2014,4,IDNCCONR,4.290091930541369,4.290091930541369,True
14Q4.csv,4958,2014,4,IGLSEC,0,0.0,True
14Q4.csv,57265,2014,4,EQCDIV,300,300.0,True
14Q4.csv,10803,2014,4,P9LTOT,0,0.0,True
14Q4.csv,29731,2014,4,IDNCOTHR,0,0.0,True
14Q4.csv,12305,2014,4,NAME,COLUMBUS STATE BANK,COLUMBUS STATE BANK,True
14Q4.csv,12865,2014,4,EQCSTKRX,0,0.0,True
14Q4.csv,18116,2014,4,ELNATRY,0,0.0,True
14Q4.csv,58657,2014,4,RBCRWAJ,15.497650576676634,15.497650576676634,True
14Q4.csv,16606,2014,4,NONIXAY,2.9196411747066313,2.9196411747066313,True
14Q4.csv,10002,2014,4,NCRENRER,1.8791264601320468,1.8791264601320468,True
14Q4.csv,58699,2014,4,ENDEFYMD,20190418,20190418.0,True
14Q4.csv,15945,2014,4,AOA,5654,5654,True
14Q4.csv,22756,2014,4,EEFFR,65.5289492494639,65.5289492494639,True
14Q4.csv,22946,2014,4,LSAORE,70410,70410.0,True
14Q4.csv,34443,2014,4,ROA,1.1233676064468816,1.1233676064468816,True
14Q4.csv,21920,2014,4,FEDDESC,BOSTON,BOSTON,True
15Q1.csv,14869,2015,1,ZIP,64079,64079,True
15Q1.csv,3358,2015,1,INTEXPY,0.43690380834486275,0.43690380834486275,True
15Q1.csv,4619,2015,1,NTREMULR,0,0.0,True
15Q1.csv,16379,2015,1,SC,11216,11216.0,True
15Q1.csv,16900,2015,1,NTRENRSR,0,0.0,True
15Q1.csv,10187,2015,1,DEPBEFEX,31125,31125.0,True
15Q1.csv,2526,2015,1,OFFOA,0,0.0,True
15Q1.csv,9328,2015,1,SZLNCI,0,0.0,True
15Q1.csv,28299,2015,1,RISDATE,20150331,20150331,True
15Q1.csv,19681,2015,1,P3LTOT,0,0.0,True
15Q1.csv,6196,2015,1,CITY,RICE LAKE,RICE LAKE,True
15Q1.csv,4037,2015,1,ROAPTX,1.0074227029901996,1.0074227029901996,True
15Q1.csv,58236,2015,1,INTINCY,4.1306580839553515,4.1306580839553515,True
15Q1.csv,57656,2015,1,DEPBEFEX,84269,84269.0,True
15Q1.csv,18344,2015,1,EQTOT,23795,23795.0,True
15Q1.csv,11301,2015,1,NPERFV,0.5083843959025212,0.5083843959025212,True
15Q1.csv,26941,2015,1,EQCDIV,55,55.0,True
15Q1.csv,2443,2015,1,P9LTOT,0,0.0,True
15Q1.csv,10647,2015,1,OFFFOR,0,0.0,True
15Q1.csv,8595,2015,1,IDERNCVR,0,0.0,True
15Q1.csv,12325,2015,1,NTRER,0,0.0,True
15Q1.csv,12444,2015,1,ASDRRES,0,0.0,True
15Q1.csv,90251,2015,1,UC,93567,93567.0,True
15Q1.csv,14079,2015,1,NONIIAY,1.14,1.14,True
15Q1.csv,19559,2015,1,QBPRCOMLDESC,DALLAS,DALLAS,True
15Q1.csv,306,2015,1,IDT1RWAJR,20.03648874061718,20.03648874061718,True
15Q1.csv,1607,2015,1,FDICDBSDESC,KANSAS CITY,KANSAS CITY,True
15Q1.csv,6139,2015,1,NTRECOSR,0,0.0,True
15Q1.csv,14240,2015,1,AOA,11956,11956,True
15Q1.csv,17913,2015,1,NTRECOSR,0,0.0,True
15Q1.csv,57468,2015,1,INTAN,0,0.0,True
15Q1.csv,9620,2015,1,ASDRRES,0,0.0,True
15Q1.csv,22537,2015,1,NAME,PEOPLES BANK OF ALABAMA,PEOPLES BANK OF ALABAMA,True
15Q1.csv,12285,2015,1,ID,12285_20150331,12285_20150331,True
15Q1.csv,16849,2015,1,IDLNCORR,81.49236046665783,81.49236046665783,True
15Q1.csv,26853,2015,1,RBCRWAJ,12.78120719406543,12.78120719406543,True
15Q1.csv,35323,2015,1,ELNATR,50,50.0,True
15Q1.csv,29831,2015,1,NONIX,776,776.0,True
15Q1.csv,8798,2015,1,DEPINS,239592,239592.0,True
15Q1.csv,18019,2015,1,NCRECONR,16.17961511047755,16.17961511047755,True
15Q1.csv,12308,2015,1,OFFDOM,1,1.0,True
15Q1.csv,14662,2015,1,FDICSUPVDESC,CHICAGO,CHICAGO,True
15Q1.csv,31516,2015,1,FLDOFF,INDIANAPOLIS,INDIANAPOLIS,True
15Q1.csv,14823,2015,1,TRADE,0,0.0,True
15Q1.csv,15478,2015,1,AOAR,0.013813217236933871,0.013813217236933871,True
15Q1.csv,10463,2015,1,EXTRA,0,0.0,True
15Q1.csv,14538,2015,1,PTAXNETINC,300,300,True
15Q1.csv,59010,2015,1,PARCERT,0,0,True
15Q1.csv,12013,2015,1,OFFDOM,4,4.0,True
15Q1.csv,4208,2015,1,LNRESNCR,188.54003139717426,188.54003139717426,True
15Q2.csv,8499,2015,2,ASDROTH,0,0.0,True
15Q2.csv,169,2015,2,P9ASSET,148,148.0,True
15Q2.csv,57934,2015,2,MSA_NAME,,,True
15Q2.csv,58201,2015,2,NIMY,4.3860791518197395,4.3860791518197395,True
15Q2.csv,3388,2015,2,IDNCCONR,0,0.0,True
15Q2.csv,14695,2015,2,STNAME,MISSOURI,MISSOURI,True
15Q2.csv,57554,2015,2,STCNTY,Cullman,Cullman,True
15Q2.csv,35154,2015,2,NCREMULR,0,0.0,True
15Q2.csv,18592,2015,2,TFRA,0,0,True
15Q2.csv,18355,2015,2,P9LTOT,0,0.0,True
15Q2.csv,3210,2015,2,NTRECOSR,-0.4291661302090039,-0.4291661302090039,True
15Q2.csv,13216,2015,2,SZLNCON,0,0.0,True
15Q2.csv,5598,2015,2,NTREMULR,0,0.0,True
15Q2.csv,8143,2015,2,FLDOFF,BATON ROUGE,BATON ROUGE,True
15Q2.csv,8251,2015,2,NTRERESR,0,0.0,True
15Q2.csv,28729,2015,2,DEP,113907,113907.0,True
15Q2.csv,5405,2015,2,DEPALLEX,0,0.0,True
15Q2.csv,6762,2015,2,EINTEXP,113,113.0,True
15Q2.csv,9819,2015,2,OFFDOM,1,1.0,True
15Q2.csv,58106,2015,2,NETINBM,180,180.0,True
15Q2.csv,16631,2015,2,LNLSDEPR,85.63171016124492,85.63171016124492,True
15Q2.csv,34468,2015,2,P3ASSET,384,384.0,True
15Q2.csv,18761,2015,2,IDNCCIR,0,0.0,True
15Q2.csv,18237,2015,2,RISDATE,20150630,20150630,True
15Q2.csv,8604,2015,2,MSA_NAME,,,True
15Q2.csv,29135,2015,2,NIM,1364,1364.0,True
15Q2.csv,58274,2015,2,NTRECOSR,-0.19245847886520778,-0.19245847886520778,True
15Q2.csv,8545,2015,2,EQV,8.74816963669015,8.74816963669015,True
15Q2.csv,3985,2015,2,MSA_NAME,,,True
15Q2.csv,16546,2015,2,NCRENRER,0.24373738644053586,0.24373738644053586,True
15Q2.csv,57931,2015,2,NTRERESR,1.014768937589328,1.014768937589328,True
15Q2.csv,29700,2015,2,IDNTCONR,0.043802014892685065,0.043802014892685065,True
15Q2.csv,58221,2015,2,NTLNLS,-22,-22.0,True
15Q2.csv,9437,2015,2,LNNDEPD,0,0.0,True
15Q2.csv,18885,2015,2,ENDEFYMD,99991231,99991231.0,True
15Q2.csv,13794,2015,2,LNRESNCR,478.4810126582278,478.4810126582278,True
15Q2.csv,26299,2015,2,RSSDID,577137,577137,True
15Q2.csv,58245,2015,2,INTAN,372,372.0,True
15Q2.csv,29980,2015,2,RISDATE,20150630,20150630,True
15Q2.csv,15158,2015,2,UC,22028,22028.0,True
15Q2.csv,3931,2015,2,SZLAUTO,0,0.0,True
15Q2.csv,4048,2015,2,NTRER,0.9145226438312153,0.9145226438312153,True
15Q2.csv,14084,2015,2,LNNDEPD,0,0.0,True
15Q2.csv,11731,2015,2,SPECGRPDESC,AGRICULTURAL SPECIALIZATION,AGRICULTURAL SPECIALIZATION,True
15Q2.csv,57277,2015,2,EFFDATE,20110721,20110721,True
15Q2.csv,8193,2015,2,REGAGNT,FDIC,FDIC,True
15Q2.csv,2769,2015,2,IDNCGTPR,0,0.0,True
15Q2.csv,52,2015,2,OBSDIR,0,0.0,True
15Q2.csv,35407,2015,2,COREDEP,179004,179004.0,True
15Q2.csv,58466,2015,2,NUMEMP,11,11.0,True
15Q3.csv,34781,2015,3,NALTOT,0,0.0,True
15Q3.csv,18605,2015,3,NTRER,0.11217044725578655,0.11217044725578655,True
15Q3.csv,1986,2015,3,ERNASTR,97.48,97.48,True
15Q3.csv,58380,2015,3,LNATRESR,1.2118889874043743,1.2118889874043743,True
15Q3.csv,11810,2015,3,SPECGRPDESC,COMMERCIAL LENDING SPECIALIZATION,COMMERCIAL LENDING SPECIALIZATION,True
15Q3.csv,34610,2015,3,NONIXAY,2.63809482570554,2.63809482570554,True
15Q3.csv,9351,2015,3,INSDATE,19340101,19340101,True
15Q3.csv,11527,2015,3,RBC1AAJ,9.279959352544095,9.279959352544095,True
15Q3.csv,35422,2015,3,NONIXAY,2.680314389739701,2.680314389739701,True
15Q3.csv,34941,2015,3,NUMEMP,71,71.0,True
15Q3.csv,609,2015,3,INTAN,818,818.0,True
15Q3.csv,14843,2015,3,FDICDBSDESC,KANSAS CITY,KANSAS CITY,True
15Q3.csv,14807,2015,3,RBC1AAJ,12.62303001026508,12.62303001026508,True
15Q3.csv,10730,2015,3,COREDEP,85556,85556.0,True
15Q3.csv,18030,2015,3,FDICDBSDESC,NEW YORK,NEW YORK,True
15Q3.csv,15969,2015,3,IDNTCIR,0.03872695774852436,0.03872695774852436,True
15Q3.csv,16631,2015,3,HCTMULT,,,True
15Q3.csv,11716,2015,3,BKCLASS,SM,SM,True
15Q3.csv,11457,2015,3,NPERFV,1.1890567843557112,1.1890567843557112,True
15Q3.csv,10606,2015,3,QBPRCOMLDESC,KANSAS CITY,KANSAS CITY,True
15Q3.csv,34759,2015,3,NFAA,0,0,True
15Q3.csv,33855,2015,3,EXTRA,0,0.0,True
15Q3.csv,13915,2015,3,ID,13915_20150930,13915_20150930,True
15Q3.csv,19304,2015,3,REGAGNT,FED,FED,True
15Q3.csv,18216,2015,3,NCRENRER,0,0.0,True
15Q3.csv,58629,2015,3,OBSDIR,0,0.0,True
15Q3.csv,170,2015,3,INTAN,0,0.0,True
15Q3.csv,25749,2015,3,IDLNCORR,65.8989115234161,65.8989115234161,True
15Q3.csv,17162,2015,3,NALTOT,0,0.0,True
15Q3.csv,58595,2015,3,NCLNLSR,0,0.0,True
15Q3.csv,26653,2015,3,P3LTOT,0,0.0,True
15Q3.csv,17621,2015,3,FREPO,800,800.0,True
15Q3.csv,10187,2015,3,EQCSTKRX,0,0.0,True
15Q3.csv,19106,2015,3,SPECGRPDESC,COMMERCIAL LENDING SPECIALIZATION,COMMERCIAL LENDING SPECIALIZATION,True
15Q3.csv,35533,2015,3,P3LTOT,0,0.0,True
15Q3.csv,58991,2015,3,DEPFOR,,,True
15Q3.csv,5551,2015,3,P3LTOT,0,0.0,True
15Q3.csv,35295,2015,3,IDNCCIR,0.24346251196900306,0.24346251196900306,True
15Q3.csv,1654,2015,3,STCNTY,Christian,Christian,True
15Q3.csv,10469,2015,3,ACTIVE,1,1,True
15Q3.csv,57933,2015,3,COREDEP,75147,75147.0,True
15Q3.csv,13068,2015,3,LNNDEPD,0,0.0,True
15Q3.csv,58165,2015,3,ERNASTR,95.84,95.84,True
15Q3.csv,30402,2015,3,ITAX,-102,-102.0,True
15Q3.csv,15186,2015,3,NOIJ,285,285.0,True
15Q3.csv,17764,2015,3,ROEINJR,1.6705777301940123,1.6705777301940123,True
15Q3.csv,28217,2015,3,BKCLASS,SB,SB,True
15Q3.csv,1299,2015,3,CBLRIND,,,True
15Q3.csv,5520,2015,3,DEPUNINS,7032,7032,True
15Q3.csv,58750,2015,3,CBSA,"ATLANTA-SANDY SPRINGS-ROSWELL, GA","ATLANTA-SANDY SPRINGS-ROSWELL, GA",True
15Q4.csv,35420,2015,4,NONIX,5210,5210.0,True
15Q4.csv,57470,2015,4,RBCRWAJ,402.96337713167463,402.96337713167463,True
15Q4.csv,3840,2015,4,OCCDISTDESC,CENTRAL DISTRICT,CENTRAL DISTRICT,True
15Q4.csv,8544,2015,4,P3LTOT,0,0.0,True
15Q4.csv,8842,2015,4,NONII,317,317.0,True
15Q4.csv,28088,2015,4,LNATRESR,1.1345451930165238,1.1345451930165238,True
15Q4.csv,35189,2015,4,EQCDIV,8625,8625.0,True
15Q4.csv,4236,2015,4,LNATRESR,1.1279132048679015,1.1279132048679015,True
15Q4.csv,26960,2015,4,ELNATR,-186,-186.0,True
15Q4.csv,23210,2015,4,LNNDEPD,14515,14515.0,True
15Q4.csv,17906,2015,4,IDT1RWAJR,16.068189094013448,16.068189094013448,True
15Q4.csv,90250,2015,4,NCLNLSR,0.25968987026284235,0.25968987026284235,True
15Q4.csv,6100,2015,4,NCRER,0,0.0,True
15Q4.csv,26372,2015,4,MUTUAL,0,0,True
15Q4.csv,5357,2015,4,IDNTCONR,-0.20638673120942624,-0.20638673120942624,True
15Q4.csv,17477,2015,4,IGLSEC,132,132.0,True
15Q4.csv,14662,2015,4,NIM,6208,6208.0,True
15Q4.csv,11764,2015,4,CBLRIND,,,True
15Q4.csv,22683,2015,4,ELNANTR,0,0.0,True
15Q4.csv,59049,2015,4,CBSA,"MIAMI-FORT LAUDERDALE-WEST PALM BEACH, FL","MIAMI-FORT LAUDERDALE-WEST PALM BEACH, FL",True
15Q4.csv,26342,2015,4,ENDEFYMD,99991231,99991231.0,True
15Q4.csv,12980,2015,4,REPDTE,20151231,20151231,True
15Q4.csv,57416,2015,4,LSALNLS,0,0.0,True
15Q4.csv,13150,2015,4,LNLSNTV,77.72,77.72,True
15Q4.csv,23537,2015,4,STALP,WI,WI,True
15Q4.csv,16601,2015,4,EQ,10415,10415.0,True
15Q4.csv,5768,2015,4,RSSDID,145844,145844,True
15Q4.csv,30052,2015,4,RBC1AAJ,12.903638677533063,12.903638677533063,True
15Q4.csv,58508,2015,4,DEPINS,113246,113246.0,True
15Q4.csv,3664,2015,4,NONII,10356,10356.0,True
15Q4.csv,58827,2015,4,NTRERESR,0,0.0,True
15Q4.csv,9467,2015,4,REPDTE,20151231,20151231,True
15Q4.csv,17671,2015,4,ASDROTH,0,0.0,True
15Q4.csv,19354,2015,4,DEPCSBQ,55638,55638.0,True
15Q4.csv,11113,2015,4,EQCDIVNTINC,50.91794679655302,50.91794679655302,True
15Q4.csv,6084,2015,4,SZLNCON,0,0.0,True
15Q4.csv,34022,2015,4,EQCDIVNTINC,0,0.0,True
15Q4.csv,17551,2015,4,REPDTE,20151231,20151231,True
15Q4.csv,1373,2015,4,NTRECOSR,0.47667115298340057,0.47667115298340057,True
15Q4.csv,24074,2015,4,IDNCGTPR,1.0994467300326287,1.0994467300326287,True
15Q4.csv,16216,2015,4,IDNCCONR,0.8508052263749619,0.8508052263749619,True
15Q4.csv,8714,2015,4,NPERFV,0.8931758686339839,0.8931758686339839,True
15Q4.csv,57955,2015,4,LSASCDBT,0,0.0,True
15Q4.csv,9727,2015,4,ROEINJR,6.762397729170146,6.762397729170146,True
15Q4.csv,17482,2015,4,STNAME,COLORADO,COLORADO,True
15Q4.csv,24332,2015,4,LNATRESR,3.7114738010838764,3.7114738010838764,True
15Q4.csv,14264,2015,4,ROEINJR,6.182998410304488,6.182998410304488,True
15Q4.csv,14864,2015,4,EQCDIV,0,0.0,True
15Q4.csv,232,2015,4,REPDTE,20151231,20151231,True
15Q4.csv,12836,2015,4,NTRENRSR,0.04936099942561747,0.04936099942561747,True
16Q1.csv,4779,2016,1,P9LTOT,0,0.0,True
16Q1.csv,4208,2016,1,STNAME,OKLAHOMA,OKLAHOMA,True
16Q1.csv,10531,2016,1,SZLNHEL,0,0.0,True
16Q1.csv,34233,2016,1,QBPRCOMLDESC,ATLANTA,ATLANTA,True
16Q1.csv,57301,2016,1,EQCDIVNTINC,0.6818181818181818,0.6818181818181818,True
16Q1.csv,21920,2016,1,ORE,36,36.0,True
16Q1.csv,32629,2016,1,REGAGNT,OCC,OCC,True
16Q1.csv,28611,2016,1,COREDEP,38142,38142.0,True
16Q1.csv,21220,2016,1,NETINBM,-1654,-1654.0,True
16Q1.csv,12554,2016,1,OFFDOM,6,6.0,True
16Q1.csv,3377,2016,1,NAMEHCR,FIRST PADUCAH BANCSHARES TX,FIRST PADUCAH BANCSHARES TX,True
16Q1.csv,35206,2016,1,P9ASSET,0,0.0,True
16Q1.csv,57594,2016,1,AOAR,0.04416055482115169,0.04416055482115169,True
16Q1.csv,10317,2016,1,SZLNCRCD,0,0.0,True
16Q1.csv,902,2016,1,IDT1CER,17.28403146123007,17.28403146123007,True
16Q1.csv,4534,2016,1,NIM,13960,13960.0,True
16Q1.csv,13585,2016,1,OFFFOR,0,0.0,True
16Q1.csv,5364,2016,1,LNLSDEPR,69.29369372544183,69.29369372544183,True
16Q1.csv,1413,2016,1,INSDATE,19340101,19340101,True
16Q1.csv,4638,2016,1,NIM,782,782.0,True
16Q1.csv,341,2016,1,DEPUNINS,11202,11202,True
16Q1.csv,27677,2016,1,NONIX,19080,19080.0,True
16Q1.csv,10734,2016,1,DEPFOR,,,True
16Q1.csv,90169,2016,1,ELNATR,60,60.0,True
16Q1.csv,29980,2016,1,CBSA,"CHICAGO-NAPERVILLE-ELGIN, IL-IN","CHICAGO-NAPERVILLE-ELGIN, IL-IN",True
16Q1.csv,17514,2016,1,INSDATE,19551126,19551126,True
16Q1.csv,6649,2016,1,NCCOMRER,0,0.0,True
16Q1.csv,9422,2016,1,RBC1AAJ,9.659246419122343,9.659246419122343,True
16Q1.csv,57632,2016,1,SZLNCI,0,0.0,True
16Q1.csv,862,2016,1,LNNDEPD,0,0.0,True
16Q1.csv,1536,2016,1,TRUST,1,1,True
16Q1.csv,31232,2016,1,ENDEFYMD,99991231,99991231.0,True
16Q1.csv,29692,2016,1,ZIP,68508,68508,True
16Q1.csv,5749,2016,1,EQCDIVNTINC,45.52715654952076,45.52715654952076,True
16Q1.csv,34156,2016,1,RBC1AAJ,11.351920016402886,11.351920016402886,True
16Q1.csv,27742,2016,1,IDLNCORR,104.37142680233637,104.37142680233637,True
16Q1.csv,17797,2016,1,SZLNCON,0,0.0,True
16Q1.csv,9658,2016,1,NTRENRSR,0,0.0,True
16Q1.csv,15808,2016,1,REPDTE,20160331,20160331,True
16Q1.csv,30704,2016,1,TRADE,0,0.0,True
16Q1.csv,15912,2016,1,DEPCSBQ,693960,693960.0,True
16Q1.csv,22444,2016,1,INTAN,1232,1232.0,True
16Q1.csv,18301,2016,1,NAMEFULL,FIRST STATE BANK,FIRST STATE BANK,True
16Q1.csv,15059,2016,1,EQ,19099,19099.0,True
16Q1.csv,28747,2016,1,DEPIDOM,210137,210137.0,True
16Q1.csv,9332,2016,1,P3LTOT,0,0.0,True
16Q1.csv,11492,2016,1,CHBAL,23050,23050.0,True
16Q1.csv,19749,2016,1,SZLNRES,0,0.0,True
16Q1.csv,58075,2016,1,NALTOT,0,0.0,True
16Q1.csv,27413,2016,1,RISDATE,20160331,20160331,True
16Q2.csv,20040,2016,2,SC,6928,6928.0,True
16Q2.csv,5575,2016,2,RISDATE,20160630,20160630,True
16Q2.csv,5076,2016,2,NCRECONR,0,0.0,True
16Q2.csv,4161,2016,2,P3LTOT,0,0.0,True
16Q2.csv,34832,2016,2,NETINC,460,460.0,True
16Q2.csv,12214,2016,2,OFFFOR,0,0.0,True
16Q2.csv,33137,2016,2,HCTMULT,,,True
16Q2.csv,5744,2016,2,BKPREM,21347,21347.0,True
16Q2.csv,8397,2016,2,ID,8397_20160630,8397_20160630,True
16Q2.csv,15629,2016,2,EQCSTKRX,0,0.0,True
16Q2.csv,57704,2016,2,SZLNHEL,0,0.0,True
16Q2.csv,18620,2016,2,DEP,134209,134209.0,True
16Q2.csv,14629,2016,2,P9ASSET,0,0.0,True
16Q2.csv,15580,2016,2,OFFFOR,0,0.0,True
16Q2.csv,4419,2016,2,ROEINJR,10.146623388516367,10.146623388516367,True
16Q2.csv,17769,2016,2,DEPALLEX,0,0.0,True
16Q2.csv,29683,2016,2,QBPRCOMLDESC,DALLAS,DALLAS,True
16Q2.csv,34742,2016,2,ROAPTX,2.5920234410202316,2.5920234410202316,True
16Q2.csv,35214,2016,2,EQCSTKRX,0,0.0,True
16Q2.csv,58892,2016,2,NTRERESR,0,0.0,True
16Q2.csv,1852,2016,2,NTLNLSR,0.6262070579973079,0.6262070579973079,True
16Q2.csv,2315,2016,2,ROA,2.280082485405311,2.280082485405311,True
16Q2.csv,1522,2016,2,SPECGRPDESC,AGRICULTURAL SPECIALIZATION,AGRICULTURAL SPECIALIZATION,True
16Q2.csv,21578,2016,2,NCRER,0.6691611345805674,0.6691611345805674,True
16Q2.csv,1208,2016,2,ASDROTH,0,0.0,True
16Q2.csv,713,2016,2,LIAB,1183559,1183559.0,True
16Q2.csv,30052,2016,2,NTLNLSR,0.06500649546561552,0.06500649546561552,True
16Q2.csv,17241,2016,2,NCRER,1.851581508515815,1.851581508515815,True
16Q2.csv,28924,2016,2,INTAN,1183,1183.0,True
16Q2.csv,13802,2016,2,NTREMULR,0,0.0,True
16Q2.csv,34403,2016,2,NTLNLS,96,96.0,True
16Q2.csv,235,2016,2,IDT1CER,9.868461845077285,9.868461845077285,True
16Q2.csv,17120,2016,2,NONII,3284,3284.0,True
16Q2.csv,58060,2016,2,NTLNLS,0,0.0,True
16Q2.csv,8728,2016,2,EEFFR,84.92891989718302,84.92891989718302,True
16Q2.csv,13397,2016,2,RBC1AAJ,16.347305389221557,16.347305389221557,True
16Q2.csv,924,2016,2,MUTUAL,0,0,True
16Q2.csv,16835,2016,2,CBSA,"EL CAMPO, TX","EL CAMPO, TX",True
16Q2.csv,34611,2016,2,ASDRRES,13334,13334.0,True
16Q2.csv,30117,2016,2,INSAGNT1,DIF,DIF,True
16Q2.csv,14567,2016,2,ELNATRY,0.05,0.05,True
16Q2.csv,19716,2016,2,LSALNLS,0,0.0,True
16Q2.csv,17652,2016,2,IBEFXTR,22,22.0,True
16Q2.csv,35094,2016,2,EQTOT,5293,5293.0,True
16Q2.csv,2738,2016,2,INSAGNT1,DIF,DIF,True
16Q2.csv,1945,2016,2,DEP,63449,63449.0,True
16Q2.csv,57880,2016,2,ORE,3255,3255.0,True
16Q2.csv,955,2016,2,EFFDATE,20101201,20101201,True
16Q2.csv,2832,2016,2,SZLNCON,0,0.0,True
16Q2.csv,5826,2016,2,ELNANTR,56.451612903225815,56.451612903225815,True
16Q3.csv,8165,2016,3,STMULT,0,0,True
16Q3.csv,9313,2016,3,IDNCCIR,0,0.0,True
16Q3.csv,31774,2016,3,REPDTE,20160930,20160930,True
16Q3.csv,11721,2016,3,DEPCSBQ,74622,74622.0,True
16Q3.csv,26755,2016,3,QBPRCOMLDESC,KANSAS CITY,KANSAS CITY,True
16Q3.csv,1693,2016,3,SC,18464,18464.0,True
16Q3.csv,58772,2016,3,OCCDISTDESC,null,,True
16Q3.csv,4636,2016,3,SZLNCON,0,0.0,True
16Q3.csv,14209,2016,3,DEPCSBQ,560636,560636.0,True
16Q3.csv,16689,2016,3,IDT1CER,12.705403090282546,12.705403090282546,True
16Q3.csv,982,2016,3,INTINC,7089,7089.0,True
16Q3.csv,14869,2016,3,INTEXPY,0.2692719086530656,0.2692719086530656,True
16Q3.csv,13616,2016,3,ASSET,108289,108289,True
16Q3.csv,10212,2016,3,TRADE,0,0.0,True
16Q3.csv,10958,2016,3,NOIJY,0.9982056690510853,0.9982056690510853,True
16Q3.csv,16116,2016,3,MSA_NAME,,,True
16Q3.csv,496,2016,3,CBLRIND,,,True
16Q3.csv,10734,2016,3,OBSDIR,0,0.0,True
16Q3.csv,5364,2016,3,NCRERESR,1.0263929618768328,1.0263929618768328,True
16Q3.csv,58608,2016,3,LSALNLS,0,0.0,True
16Q3.csv,1720,2016,3,RSSDHCR,4442523,4442523.0,True
16Q3.csv,3693,2016,3,NONIXAY,2.729292072170585,2.729292072170585,True
16Q3.csv,58560,2016,3,BKCLASS,SI,SI,True
16Q3.csv,9760,2016,3,CALLFORM,41,41,True
16Q3.csv,13297,2016,3,NONII,3772,3772.0,True
16Q3.csv,34619,2016,3,NCRECONR,0,0.0,True
16Q3.csv,32178,2016,3,P9ASSET,0,0.0,True
16Q3.csv,14113,2016,3,DEPFOR,,,True
16Q3.csv,5699,2016,3,STALP,GA,GA,True
16Q3.csv,8816,2016,3,ROEINJR,9.621790925407558,9.621790925407558,True
16Q3.csv,3999,2016,3,NONIIAY,0.29,0.29,True
16Q3.csv,34125,2016,3,INTINCY,4.108471542608851,4.108471542608851,True
16Q3.csv,57083,2016,3,RBC1AAJ,16.126909780305564,16.126909780305564,True
16Q3.csv,57123,2016,3,INSAGNT1,DIF,DIF,True
16Q3.csv,18609,2016,3,SZLNCI,0,0.0,True
16Q3.csv,3897,2016,3,INTINC,7370,7370.0,True
16Q3.csv,11670,2016,3,NTLNLS,-92,-92.0,True
16Q3.csv,58005,2016,3,CITY,DALLAS,DALLAS,True
16Q3.csv,58090,2016,3,NCRER,0,0.0,True
16Q3.csv,12858,2016,3,LSAOA,0,0.0,True
16Q3.csv,1609,2016,3,NTLNLSR,-0.008933744854243704,-0.008933744854243704,True
16Q3.csv,33954,2016,3,P3LTOT,0,0.0,True
16Q3.csv,14136,2016,3,P3LTOT,0,0.0,True
16Q3.csv,34395,2016,3,EQCSTKRX,401,401.0,True
16Q3.csv,14706,2016,3,NOIJY,0.43329942209599703,0.43329942209599703,True
16Q3.csv,10505,2016,3,FLDOFF,KANSAS CITY,KANSAS CITY,True
16Q3.csv,58522,2016,3,STNAME,UTAH,UTAH,True
16Q3.csv,16396,2016,3,DEP,73503,73503.0,True
16Q3.csv,8333,2016,3,ELNANTR,0,0.0,True
16Q3.csv,11767,2016,3,NTCOMRER,0,0.0,True
16Q4.csv,7472,2016,4,DEPUNINS,230558,230558,True
16Q4.csv,34125,2016,4,INTAN,0,0.0,True
16Q4.csv,16620,2016,4,NETINC,2759,2759.0,True
16Q4.csv,15336,2016,4,IDNCCONR,1.2059262662225796,1.2059262662225796,True
16Q4.csv,16607,2016,4,SZLNOTH,0,0.0,True
16Q4.csv,11242,2016,4,TFRA,97022,97022,True
16Q4.csv,13055,2016,4,TRADE,0,0.0,True
16Q4.csv,29486,2016,4,ERNASTR,93.03,93.03,True
16Q4.csv,57890,2016,4,ID,57890_20161231,57890_20161231,True
16Q4.csv,34775,2016,4,NOIJY,0.5820291349865211,0.5820291349865211,True
16Q4.csv,2232,2016,4,DEPNIDOM,51475,51475.0,True
16Q4.csv,19861,2016,4,NCREMULR,0,0.0,True
16Q4.csv,11699,2016,4,AOAR,0.007514210698467985,0.007514210698467985,True
16Q4.csv,57944,2016,4,ENDEFYMD,99991231,99991231.0,True
16Q4.csv,16276,2016,4,SZLNCI,0,0.0,True
16Q4.csv,8853,2016,4,RSSDHCR,,,True
16Q4.csv,27205,2016,4,STCNTY,Charlotte,Charlotte,True
16Q4.csv,1982,2016,4,LSAORE,0,0.0,True
16Q4.csv,27932,2016,4,NTREMULR,0,0.0,True
16Q4.csv,19215,2016,4,BKPREM,10104,10104.0,True
16Q4.csv,58049,2016,4,DEPUNINS,17789,17789,True
16Q4.csv,15431,2016,4,RBCRWAJ,16.4793710042489,16.4793710042489,True
16Q4.csv,57579,2016,4,NTCOMRER,0,0.0,True
16Q4.csv,2244,2016,4,NONIX,8414,8414.0,True
16Q4.csv,15669,2016,4,NTRENRSR,0,0.0,True
16Q4.csv,34416,2016,4,NCRECONR,0,0.0,True
16Q4.csv,34125,2016,4,SZLNRES,0,0.0,True
16Q4.csv,35326,2016,4,NCRER,0.32472374754253946,0.32472374754253946,True
16Q4.csv,8199,2016,4,SZLNRES,0,0.0,True
16Q4.csv,16201,2016,4,ELNANTR,236.84210526315786,236.84210526315786,True
16Q4.csv,1900,2016,4,CB,1,1.0,True
16Q4.csv,10871,2016,4,FDICSUPVDESC,CHICAGO,CHICAGO,True
16Q4.csv,26916,2016,4,P9ASSET,0,0.0,True
16Q4.csv,2232,2016,4,P9LTOT,0,0.0,True
16Q4.csv,27125,2016,4,FLDOFF,RICHMOND,RICHMOND,True
16Q4.csv,35100,2016,4,INTINC,54266,54266.0,True
16Q4.csv,33009,2016,4,INSAGNT1,DIF,DIF,True
16Q4.csv,58274,2016,4,NTRENRSR,-0.006360594842829701,-0.006360594842829701,True
16Q4.csv,26218,2016,4,FREPO,1,1.0,True
16Q4.csv,26610,2016,4,AOA,327565,327565,True
16Q4.csv,2239,2016,4,P9ASSET,388,388.0,True
16Q4.csv,13703,2016,4,DEPIDOM,266175,266175.0,True
16Q4.csv,34760,2016,4,NCREMULR,0,0.0,True
16Q4.csv,5838,2016,4,NAMEFULL,FARMERS STATE BANK,FARMERS STATE BANK,True
16Q4.csv,8774,2016,4,FREPO,34351,34351.0,True
16Q4.csv,13622,2016,4,LSASCDBT,0,0.0,True
16Q4.csv,30704,2016,4,LNLSNET,461697,461697.0,True
16Q4.csv,4760,2016,4,P9ASSET,0,0.0,True
16Q4.csv,32172,2016,4,EQTOT,513606,513606.0,True
16Q4.csv,58054,2016,4,RBC1AAJ,12.239920458428061,12.239920458428061,True
17Q1.csv,8942,2017,1,ASDRRES,,,True
17Q1.csv,22971,2017,1,OCCDISTDESC,null,,True
17Q1.csv,30618,2017,1,STMULT,0,0,True
17Q1.csv,6750,2017,1,ASDROTH,0,0.0,True
17Q1.csv,1978,2017,1,INSAGNT1,DIF,DIF,True
17Q1.csv,17160,2017,1,ROE,1.2,1.2,True
17Q1.csv,29476,2017,1,SZLNOTH,,,True
17Q1.csv,9170,2017,1,REGAGNT,FDIC,FDIC,True
17Q1.csv,22537,2017,1,RSSDHCR,1136595,1136595.0,True
17Q1.csv,4630,2017,1,LSAORE,0,0.0,True
17Q1.csv,14028,2017,1,NTRECOSR,-0.004688919497113384,-0.004688919497113384,True
17Q1.csv,29858,2017,1,SPECGRPDESC,COMMERCIAL LENDING SPECIALIZATION,COMMERCIAL LENDING SPECIALIZATION,True
17Q1.csv,2232,2017,1,ZIP,82240,82240,True
17Q1.csv,22451,2017,1,EXTRA,0,0.0,True
17Q1.csv,14056,2017,1,NETINC,329,329.0,True
17Q1.csv,11715,2017,1,SZLAUTO,0,0.0,True
17Q1.csv,8762,2017,1,NCLNLSR,0.26589392902065057,0.26589392902065057,True
17Q1.csv,21074,2017,1,NTRENRSR,-0.34511683642899943,-0.34511683642899943,True
17Q1.csv,28679,2017,1,ELNANTR,0,0.0,True
17Q1.csv,8028,2017,1,RBCRWAJ,18.415689003778088,18.415689003778088,True
17Q1.csv,28094,2017,1,STMULT,1,1,True
17Q1.csv,17484,2017,1,MSA_NAME,,,True
17Q1.csv,30879,2017,1,ELNANTR,0,0.0,True
17Q1.csv,11716,2017,1,IDNCCONR,0,0.0,True
17Q1.csv,35365,2017,1,CB,1,1.0,True
17Q1.csv,3121,2017,1,P3ASSET,971,971.0,True
17Q1.csv,8172,2017,1,EQCDIVNTINC,0,0.0,True
17Q1.csv,34685,2017,1,LSAOA,0,0.0,True
17Q1.csv,58469,2017,1,TFRA,0,0,True
17Q1.csv,58148,2017,1,NAMEFULL,LCA BANK CORPORATION,LCA BANK CORPORATION,True
17Q1.csv,35029,2017,1,SPECGRPDESC,COMMERCIAL LENDING SPECIALIZATION,COMMERCIAL LENDING SPECIALIZATION,True
17Q1.csv,12517,2017,1,P9ASSET,0,0.0,True
17Q1.csv,27238,2017,1,ASDROTH,,,True
17Q1.csv,9760,2017,1,NCRECONR,0,0.0,True
17Q1.csv,57197,2017,1,RSSDHCR,1248162,1248162.0,True
17Q1.csv,3067,2017,1,OFFOA,0,0.0,True
17Q1.csv,5380,2017,1,OFFOA,0,0.0,True
17Q1.csv,16216,2017,1,EQTOT,129330,129330.0,True
17Q1.csv,35157,2017,1,NTALLOTHR,0.49810166417390245,0.49810166417390245,True
17Q1.csv,29613,2017,1,EQCDIVNTINC,0,0.0,True
17Q1.csv,2945,2017,1,FDICDBSDESC,SAN FRANCISCO,SAN FRANCISCO,True
17Q1.csv,9264,2017,1,STNAME,ILLINOIS,ILLINOIS,True
17Q1.csv,16276,2017,1,NCRERESR,1.8894601542416452,1.8894601542416452,True
17Q1.csv,58608,2017,1,EXTRA,0,0.0,True
17Q1.csv,505,2017,1,ACTIVE,1,1,True
17Q1.csv,22308,2017,1,SZLNCRCD,,,True
17Q1.csv,14240,2017,1,ELNATRY,0,0.0,True
17Q1.csv,57967,2017,1,COREDEP,156381,156381.0,True
17Q1.csv,4775,2017,1,RBC1AAJ,8.972690572310615,8.972690572310615,True
17Q1.csv,57815,2017,1,DEPDASTR,82.03,82.03,True
17Q2.csv,30895,2017,2,IDNCCONR,0.20021030494216616,0.20021030494216616,True
17Q2.csv,29657,2017,2,DEPUNINS,44703,44703,True
17Q2.csv,31077,2017,2,EQ,20599,20599.0,True
17Q2.csv,31555,2017,2,RBC1AAJ,9.726664868197934,9.726664868197934,True
17Q2.csv,11681,2017,2,EXTRA,0,0.0,True
17Q2.csv,5335,2017,2,EFFDATE,20140422,20140422,True
17Q2.csv,11243,2017,2,IDNCOTHR,0.43404415927533496,0.43404415927533496,True
17Q2.csv,26570,2017,2,NCRERESR,0.9489894128970163,0.9489894128970163,True
17Q2.csv,12244,2017,2,TRUST,0,0,True
17Q2.csv,58536,2017,2,ENDEFYMD,99991231,99991231.0,True
17Q2.csv,30551,2017,2,FEDDESC,CLEVELAND,CLEVELAND,True
17Q2.csv,34353,2017,2,SZLAUTO,,,True
17Q2.csv,13956,2017,2,IDT1CER,14.333773367968316,14.333773367968316,True
17Q2.csv,6794,2017,2,NTREMULR,0,0.0,True
17Q2.csv,58672,2017,2,SZLNOTH,0,0.0,True
17Q2.csv,1781,2017,2,NONIXAY,2.780473007424491,2.780473007424491,True
17Q2.csv,33686,2017,2,ROE,,,True
17Q2.csv,16438,2017,2,IDERNCVR,0,0.0,True
17Q2.csv,24443,2017,2,INTAN,0,0.0,True
17Q2.csv,7748,2017,2,NCREMULR,0.20050069787535724,0.20050069787535724,True
17Q2.csv,169,2017,2,OFFFOR,0,0.0,True
17Q2.csv,492,2017,2,IDLNCORR,35.81188219020951,35.81188219020951,True
17Q2.csv,15511,2017,2,LNLSNTV,49.21,49.21,True
17Q2.csv,5473,2017,2,ASDRRES,,,True
17Q2.csv,23287,2017,2,CB,1,1.0,True
17Q2.csv,12614,2017,2,NAME,ORIGIN BANK,ORIGIN BANK,True
17Q2.csv,2300,2017,2,NCRER,1.3817577771066143,1.3817577771066143,True
17Q2.csv,25750,2017,2,NTRECOSR,0,0.0,True
17Q2.csv,58562,2017,2,NIM,5478,5478.0,True
17Q2.csv,5306,2017,2,NETINC,3841,3841.0,True
17Q2.csv,28670,2017,2,NETINBM,3488,3488.0,True
17Q2.csv,8033,2017,2,AOA,18190,18190,True
17Q2.csv,58303,2017,2,NTLNLS,0,0.0,True
17Q2.csv,5854,2017,2,IDNCOTHR,2.4698598892147277,2.4698598892147277,True
17Q2.csv,3193,2017,2,DEPDASTR,90.11,90.11,True
17Q2.csv,31723,2017,2,HCTMULT,,,True
17Q2.csv,963,2017,2,TRUST,1,1,True
17Q2.csv,7031,2017,2,STNAME,NEW YORK,NEW YORK,True
17Q2.csv,8850,2017,2,ELNATRY,0.08,0.08,True
17Q2.csv,3834,2017,2,NCLNLSR,0.5681539893226233,0.5681539893226233,True
17Q2.csv,10438,2017,2,DEPDASTR,88.71,88.71,True
17Q2.csv,34526,2017,2,DEPINS,88358,88358.0,True
17Q2.csv,35111,2017,2,IDT1RWAJR,13.334772258768842,13.334772258768842,True
17Q2.csv,27677,2017,2,LSASCDBT,0,0.0,True
17Q2.csv,16516,2017,2,EQ,2100,2100.0,True
17Q2.csv,4482,2017,2,NTLNLS,2,2.0,True
17Q2.csv,2444,2017,2,ITAX,242,242.0,True
17Q2.csv,10169,2017,2,DEPINS,77454,77454.0,True
17Q2.csv,18165,2017,2,LNATRESR,1.4602346805736637,1.4602346805736637,True
17Q2.csv,58206,2017,2,BKCLASS,NM,NM,True
17Q3.csv,35151,2017,3,DEPDASTR,85.05,85.05,True
17Q3.csv,9417,2017,3,SUBCHAPS,1,1,True
17Q3.csv,7598,2017,3,INTINC,17239,17239.0,True
17Q3.csv,58482,2017,3,SPECGRPDESC,COMMERCIAL LENDING SPECIALIZATION,COMMERCIAL LENDING SPECIALIZATION,True
17Q3.csv,35123,2017,3,NTRERESR,0.10564709865404631,0.10564709865404631,True
17Q3.csv,24540,2017,3,ROEINJR,9.722563790246742,9.722563790246742,True
17Q3.csv,19850,2017,3,IDNCCONR,0,0.0,True
17Q3.csv,27744,2017,3,TRUST,1,1,True
17Q3.csv,9036,2017,3,IBEFXTR,565,565.0,True
17Q3.csv,22092,2017,3,NTRER,-0.03544586754545077,-0.03544586754545077,True
17Q3.csv,14556,2017,3,CHBAL,12341,12341.0,True
17Q3.csv,5406,2017,3,NCCOMRER,0,0.0,True
17Q3.csv,4062,2017,3,IDT1CER,17.285540338135622,17.285540338135622,True
17Q3.csv,26703,2017,3,TFRA,0,0,True
17Q3.csv,17266,2017,3,ROAPTX,1.466236623098713,1.466236623098713,True
17Q3.csv,6813,2017,3,SZLNHEL,,,True
17Q3.csv,3179,2017,3,P9LTOT,0,0.0,True
17Q3.csv,4444,2017,3,SZLNHEL,,,True
17Q3.csv,17995,2017,3,RBC1AAJ,12.31607917857521,12.31607917857521,True
17Q3.csv,14966,2017,3,EQCSTKRX,0,0.0,True
17Q3.csv,58165,2017,3,DEPINS,208452,208452.0,True
17Q3.csv,16733,2017,3,OFFOA,0,0.0,True
17Q3.csv,58291,2017,3,REGAGNT,FDIC,FDIC,True
17Q3.csv,17733,2017,3,NTCOMRER,0,0.0,True
17Q3.csv,18297,2017,3,CALLFORM,41,41,True
17Q3.csv,58100,2017,3,DEPFOR,,,True
17Q3.csv,1600,2017,3,IBEFXTR,772,772.0,True
17Q3.csv,11716,2017,3,STNAME,ILLINOIS,ILLINOIS,True
17Q3.csv,5384,2017,3,ROAPTX,0.9753962856489672,0.9753962856489672,True
17Q3.csv,28513,2017,3,NTRER,0.0779176238236409,0.0779176238236409,True
17Q3.csv,18626,2017,3,OFFDOM,8,8.0,True
17Q3.csv,10621,2017,3,NTLNLS,12,12.0,True
17Q3.csv,14345,2017,3,ELNANTR,800,800.0,True
17Q3.csv,30879,2017,3,EQTOT,112993,112993.0,True
17Q3.csv,11295,2017,3,SUBCHAPS,0,0,True
17Q3.csv,22756,2017,3,ESTYMD,19781127,19781127,True
17Q3.csv,26715,2017,3,STMULT,0,0,True
17Q3.csv,14836,2017,3,LNNDEPC,,,True
17Q3.csv,29024,2017,3,TFRA,0,0,True
17Q3.csv,13881,2017,3,CBSA,"WICHITA, KS","WICHITA, KS",True
17Q3.csv,27381,2017,3,NCREMULR,0,0.0,True
17Q3.csv,15259,2017,3,ROA,0.7069073880547655,0.7069073880547655,True
17Q3.csv,14492,2017,3,EXTRA,0,0.0,True
17Q3.csv,18282,2017,3,NCLNLSR,0.14784537113536547,0.14784537113536547,True
17Q3.csv,6861,2017,3,RISDATE,20170930,20170930,True
17Q3.csv,34072,2017,3,IDLNCORR,78.75122225410004,78.75122225410004,True
17Q3.csv,57125,2017,3,NCREMULR,0,0.0,True
17Q3.csv,8140,2017,3,NTRECOSR,0,0.0,True
17Q3.csv,10075,2017,3,DEP,30199,30199.0,True
17Q3.csv,10571,2017,3,NETINC,282,282.0,True
17Q4.csv,57955,2017,4,DEPDASTR,88.69,88.69,True
17Q4.csv,5775,2017,4,NAMEHCR,LIMBERLOST BANCSHARES INC,LIMBERLOST BANCSHARES INC,True
17Q4.csv,16953,2017,4,NCLNLSR,0.20419275796351755,0.20419275796351755,True
17Q4.csv,23498,2017,4,EQ,407050,407050.0,True
17Q4.csv,34837,2017,4,TFRA,0,0,True
17Q4.csv,29186,2017,4,STALP,TN,TN,True
17Q4.csv,58588,2017,4,NCRER,0,0.0,True
17Q4.csv,2784,2017,4,ROE,10.92,10.92,True
17Q4.csv,34416,2017,4,BKPREM,4312,4312.0,True
17Q4.csv,90140,2017,4,TRADE,0,0.0,True
17Q4.csv,1090,2017,4,STMULT,0,0,True
17Q4.csv,31236,2017,4,ESTYMD,19200101,19200101,True
17Q4.csv,70,2017,4,ROA,0.4691793829174021,0.4691793829174021,True
17Q4.csv,7799,2017,4,NTRECOSR,0,0.0,True
17Q4.csv,12113,2017,4,STALP,IL,IL,True
17Q4.csv,29845,2017,4,NIMY,3.888413538846215,3.888413538846215,True
17Q4.csv,19351,2017,4,ASDRRES,0,0.0,True
17Q4.csv,5107,2017,4,NAME,FIRST SECURITY BANK CANBY,FIRST SECURITY BANK CANBY,True
17Q4.csv,16333,2017,4,NAASSET,0,0,True
17Q4.csv,30492,2017,4,INSDATE,19890809,19890809,True
17Q4.csv,8564,2017,4,IDT1RWAJR,36.718469022695864,36.718469022695864,True
17Q4.csv,10077,2017,4,INTINC,903,903.0,True
17Q4.csv,35109,2017,4,OBSDIR,0,0.0,True
17Q4.csv,6442,2017,4,NTRERESR,0.017775881683731513,0.017775881683731513,True
17Q4.csv,10802,2017,4,P3ASSET,317,317.0,True
17Q4.csv,12388,2017,4,LSAORE,0,0.0,True
17Q4.csv,21693,2017,4,CBLRIND,,,True
17Q4.csv,19001,2017,4,P3ASSET,898,898.0,True
17Q4.csv,16307,2017,4,SZLAUTO,,,True
17Q4.csv,19215,2017,4,DEPCSBQ,510400,510400.0,True
17Q4.csv,27943,2017,4,ESTYMD,19220101,19220101,True
17Q4.csv,11729,2017,4,INSAGNT1,DIF,DIF,True
17Q4.csv,13196,2017,4,SZLNCRCD,,,True
17Q4.csv,29042,2017,4,NCRERESR,0.8663098295226015,0.8663098295226015,True
17Q4.csv,11716,2017,4,SZLNCRCD,,,True
17Q4.csv,15731,2017,4,CHBAL,5407,5407.0,True
17Q4.csv,4324,2017,4,NOIJY,0.3809973587543827,0.3809973587543827,True
17Q4.csv,14779,2017,4,DEPDOM,182663,182663.0,True
17Q4.csv,35261,2017,4,LNLSDEPR,83.9435462954958,83.9435462954958,True
17Q4.csv,26444,2017,4,LNRESNCR,59.75332068311195,59.75332068311195,True
17Q4.csv,57348,2017,4,INSAGNT1,DIF,DIF,True
17Q4.csv,27918,2017,4,SZLAUTO,,,True
17Q4.csv,18402,2017,4,ID,18402_20171231,18402_20171231,True
17Q4.csv,58636,2017,4,P9ASSET,0,0.0,True
17Q4.csv,57816,2017,4,NCRER,0,0.0,True
17Q4.csv,1941,2017,4,IDERNCVR,10.4070796460177,10.4070796460177,True
17Q4.csv,4738,2017,4,ROEINJR,6.20951860578948,6.20951860578948,True
17Q4.csv,58443,2017,4,RBC1AAJ,16.751313389473225,16.751313389473225,True
17Q4.csv,18525,2017,4,IDNTCIR,0,0.0,True
17Q4.csv,7748,2017,4,DEPCSBQ,1118811,1118811.0,True
18Q1.csv,10471,2018,1,SPECGRPDESC,AGRICULTURAL SPECIALIZATION,AGRICULTURAL SPECIALIZATION,True
18Q1.csv,22738,2018,1,ID,22738_20180331,22738_20180331,True
18Q1.csv,1237,2018,1,DEPCSBQ,202753,202753.0,True
18Q1.csv,8522,2018,1,EQCDIVNTINC,47.28132387706856,47.28132387706856,True
18Q1.csv,2824,2018,1,SPECGRPDESC,COMMERCIAL LENDING SPECIALIZATION,COMMERCIAL LENDING SPECIALIZATION,True
18Q1.csv,14864,2018,1,ASSET,103703,103703,True
18Q1.csv,26799,2018,1,INTINC,6442,6442.0,True
18Q1.csv,19371,2018,1,EEFFR,72.04795930725444,72.04795930725444,True
18Q1.csv,28860,2018,1,NCCOMRER,0,0.0,True
18Q1.csv,13879,2018,1,CHBAL,78228,78228.0,True
18Q1.csv,2769,2018,1,LSASCDBT,,,True
18Q1.csv,16160,2018,1,NOIJ,4007,4007.0,True
18Q1.csv,35427,2018,1,SZLNRES,,,True
18Q1.csv,16924,2018,1,EQCSTKRX,0,0.0,True
18Q1.csv,28925,2018,1,EXTRA,0,0.0,True
18Q1.csv,4170,2018,1,CBLRIND,,,True
18Q1.csv,9100,2018,1,ASDROTH,0,0.0,True
18Q1.csv,9179,2018,1,IDNTCONR,0.251757054442463,0.251757054442463,True
18Q1.csv,8432,2018,1,LNATRESR,0.7416574804835877,0.7416574804835877,True
18Q1.csv,18518,2018,1,BKCLASS,NM,NM,True
18Q1.csv,57640,2018,1,INTEXPY,0.41769322390641056,0.41769322390641056,True
18Q1.csv,19742,2018,1,IDT1RWAJR,13.813078263978904,13.813078263978904,True
18Q1.csv,1413,2018,1,NAASSET,5,5,True
18Q1.csv,58057,2018,1,MUTUAL,0,0,True
18Q1.csv,3709,2018,1,IDT1RWAJR,10.026352594724967,10.026352594724967,True
18Q1.csv,1060,2018,1,NCRENRER,0,0.0,True
18Q1.csv,2284,2018,1,CALLFORM,51,51,True
18Q1.csv,57764,2018,1,ROEINJR,8.697197837168364,8.697197837168364,True
18Q1.csv,24064,2018,1,ORE,0,0.0,True
18Q1.csv,4494,2018,1,NTRECOSR,0,0.0,True
18Q1.csv,35533,2018,1,CB,0,0.0,True
18Q1.csv,28722,2018,1,DEPNIDOM,0,0.0,True
18Q1.csv,57429,2018,1,ESTYMD,20030203,20030203,True
18Q1.csv,14562,2018,1,IDT1CER,13.331598666006814,13.331598666006814,True
18Q1.csv,14073,2018,1,FREPO,0,0.0,True
18Q1.csv,90181,2018,1,ITAX,214,214.0,True
18Q1.csv,4569,2018,1,IDERNCVR,16.08695652173913,16.08695652173913,True
18Q1.csv,6662,2018,1,OBSDIR,17278,17278.0,True
18Q1.csv,12602,2018,1,DEPALLEX,0,0.0,True
18Q1.csv,1550,2018,1,ROE,10.54,10.54,True
18Q1.csv,21943,2018,1,NCREMULR,0,0.0,True
18Q1.csv,18194,2018,1,PTAXNETINC,219,219,True
18Q1.csv,15126,2018,1,CBSA,"LA CROSSE-ONALASKA, WI-MN","LA CROSSE-ONALASKA, WI-MN",True
18Q1.csv,29426,2018,1,P3ASSET,360,360.0,True
18Q1.csv,16780,2018,1,SZLAUTO,,,True
18Q1.csv,33511,2018,1,BKPREM,1262,1262.0,True
18Q1.csv,58576,2018,1,SUBCHAPS,0,0,True
18Q1.csv,57465,2018,1,RBCRWAJ,12.17015483862315,12.17015483862315,True
18Q1.csv,18489,2018,1,OFFFOR,0,0.0,True
18Q1.csv,27334,2018,1,LSASCDBT,0,0.0,True
18Q2.csv,11159,2018,2,RBC1AAJ,11.361675126903553,11.361675126903553,True
18Q2.csv,11462,2018,2,ZIP,64469,64469,True
18Q2.csv,5380,2018,2,NAME,FIRST BANK OF BANCROFT,FIRST BANK OF BANCROFT,True
18Q2.csv,29009,2018,2,LSAOA,,,True
18Q2.csv,34934,2018,2,NONIIAY,0.44,0.44,True
18Q2.csv,6423,2018,2,IGLSEC,-25,-25.0,True
18Q2.csv,10568,2018,2,SZLNCON,,,True
18Q2.csv,30492,2018,2,NETINBM,53,53.0,True
18Q2.csv,8772,2018,2,NAMEHCR,SPRINGFIELD BANKSHARES INC,SPRINGFIELD BANKSHARES INC,True
18Q2.csv,3178,2018,2,NALTOT,0,0.0,True
18Q2.csv,58961,2018,2,TFRA,0,0,True
18Q2.csv,27518,2018,2,NTRERESR,0,0.0,True
18Q2.csv,58405,2018,2,CB,1,1.0,True
18Q2.csv,9330,2018,2,LSAORE,0,0.0,True
18Q2.csv,16835,2018,2,STALP,TX,TX,True
18Q2.csv,16416,2018,2,NCRER,0.08414321174639236,0.08414321174639236,True
18Q2.csv,58095,2018,2,NOIJ,111,111.0,True
18Q2.csv,22138,2018,2,LSAOA,,,True
18Q2.csv,16479,2018,2,DEPBEFEX,143870,143870.0,True
18Q2.csv,34313,2018,2,CBSA,"CARSON CITY, NV","CARSON CITY, NV",True
18Q2.csv,34955,2018,2,NCRER,0.2618963068181818,0.2618963068181818,True
18Q2.csv,15367,2018,2,HCTMULT,,,True
18Q2.csv,30817,2018,2,NAASSET,0,0,True
18Q2.csv,16389,2018,2,SZLNHEL,,,True
18Q2.csv,5280,2018,2,NOIJY,0.9867064135916883,0.9867064135916883,True
18Q2.csv,5686,2018,2,NCRECONR,10.2803738317757,10.2803738317757,True
18Q2.csv,59106,2018,2,TRADE,0,0.0,True
18Q2.csv,11953,2018,2,INTINC,5819,5819.0,True
18Q2.csv,20468,2018,2,BKPREM,3959,3959.0,True
18Q2.csv,16185,2018,2,NTREMULR,0,0.0,True
18Q2.csv,33880,2018,2,RSSDID,2164111,2164111,True
18Q2.csv,14281,2018,2,DEPIDOM,41681,41681.0,True
18Q2.csv,26381,2018,2,LSAOA,0,0.0,True
18Q2.csv,17964,2018,2,EQCDIVNTINC,15.455475946775845,15.455475946775845,True
18Q2.csv,58978,2018,2,NONIIAY,1.9,1.9,True
18Q2.csv,58824,2018,2,NAMEHCR,,,True
18Q2.csv,14247,2018,2,ASTEMPM,5.740259259259259,5.740259259259259,True
18Q2.csv,3281,2018,2,P3ASSET,256,256.0,True
18Q2.csv,14922,2018,2,SUBCHAPS,1,1,True
18Q2.csv,15597,2018,2,LIAB,49554,49554.0,True
18Q2.csv,29209,2018,2,REPDTE,20180630,20180630,True
18Q2.csv,109,2018,2,NONII,217,217.0,True
18Q2.csv,12208,2018,2,IDNCCONR,0.08448086508405846,0.08448086508405846,True
18Q2.csv,3863,2018,2,ROE,11.7,11.7,True
18Q2.csv,14581,2018,2,ELNATRY,0,0.0,True
18Q2.csv,9122,2018,2,ITAX,64,64.0,True
18Q2.csv,11252,2018,2,DEPNIDOM,30674,30674.0,True
18Q2.csv,58165,2018,2,NAMEFULL,BELMONT BANK & TRUST COMPANY,BELMONT BANK & TRUST COMPANY,True
18Q2.csv,1843,2018,2,LNLSDEPR,68.15617119323645,68.15617119323645,True
18Q2.csv,34702,2018,2,IDERNCVR,0,0.0,True
18Q3.csv,8243,2018,3,NTREMULR,0,0.0,True
18Q3.csv,18216,2018,3,TRUST,0,0,True
18Q3.csv,8387,2018,3,NTLNLS,135,135.0,True
18Q3.csv,9764,2018,3,CB,1,1.0,True
18Q3.csv,1122,2018,3,LSAORE,0,0.0,True
18Q3.csv,13902,2018,3,NCRERESR,0,0.0,True
18Q3.csv,6821,2018,3,ENDEFYMD,99991231,99991231.0,True
18Q3.csv,57703,2018,3,ITAX,809,809.0,True
18Q3.csv,57255,2018,3,CBSA,"WASHINGTON-ARLINGTON-ALEXANDRIA, DC-VA-MD-WV","WASHINGTON-ARLINGTON-ALEXANDRIA, DC-VA-MD-WV",True
18Q3.csv,23597,2018,3,CBLRIND,,,True
18Q3.csv,30664,2018,3,NCLNLSR,0.489858122573388,0.489858122573388,True
18Q3.csv,9463,2018,3,IDLNCORR,92.19612104014008,92.19612104014008,True
18Q3.csv,29486,2018,3,NAMEHCR,KINGSTREE BANCSHARES M H C,KINGSTREE BANCSHARES M H C,True
18Q3.csv,16176,2018,3,ASTEMPM,4.701840000000001,4.701840000000001,True
18Q3.csv,3598,2018,3,CB,1,1.0,True
18Q3.csv,26912,2018,3,P3LTOT,0,0.0,True
18Q3.csv,9735,2018,3,LNLSDEPR,140.35906091760012,140.35906091760012,True
18Q3.csv,13956,2018,3,NCRER,0,0.0,True
18Q3.csv,1757,2018,3,FEDDESC,ST. LOUIS,ST. LOUIS,True
18Q3.csv,19300,2018,3,ASSET,3701565,3701565,True
18Q3.csv,8254,2018,3,EXTRA,0,0.0,True
18Q3.csv,90251,2018,3,QBPRCOMLDESC,NEW YORK,NEW YORK,True
18Q3.csv,3722,2018,3,IDNTCONR,0.8306302564635031,0.8306302564635031,True
18Q3.csv,4218,2018,3,OFFFOR,0,0.0,True
18Q3.csv,22242,2018,3,OFFFOR,0,0.0,True
18Q3.csv,25883,2018,3,NONII,2232,2232.0,True
18Q3.csv,27677,2018,3,ASDROTH,0,0.0,True
18Q3.csv,35094,2018,3,STCNTY,Scotland,Scotland,True
18Q3.csv,4076,2018,3,REGAGNT,FED,FED,True
18Q3.csv,17374,2018,3,IDNTCIR,0,0.0,True
18Q3.csv,15085,2018,3,NTLNLS,266,266.0,True
18Q3.csv,16040,2018,3,SPECGRPDESC,CONSUMER LENDING SPECIALIZATION,CONSUMER LENDING SPECIALIZATION,True
18Q3.csv,925,2018,3,FEDDESC,CHICAGO,CHICAGO,True
18Q3.csv,10820,2018,3,LSALNLS,0,0.0,True
18Q3.csv,29800,2018,3,SUBCHAPS,0,0,True
18Q3.csv,17001,2018,3,FEDDESC,KANSAS CITY,KANSAS CITY,True
18Q3.csv,15469,2018,3,PARCERT,0,0,True
18Q3.csv,29238,2018,3,DEPNIDOM,0,0.0,True
18Q3.csv,90300,2018,3,NAME,WESTFIELD BANK,WESTFIELD BANK,True
18Q3.csv,29771,2018,3,LSALNLS,0,0.0,True
18Q3.csv,19349,2018,3,INTAN,0,0.0,True
18Q3.csv,22271,2018,3,NTCOMRER,0,0.0,True
18Q3.csv,35304,2018,3,ROAPTX,2.8139618919687535,2.8139618919687535,True
18Q3.csv,21752,2018,3,TRUST,0,0,True
18Q3.csv,28454,2018,3,IDNTCIR,0,0.0,True
18Q3.csv,31711,2018,3,NIM,2889,2889.0,True
18Q3.csv,30350,2018,3,CB,1,1.0,True
18Q3.csv,3018,2018,3,INSAGNT1,DIF,DIF,True
18Q3.csv,982,2018,3,NPERFV,0.30254493682149847,0.30254493682149847,True
18Q3.csv,17782,2018,3,MSA_NAME,,,True
18Q4.csv,275,2018,4,ROE,9.28,9.28,True
18Q4.csv,20281,2018,4,OCCDISTDESC,null,,True
18Q4.csv,19448,2018,4,LSASCDBT,0,0.0,True
18Q4.csv,34938,2018,4,IDNTCIR,0.8026783386616538,0.8026783386616538,True
18Q4.csv,22340,2018,4,NTLNLSR,0.22827835880933228,0.22827835880933228,True
18Q4.csv,22669,2018,4,DEPUNINS,21907,21907,True
18Q4.csv,15763,2018,4,SZLNRES,,,True
18Q4.csv,34120,2018,4,NCRECONR,0,0.0,True
18Q4.csv,10568,2018,4,P9LTOT,0,0.0,True
18Q4.csv,34023,2018,4,INSDATE,19950530,19950530,True
18Q4.csv,19532,2018,4,OCCDISTDESC,null,,True
18Q4.csv,4945,2018,4,NAMEFULL,PEOPLES BANK OF THE SOUTH,PEOPLES BANK OF THE SOUTH,True
18Q4.csv,30121,2018,4,NONII,288,288.0,True
18Q4.csv,15734,2018,4,INSAGNT1,DIF,DIF,True
18Q4.csv,5792,2018,4,DEPNIDOM,11651,11651.0,True
18Q4.csv,8745,2018,4,NOIJY,1.3660334148945388,1.3660334148945388,True
18Q4.csv,17534,2018,4,NCRER,1.3064962851190427,1.3064962851190427,True
18Q4.csv,1696,2018,4,NTRENRSR,-0.00667829803574559,-0.00667829803574559,True
18Q4.csv,19263,2018,4,NTRENRSR,0.050275777426175935,0.050275777426175935,True
18Q4.csv,3190,2018,4,ELNATRY,0,0.0,True
18Q4.csv,28211,2018,4,INTEXPY,0.2720752764442434,0.2720752764442434,True
18Q4.csv,58502,2018,4,NCRECONR,0,0.0,True
18Q4.csv,29743,2018,4,DEPBEFEX,106333,106333.0,True
18Q4.csv,34456,2018,4,LNATRESR,0.11642156862745098,0.11642156862745098,True
18Q4.csv,29995,2018,4,QBPRCOMLDESC,NEW YORK,NEW YORK,True
18Q4.csv,57160,2018,4,P3ASSET,0,0.0,True
18Q4.csv,5536,2018,4,ROAPTX,1.4104276715059705,1.4104276715059705,True
18Q4.csv,5186,2018,4,DEPALLEX,0,0.0,True
18Q4.csv,8511,2018,4,NTREMULR,0,0.0,True
18Q4.csv,9260,2018,4,ROA,1.073912361916267,1.073912361916267,True
18Q4.csv,306,2018,4,STNAME,LOUISIANA,LOUISIANA,True
18Q4.csv,9263,2018,4,EFFDATE,20060331,20060331,True
18Q4.csv,27398,2018,4,ESTYMD,19881215,19881215,True
18Q4.csv,14522,2018,4,CALLFORM,41,41,True
18Q4.csv,58319,2018,4,IDT1RWAJR,10.00242577737942,10.00242577737942,True
18Q4.csv,33823,2018,4,NTREMULR,0,0.0,True
18Q4.csv,25291,2018,4,TRUST,0,0,True
18Q4.csv,17736,2018,4,DEPDOM,277139,277139.0,True
18Q4.csv,6646,2018,4,RSSDID,480723,480723,True
18Q4.csv,19163,2018,4,DEPFOR,,,True
18Q4.csv,14026,2018,4,CHBAL,4011,4011.0,True
18Q4.csv,34460,2018,4,OFFDOM,1,1.0,True
18Q4.csv,28710,2018,4,CHBAL,77741,77741.0,True
18Q4.csv,12531,2018,4,EEFFR,58.1930534839122,58.1930534839122,True
18Q4.csv,58511,2018,4,FEDDESC,MINNEAPOLIS,MINNEAPOLIS,True
18Q4.csv,35043,2018,4,FLDOFF,MILWAUKEE,MILWAUKEE,True
18Q4.csv,57579,2018,4,EQCDIV,291,291.0,True
18Q4.csv,59108,2018,4,NTRECOSR,0,0.0,True
18Q4.csv,6637,2018,4,IDT1RWAJR,15.093478601885261,15.093478601885261,True
18Q4.csv,15995,2018,4,EQCDIVNTINC,0,0.0,True
19Q1.csv,4678,2019,1,LNNDEPD,0,0.0,True
19Q1.csv,30817,2019,1,LNNDEPC,,,True
19Q1.csv,35377,2019,1,LNLSDEPR,42.459942765002396,42.459942765002396,True
19Q1.csv,6464,2019,1,LNNDEPC,,,True
19Q1.csv,5015,2019,1,NAASSET,1861,1861,True
19Q1.csv,30953,2019,1,CHBAL,390272,390272.0,True
19Q1.csv,34589,2019,1,OFFDOM,157,157.0,True
19Q1.csv,19788,2019,1,QBPRCOMLDESC,DALLAS,DALLAS,True
19Q1.csv,57569,2019,1,HCTMULT,,,True
19Q1.csv,21809,2019,1,LSALNLS,0,0.0,True
19Q1.csv,15286,2019,1,RSSDID,188056,188056,True
19Q1.csv,3719,2019,1,FDICDBSDESC,CHICAGO,CHICAGO,True
19Q1.csv,13292,2019,1,SZLNCON,,,True
19Q1.csv,35033,2019,1,EQCDIV,441,441.0,True
19Q1.csv,29835,2019,1,QBPRCOMLDESC,NEW YORK,NEW YORK,True
19Q1.csv,13150,2019,1,ASDRRES,79,79.0,True
19Q1.csv,57945,2019,1,COREDEP,241597,241597.0,True
19Q1.csv,12706,2019,1,NTRENRSR,0,0.0,True
19Q1.csv,1281,2019,1,EQTOT,610105,610105.0,True
19Q1.csv,34685,2019,1,ROE,9.33,9.33,True
19Q1.csv,34455,2019,1,SZLNCRCD,,,True
19Q1.csv,9349,2019,1,NAASSET,0,0,True
19Q1.csv,17180,2019,1,ELNATR,141,141.0,True
19Q1.csv,34618,2019,1,SZLAUTO,,,True
19Q1.csv,3832,2019,1,MUTUAL,0,0,True
19Q1.csv,7598,2019,1,DEPINS,821662,821662.0,True
19Q1.csv,977,2019,1,P3ASSET,631,631.0,True
19Q1.csv,57807,2019,1,NTREMULR,0,0.0,True
19Q1.csv,4009,2019,1,PTAXNETINC,2453,2453,True
19Q1.csv,10236,2019,1,INTINCY,5.000583341559945,5.000583341559945,True
19Q1.csv,34256,2019,1,UC,26789,26789.0,True
19Q1.csv,34760,2019,1,NTALLOTHR,0,0.0,True
19Q1.csv,19744,2019,1,ESTYMD,19670914,19670914,True
19Q1.csv,976,2019,1,DEPCSBQ,89224,89224.0,True
19Q1.csv,58158,2019,1,PTAXNETINC,180,180,True
19Q1.csv,16333,2019,1,CHBAL,8686,8686.0,True
19Q1.csv,422,2019,1,NAMEHCR,PEOPLES COMMERCIAL BCORP INC,PEOPLES COMMERCIAL BCORP INC,True
19Q1.csv,29632,2019,1,ELNANTR,0,0.0,True
19Q1.csv,14230,2019,1,DEPDASTR,90.35,90.35,True
19Q1.csv,10159,2019,1,LSALNLS,0,0.0,True
19Q1.csv,1068,2019,1,NALTOT,0,0.0,True
19Q1.csv,1992,2019,1,NONIX,1281,1281.0,True
19Q1.csv,58069,2019,1,OCCDISTDESC,null,,True
19Q1.csv,12444,2019,1,NAASSET,791,791,True
19Q1.csv,13951,2019,1,CITY,MANSFIELD,MANSFIELD,True
19Q1.csv,17607,2019,1,ELNANTR,0,0.0,True
19Q1.csv,14334,2019,1,NONIX,2274,2274.0,True
19Q1.csv,1522,2019,1,LNNDEPC,,,True
19Q1.csv,30692,2019,1,IDNCOTHR,0,0.0,True
19Q1.csv,5538,2019,1,EXTRA,0,0.0,True
19Q2.csv,5623,2019,2,NCRECONR,0,0.0,True
19Q2.csv,21716,2019,2,DEPFOR,,,True
19Q2.csv,19645,2019,2,IDNTCIR,0.23447491828904365,0.23447491828904365,True
19Q2.csv,4214,2019,2,ACTIVE,1,1,True
19Q2.csv,3607,2019,2,ERNASTR,94.34,94.34,True
19Q2.csv,58218,2019,2,NALTOT,0,0.0,True
19Q2.csv,12506,2019,2,NETINBM,6625,6625.0,True
19Q2.csv,58088,2019,2,IDT1CER,9.583115938698768,9.583115938698768,True
19Q2.csv,27918,2019,2,INTEXPY,0.34162440294809204,0.34162440294809204,True
19Q2.csv,12181,2019,2,NTLNLS,148,148.0,True
19Q2.csv,15792,2019,2,INTAN,0,0.0,True
19Q2.csv,14513,2019,2,TRADE,0,0.0,True
19Q2.csv,34995,2019,2,NOIJY,1.499617276600648,1.499617276600648,True
19Q2.csv,23798,2019,2,SZLNRES,,,True
19Q2.csv,30895,2019,2,ACTIVE,1,1,True
19Q2.csv,17658,2019,2,NONIXAY,3.3163549121576,3.3163549121576,True
19Q2.csv,27697,2019,2,OBSDIR,0,0.0,True
19Q2.csv,58396,2019,2,NONIIAY,1.22,1.22,True
19Q2.csv,18120,2019,2,NTCOMRER,0,0.0,True
19Q2.csv,35319,2019,2,NCRER,12.363916137718792,12.363916137718792,True
19Q2.csv,15671,2019,2,CHBAL,34085,34085.0,True
19Q2.csv,34533,2019,2,REPDTE,20190630,20190630,True
19Q2.csv,58862,2019,2,TRUST,0,0,True
19Q2.csv,15590,2019,2,UC,16443,16443.0,True
19Q2.csv,26689,2019,2,STMULT,1,1,True
19Q2.csv,17126,2019,2,PTAXNETINC,915,915,True
19Q2.csv,57127,2019,2,ROAPTX,1.4596307430543276,1.4596307430543276,True
19Q2.csv,5347,2019,2,NAMEFULL,PEOPLES BANK MIDWEST,PEOPLES BANK MIDWEST,True
19Q2.csv,29065,2019,2,NCLNLSR,0.4685443537773098,0.4685443537773098,True
19Q2.csv,34162,2019,2,LSAORE,0,0.0,True
19Q2.csv,10982,2019,2,RBCRWAJ,45.472736368184094,45.472736368184094,True
19Q2.csv,13959,2019,2,HCTMULT,,,True
19Q2.csv,58060,2019,2,LSALNLS,0,0.0,True
19Q2.csv,27510,2019,2,DEPDOM,629017,629017.0,True
19Q2.csv,27054,2019,2,NONIXAY,3.144053504682917,3.144053504682917,True
19Q2.csv,9719,2019,2,OCCDISTDESC,null,,True
19Q2.csv,3066,2019,2,DEPCSBQ,6452716,6452716.0,True
19Q2.csv,34781,2019,2,LSAOA,,,True
19Q2.csv,3615,2019,2,EQTOT,6082,6082.0,True
19Q2.csv,17411,2019,2,REPDTE,20190630,20190630,True
19Q2.csv,58239,2019,2,DEP,365812,365812.0,True
19Q2.csv,16553,2019,2,ID,16553_20190630,16553_20190630,True
19Q2.csv,20931,2019,2,ASDROTH,,,True
19Q2.csv,16068,2019,2,DEP,13008369,13008369.0,True
19Q2.csv,6837,2019,2,ESTYMD,19090209,19090209,True
19Q2.csv,501,2019,2,NTREMULR,0,0.0,True
19Q2.csv,13102,2019,2,NTRER,-0.005176601453300045,-0.005176601453300045,True
19Q2.csv,22185,2019,2,NTRER,-0.012309712363054448,-0.012309712363054448,True
19Q2.csv,26539,2019,2,ASSET,179760,179760,True
19Q2.csv,11866,2019,2,DEPFOR,,,True
19Q3.csv,1900,2019,3,BKCLASS,NM,NM,True
19Q3.csv,1711,2019,3,NTCOMRER,0,0.0,True
19Q3.csv,14024,2019,3,TRUST,0,0,True
19Q3.csv,35388,2019,3,IDNCCONR,0,0.0,True
19Q3.csv,15699,2019,3,SZLAUTO,,,True
19Q3.csv,59105,2019,3,STNAME,FLORIDA,FLORIDA,True
19Q3.csv,18880,2019,3,SZLNRES,,,True
19Q3.csv,9719,2019,3,STMULT,0,0,True
19Q3.csv,10214,2019,3,CB,1,1.0,True
19Q3.csv,5093,2019,3,P9ASSET,456,456.0,True
19Q3.csv,57742,2019,3,BKPREM,16490,16490.0,True
19Q3.csv,58231,2019,3,DEPNIDOM,30024,30024.0,True
19Q3.csv,22543,2019,3,OFFDOM,1,1.0,True
19Q3.csv,13926,2019,3,TRUST,0,0,True
19Q3.csv,15323,2019,3,RBCRWAJ,15.289845503763368,15.289845503763368,True
19Q3.csv,10045,2019,3,CBSA,"CLARKSBURG, WV","CLARKSBURG, WV",True
19Q3.csv,34899,2019,3,OCCDISTDESC,null,,True
19Q3.csv,3677,2019,3,SZLNHEL,,,True
19Q3.csv,3190,2019,3,NCCOMRER,0,0.0,True
19Q3.csv,57252,2019,3,NAASSET,6506,6506,True
19Q3.csv,8943,2019,3,INTAN,1352,1352.0,True
19Q3.csv,3286,2019,3,NCRECONR,2.7761068334937438,2.7761068334937438,True
19Q3.csv,1622,2019,3,OFFFOR,0,0.0,True
19Q3.csv,24038,2019,3,LNNDEPC,,,True
19Q3.csv,19689,2019,3,NTLNLS,118,118.0,True
19Q3.csv,5716,2019,3,STNAME,GEORGIA,GEORGIA,True
19Q3.csv,35304,2019,3,FLDOFF,TAMPA,TAMPA,True
19Q3.csv,9818,2019,3,RSSDID,45056,45056,True
19Q3.csv,13853,2019,3,DEPDOM,126246,126246.0,True
19Q3.csv,28471,2019,3,SZLNRES,,,True
19Q3.csv,10175,2019,3,COREDEP,116963,116963.0,True
19Q3.csv,30864,2019,3,INSDATE,19890809,19890809,True
19Q3.csv,4160,2019,3,P9ASSET,248,248.0,True
19Q3.csv,9007,2019,3,TRADE,0,0.0,True
19Q3.csv,29782,2019,3,EINTEXP,4075,4075.0,True
19Q3.csv,8822,2019,3,IDNTCONR,0,0.0,True
19Q3.csv,18356,2019,3,LNRESNCR,10214.285714285714,10214.285714285714,True
19Q3.csv,10114,2019,3,IDLNCORR,57.59553807270586,57.59553807270586,True
19Q3.csv,18987,2019,3,LNLSDEPR,77.71280532938563,77.71280532938563,True
19Q3.csv,16971,2019,3,REPDTE,20190930,20190930,True
19Q3.csv,7577,2019,3,INTINC,538,538.0,True
19Q3.csv,18240,2019,3,NONIXAY,2.3711744834958326,2.3711744834958326,True
19Q3.csv,20239,2019,3,SZLNCON,,,True
19Q3.csv,28178,2019,3,ERNASTR,90.39,90.39,True
19Q3.csv,58274,2019,3,DEPCSBQ,115444,115444.0,True
19Q3.csv,3327,2019,3,DEPALLEX,0,0.0,True
19Q3.csv,15496,2019,3,ASDRRES,,,True
19Q3.csv,21529,2019,3,ENDEFYMD,99991231,99991231.0,True
19Q3.csv,5510,2019,3,OFFOA,0,0.0,True
19Q3.csv,6156,2019,3,IDNTCIR,0.7092021276595745,0.7092021276595745,True
19Q4.csv,17388,2019,4,ROA,1.100797972840696,1.100797972840696,True
19Q4.csv,9712,2019,4,ENDEFYMD,99991231,99991231.0,True
19Q4.csv,33661,2019,4,IDNCCIR,0,0.0,True
19Q4.csv,966,2019,4,EINTEXP,278,278.0,True
19Q4.csv,8255,2019,4,P3LTOT,0,0.0,True
19Q4.csv,20931,2019,4,NTRENRSR,0,0.0,True
19Q4.csv,34900,2019,4,LNNDEPC,,,True
19Q4.csv,90140,2019,4,DEPIDOM,450861,450861.0,True
19Q4.csv,54,2019,4,NIMY,3.6531968769782655,3.6531968769782655,True
19Q4.csv,28085,2019,4,LNRESNCR,0,0.0,True
19Q4.csv,17672,2019,4,FLDOFF,WICHITA,WICHITA,True
19Q4.csv,14857,2019,4,UC,24077,24077.0,True
19Q4.csv,18592,2019,4,OBSDIR,0,0.0,True
19Q4.csv,34697,2019,4,EQ,314470,314470.0,True
19Q4.csv,160,2019,4,CBLRIND,,,True
19Q4.csv,34784,2019,4,LNRESNCR,36.861675756073375,36.861675756073375,True
19Q4.csv,18378,2019,4,FDICDBSDESC,KANSAS CITY,KANSAS CITY,True
19Q4.csv,16282,2019,4,NCLNLSR,0.3007362853883646,0.3007362853883646,True
19Q4.csv,20454,2019,4,PARCERT,0,0,True
19Q4.csv,11922,2019,4,BKCLASS,NM,NM,True
19Q4.csv,262,2019,4,DEP,117383,117383.0,True
19Q4.csv,5969,2019,4,RSSDHCR,1134630,1134630.0,True
19Q4.csv,34860,2019,4,RBC1AAJ,10.127217681845991,10.127217681845991,True
19Q4.csv,28262,2019,4,NTCOMRER,0,0.0,True
19Q4.csv,291,2019,4,NTRERESR,0.1813672872635748,0.1813672872635748,True
19Q4.csv,5115,2019,4,ROAPTX,1.5734939993323587,1.5734939993323587,True
19Q4.csv,34229,2019,4,IDT1RWAJR,15.074566194964559,15.074566194964559,True
19Q4.csv,8896,2019,4,LSALNLS,0,0.0,True
19Q4.csv,34711,2019,4,LSAORE,0,0.0,True
19Q4.csv,20268,2019,4,CITY,EDINA,EDINA,True
19Q4.csv,26703,2019,4,ASDROTH,0,0.0,True
19Q4.csv,20488,2019,4,NTALLOTHR,0,0.0,True
19Q4.csv,15423,2019,4,ASDROTH,46,46.0,True
19Q4.csv,90173,2019,4,IGLSEC,0,0.0,True
19Q4.csv,58892,2019,4,PTAXNETINC,10950,10950,True
19Q4.csv,3214,2019,4,ASSET,646005,646005,True
19Q4.csv,14178,2019,4,DEPINS,52481,52481.0,True
19Q4.csv,21635,2019,4,ROEINJR,-3.519722176596194,-3.519722176596194,True
19Q4.csv,4534,2019,4,PARCERT,0,0,True
19Q4.csv,21906,2019,4,NAMEHCR,PRIORITYONE CAPITAL CORP,PRIORITYONE CAPITAL CORP,True
19Q4.csv,210,2019,4,NONII,658,658.0,True
19Q4.csv,15873,2019,4,HCTMULT,,,True
19Q4.csv,12716,2019,4,RISDATE,20191231,20191231,True
19Q4.csv,19048,2019,4,STNAME,ALABAMA,ALABAMA,True
19Q4.csv,9963,2019,4,ROAPTX,0.7911912361639335,0.7911912361639335,True
19Q4.csv,23523,2019,4,LNNDEPD,0,0.0,True
19Q4.csv,17881,2019,4,EQCDIV,51,51.0,True
19Q4.csv,58316,2019,4,NCREMULR,0,0.0,True
19Q4.csv,29206,2019,4,EQCDIV,827,827.0,True
19Q4.csv,13290,2019,4,EQCDIVNTINC,20.60338484179544,20.60338484179544,True
20Q1.csv,7946,2020,1,NETINBM,73000,73000.0,True
20Q1.csv,34489,2020,1,OFFOA,0,0.0,True
20Q1.csv,17798,2020,1,P3ASSET,25008,25008.0,True
20Q1.csv,10855,2020,1,IDNTCONR,0.029025469849793196,0.029025469849793196,True
20Q1.csv,29501,2020,1,OCCDISTDESC,WESTERN DISTRICT,WESTERN DISTRICT,True
20Q1.csv,58341,2020,1,NONII,522,522.0,True
20Q1.csv,20310,2020,1,STNAME,MONTANA,MONTANA,True
20Q1.csv,659,2020,1,DEPCSBQ,3850909,3850909.0,True
20Q1.csv,27219,2020,1,DEPALLEX,0,0.0,True
20Q1.csv,29858,2020,1,NTRENRSR,0,0.0,True
20Q1.csv,19105,2020,1,IDT1RWAJR,0,0.0,True
20Q1.csv,59099,2020,1,DEPUNINS,58666,58666,True
20Q1.csv,20161,2020,1,OFFDOM,7,7.0,True
20Q1.csv,15219,2020,1,STCNTY,Dubuque,Dubuque,True
20Q1.csv,12246,2020,1,INSDATE,19340101,19340101,True
20Q1.csv,18384,2020,1,RISDATE,20200331,20200331,True
20Q1.csv,2829,2020,1,SPECGRPDESC,COMMERCIAL LENDING SPECIALIZATION,COMMERCIAL LENDING SPECIALIZATION,True
20Q1.csv,20156,2020,1,NETINBM,4540,4540.0,True
20Q1.csv,17514,2020,1,DEPINS,1539588,1539588.0,True
20Q1.csv,7213,2020,1,DEPUNINS,474110000,474110000,True
20Q1.csv,11741,2020,1,LSAOA,,,True
20Q1.csv,28870,2020,1,OBSDIR,0,0.0,True
20Q1.csv,19274,2020,1,IDLNCORR,113.88061985310483,113.88061985310483,True
20Q1.csv,32306,2020,1,TFRA,0,0,True
20Q1.csv,34799,2020,1,NCLNLSR,0,0.0,True
20Q1.csv,57031,2020,1,FDICDBSDESC, DALLAS, DALLAS,True
20Q1.csv,14073,2020,1,NTALLOTHR,0,0.0,True
20Q1.csv,26358,2020,1,LSAORE,0,0.0,True
20Q1.csv,12354,2020,1,SZLNHEL,,,True
20Q1.csv,4476,2020,1,RSSDID,754246,754246,True
20Q1.csv,28567,2020,1,EEFFR,502.4966261808367,502.4966261808367,True
20Q1.csv,3363,2020,1,ELNATR,4739,4739.0,True
20Q1.csv,15673,2020,1,ASTEMPM,3.6066615384615384,3.6066615384615384,True
20Q1.csv,12422,2020,1,NAASSET,722,722,True
20Q1.csv,29186,2020,1,IDNCOTHR,0,0.0,True
20Q1.csv,23144,2020,1,HCTMULT,,,True
20Q1.csv,58728,2020,1,NTLNLSR,0.31349893459346445,0.31349893459346445,True
20Q1.csv,8259,2020,1,NCRECONR,0,0.0,True
20Q1.csv,4945,2020,1,ELNANTR,0,0.0,True
20Q1.csv,25247,2020,1,UC,183427,183427.0,True
20Q1.csv,8141,2020,1,DEP,869245,869245.0,True
20Q1.csv,17308,2020,1,NPERFV,0.08553254660868369,0.08553254660868369,True
20Q1.csv,26725,2020,1,CBLRIND,0,0.0,True
20Q1.csv,18402,2020,1,AOAR,0.00844488270088477,0.00844488270088477,True
20Q1.csv,10844,2020,1,NTREMULR,0,0.0,True
20Q1.csv,19755,2020,1,CBSA,"HOUMA-BAYOU CANE-THIBODAUX, LA","HOUMA-BAYOU CANE-THIBODAUX, LA",True
20Q1.csv,5005,2020,1,ACTIVE,1,1,True
20Q1.csv,34455,2020,1,STMULT,0,0,True
20Q1.csv,14291,2020,1,P9LTOT,0,0.0,True
20Q1.csv,90308,2020,1,OFFDOM,4,4.0,True
20Q2.csv,1028,2020,2,IBEFXTR,1799,1799.0,True
20Q2.csv,10956,2020,2,DEPNIDOM,86492,86492.0,True
20Q2.csv,18355,2020,2,EQTOT,168582,168582.0,True
20Q2.csv,6976,2020,2,TRADE,0,0.0,True
20Q2.csv,172,2020,2,NONIXAY,2.683170683996609,2.683170683996609,True
20Q2.csv,3732,2020,2,CBSA,"STERLING, IL","STERLING, IL",True
20Q2.csv,5221,2020,2,OBSDIR,0,0.0,True
20Q2.csv,24085,2020,2,IDLNCORR,51.78688826360218,51.78688826360218,True
20Q2.csv,17910,2020,2,BKPREM,16004,16004.0,True
20Q2.csv,35568,2020,2,TRADE,0,0.0,True
20Q2.csv,3134,2020,2,DEPCSBQ,122459,122459.0,True
20Q2.csv,10363,2020,2,IGLSEC,-117,-117.0,True
20Q2.csv,30022,2020,2,LNATRESR,1.1269640667031309,1.1269640667031309,True
20Q2.csv,14731,2020,2,NONII,150,150.0,True
20Q2.csv,29690,2020,2,NAASSET,6511,6511,True
20Q2.csv,15731,2020,2,NTRECOSR,0,0.0,True
20Q2.csv,35033,2020,2,CBLRIND,1,1.0,True
20Q2.csv,8492,2020,2,P3LTOT,0,0.0,True
20Q2.csv,18641,2020,2,EINTEXP,1157,1157.0,True
20Q2.csv,35015,2020,2,OCCDISTDESC,SOUTHERN DISTRICT,SOUTHERN DISTRICT,True
20Q2.csv,58508,2020,2,LNLSDEPR,82.73688975721332,82.73688975721332,True
20Q2.csv,20234,2020,2,ROEINJR,5.975667576657224,5.975667576657224,True
20Q2.csv,5286,2020,2,RBCRWAJ,11.75090932493052,11.75090932493052,True
20Q2.csv,29517,2020,2,ASTEMPM,5.390277777777778,5.390277777777778,True
20Q2.csv,6623,2020,2,FREPO,0,0.0,True
20Q2.csv,18145,2020,2,TRADE,0,0.0,True
20Q2.csv,5525,2020,2,INSDATE,19340101,19340101,True
20Q2.csv,18879,2020,2,NIM,1683,1683.0,True
20Q2.csv,27362,2020,2,IDT1CER,0,0.0,True
20Q2.csv,26881,2020,2,NTCOMRER,0,0.0,True
20Q2.csv,21868,2020,2,LNATRESR,0,0.0,True
20Q2.csv,58504,2020,2,DEPUNINS,277289,277289,True
20Q2.csv,58082,2020,2,INSDATE,20060109,20060109,True
20Q2.csv,31083,2020,2,NCCOMRER,0,0.0,True
20Q2.csv,18610,2020,2,ROEINJR,0.21840220586227924,0.21840220586227924,True
20Q2.csv,23886,2020,2,STCNTY,Mclennan,Mclennan,True
20Q2.csv,4464,2020,2,NAMEFULL,FIRST BANK HAMPTON,FIRST BANK HAMPTON,True
20Q2.csv,30402,2020,2,SC,25760,25760.0,True
20Q2.csv,8822,2020,2,NONIXAY,2.127842022736182,2.127842022736182,True
20Q2.csv,14930,2020,2,IBEFXTR,1387,1387.0,True
20Q2.csv,23091,2020,2,QBPRCOMLDESC,DALLAS,DALLAS,True
20Q2.csv,57701,2020,2,AOA,51899,51899,True
20Q2.csv,4092,2020,2,NTLNLS,-24,-24.0,True
20Q2.csv,6646,2020,2,DEPDASTR,87.29,87.29,True
20Q2.csv,58727,2020,2,IDNCGTPR,0,0.0,True
20Q2.csv,17982,2020,2,SZLNCRCD,,,True
20Q2.csv,58500,2020,2,UC,33611,33611.0,True
20Q2.csv,57451,2020,2,NTRERESR,-0.04750585821354389,-0.04750585821354389,True
20Q2.csv,26397,2020,2,RSSDHCR,3736690,3736690.0,True
20Q2.csv,3405,2020,2,NCCOMRER,0,0.0,True
20Q3.csv,33812,2020,3,DEPUNINS,77872,77872,True
20Q3.csv,1167,2020,3,OFFDOM,3,3.0,True
20Q3.csv,13551,2020,3,SUBCHAPS,1,1,True
20Q3.csv,17607,2020,3,SZLNHEL,,,True
20Q3.csv,6195,2020,3,CITY,BARRON,BARRON,True
20Q3.csv,30519,2020,3,LNLSDEPR,75.9920735221264,75.9920735221264,True
20Q3.csv,4773,2020,3,NCRERESR,0.022663990157352844,0.022663990157352844,True
20Q3.csv,34468,2020,3,EQV,14.517499913623327,14.517499913623327,True
20Q3.csv,23799,2020,3,MSA_NAME,,,True
20Q3.csv,22993,2020,3,NONIXAY,2.5382891858189516,2.5382891858189516,True
20Q3.csv,23123,2020,3,ELNATRY,0.34,0.34,True
20Q3.csv,12633,2020,3,SZLNCI,,,True
20Q3.csv,9440,2020,3,SC,8950,8950.0,True
20Q3.csv,27711,2020,3,REGAGNT,FDIC,FDIC,True
20Q3.csv,16858,2020,3,DEPDASTR,83.51,83.51,True
20Q3.csv,27201,2020,3,IDNTCIR,1.395867717699224,1.395867717699224,True
20Q3.csv,58486,2020,3,DEPDASTR,76.1,76.1,True
20Q3.csv,5380,2020,3,NETINBM,129,129.0,True
20Q3.csv,34747,2020,3,NALTOT,0,0.0,True
20Q3.csv,8785,2020,3,P9LTOT,0,0.0,True
20Q3.csv,6548,2020,3,SZLAUTO,0,0.0,True
20Q3.csv,14864,2020,3,TFRA,0,0,True
20Q3.csv,25883,2020,3,NTRECOSR,-0.053694157836997124,-0.053694157836997124,True
20Q3.csv,57044,2020,3,NCRERESR,0.15131261371653487,0.15131261371653487,True
20Q3.csv,6088,2020,3,NONIIAY,0.3,0.3,True
20Q3.csv,11475,2020,3,PTAXNETINC,676,676,True
20Q3.csv,72,2020,3,NTRER,-0.0069085675720139015,-0.0069085675720139015,True
20Q3.csv,14960,2020,3,NETINBM,569,569.0,True
20Q3.csv,15426,2020,3,IDT1CER,0.0343878954607978,0.0343878954607978,True
20Q3.csv,21883,2020,3,NCLNLSR,0.14435491195972336,0.14435491195972336,True
20Q3.csv,13853,2020,3,INTEXPY,0.6410301612231161,0.6410301612231161,True
20Q3.csv,26189,2020,3,BKCLASS,SM,SM,True
20Q3.csv,29677,2020,3,NCRER,0.25626651717786497,0.25626651717786497,True
20Q3.csv,9746,2020,3,RSSDHCR,1126466,1126466.0,True
20Q3.csv,6161,2020,3,P3LTOT,0,0.0,True
20Q3.csv,2247,2020,3,EQCDIV,1468,1468.0,True
20Q3.csv,12627,2020,3,OCCDISTDESC,null,,True
20Q3.csv,34940,2020,3,NALTOT,0,0.0,True
20Q3.csv,13242,2020,3,PARCERT,0,0,True
20Q3.csv,1787,2020,3,MUTUAL,0,0,True
20Q3.csv,879,2020,3,LSAORE,0,0.0,True
20Q3.csv,58231,2020,3,NALTOT,0,0.0,True
20Q3.csv,28788,2020,3,ELNATR,1373,1373.0,True
20Q3.csv,10306,2020,3,NCRENRER,0,0.0,True
20Q3.csv,58644,2020,3,LSAORE,0,0.0,True
20Q3.csv,9923,2020,3,STNAME,SOUTH CAROLINA,SOUTH CAROLINA,True
20Q3.csv,1865,2020,3,RSSDHCR,,,True
20Q3.csv,11681,2020,3,IDERNCVR,0,0.0,True
20Q3.csv,4775,2020,3,NAMEFULL,PRAIRIE BANK OF KANSAS,PRAIRIE BANK OF KANSAS,True
20Q3.csv,1852,2020,3,DEPALLEX,0,0.0,True
20Q4.csv,1612,2020,4,DEPBEFEX,52032,52032.0,True
20Q4.csv,15744,2020,4,IDT1CER,20.259072292599296,20.259072292599296,True
20Q4.csv,22657,2020,4,NONIX,3934,3934.0,True
20Q4.csv,15741,2020,4,TFRA,0,0,True
20Q4.csv,24922,2020,4,INSDATE,19831213,19831213,True
20Q4.csv,7493,2020,4,LNLSDEPR,64.58326061086869,64.58326061086869,True
20Q4.csv,1117,2020,4,CB,1,1.0,True
20Q4.csv,15598,2020,4,NCRECONR,0,0.0,True
20Q4.csv,29430,2020,4,INTINCY,3.2498786265548354,3.2498786265548354,True
20Q4.csv,12511,2020,4,IBEFXTR,2739,2739.0,True
20Q4.csv,12229,2020,4,DEPUNINS,2094000,2094000,True
20Q4.csv,10741,2020,4,CBLRIND,0,0.0,True
20Q4.csv,30065,2020,4,IDERNCVR,0,0.0,True
20Q4.csv,20698,2020,4,RISDATE,20201231,20201231,True
20Q4.csv,9440,2020,4,OFFDOM,3,3.0,True
20Q4.csv,21342,2020,4,NAMEHCR,SEBREE BANKCORP,SEBREE BANKCORP,True
20Q4.csv,90270,2020,4,NONIXAY,6.70140806783249,6.70140806783249,True
20Q4.csv,15271,2020,4,NETINBM,4388,4388.0,True
20Q4.csv,2102,2020,4,AOAR,0.009504934098500338,0.009504934098500338,True
20Q4.csv,34627,2020,4,NONIIAY,2.07,2.07,True
20Q4.csv,90282,2020,4,NONIXAY,3.2159739031638823,3.2159739031638823,True
20Q4.csv,16849,2020,4,LNLSDEPR,84.76021245254547,84.76021245254547,True
20Q4.csv,7085,2020,4,LNRESNCR,88.85557221389305,88.85557221389305,True
20Q4.csv,30812,2020,4,IDT1RWAJR,19.581274313952264,19.581274313952264,True
20Q4.csv,5531,2020,4,NTRERESR,0.05133623953489367,0.05133623953489367,True
20Q4.csv,16924,2020,4,HCTMULT,1,1.0,True
20Q4.csv,2328,2020,4,OCCDISTDESC,null,,True
20Q4.csv,14867,2020,4,STNAME,IOWA,IOWA,True
20Q4.csv,1786,2020,4,EQCDIV,1850,1850.0,True
20Q4.csv,30183,2020,4,FREPO,0,0.0,True
20Q4.csv,7593,2020,4,RBCRWAJ,0,0.0,True
20Q4.csv,17388,2020,4,EQCDIV,778,778.0,True
20Q4.csv,57103,2020,4,ENDEFYMD,99991231,99991231.0,True
20Q4.csv,57933,2020,4,SZLNCON,,,True
20Q4.csv,35331,2020,4,PTAXNETINC,5470,5470,True
20Q4.csv,28157,2020,4,FREPO,1937,1937.0,True
20Q4.csv,17671,2020,4,SZLNRES,,,True
20Q4.csv,34995,2020,4,OFFDOM,2,2.0,True
20Q4.csv,6862,2020,4,NCRECONR,0.013906271728549574,0.013906271728549574,True
20Q4.csv,24902,2020,4,NTRER,-0.09631413224671236,-0.09631413224671236,True
20Q4.csv,10523,2020,4,EINTEXP,864,864.0,True
20Q4.csv,24823,2020,4,ID,24823_20201231,24823_20201231,True
20Q4.csv,29842,2020,4,ROA,0.36720530459101325,0.36720530459101325,True
20Q4.csv,12699,2020,4,NAASSET,8279,8279,True
20Q4.csv,29384,2020,4,ROE,3.43,3.43,True
20Q4.csv,31485,2020,4,NTRERESR,0.05108055009823183,0.05108055009823183,True
20Q4.csv,12241,2020,4,TRADE,0,0.0,True
20Q4.csv,35543,2020,4,SZLNHEL,,,True
20Q4.csv,35028,2020,4,INTAN,61152,61152.0,True
20Q4.csv,10803,2020,4,SZLNCON,,,True
21Q1.csv,5797,2021,1,P3ASSET,1181,1181.0,True
21Q1.csv,31361,2021,1,IDNCCONR,0,0.0,True
21Q1.csv,34148,2021,1,MSA_NAME,,,True
21Q1.csv,17775,2021,1,NTCOMRER,0,0.0,True
21Q1.csv,32779,2021,1,DEPUNINS,1180395,1180395,True
21Q1.csv,8774,2021,1,IDT1RWAJR,0,0.0,True
21Q1.csv,3914,2021,1,ENDEFYMD,20220912,20220912.0,True
21Q1.csv,58025,2021,1,NOIJ,979,979.0,True
21Q1.csv,1744,2021,1,STALP,AL,AL,True
21Q1.csv,22070,2021,1,SC,48539,48539.0,True
21Q1.csv,2157,2021,1,DEPDASTR,91.9,91.9,True
21Q1.csv,13130,2021,1,STMULT,0,0,True
21Q1.csv,58218,2021,1,ERNASTR,94.04,94.04,True
21Q1.csv,30439,2021,1,FDICSUPVDESC,CHICAGO,CHICAGO,True
21Q1.csv,10849,2021,1,REPDTE,20210331,20210331,True
21Q1.csv,17514,2021,1,NETINBM,9394,9394.0,True
21Q1.csv,11302,2021,1,NIMY,2.0758307254399346,2.0758307254399346,True
21Q1.csv,26602,2021,1,ROE,5.86,5.86,True
21Q1.csv,14619,2021,1,HCTMULT,,,True
21Q1.csv,57098,2021,1,ASSET,1062607,1062607,True
21Q1.csv,893,2021,1,IBEFXTR,3888,3888.0,True
21Q1.csv,57884,2021,1,DEPCSBQ,207064,207064.0,True
21Q1.csv,14995,2021,1,NCRECONR,0,0.0,True
21Q1.csv,4255,2021,1,SZLNOTH,0,0.0,True
21Q1.csv,14276,2021,1,SZLNCRCD,,,True
21Q1.csv,18568,2021,1,RBC1AAJ,20.447299547941945,20.447299547941945,True
21Q1.csv,16162,2021,1,AOAR,0.027539213555278098,0.027539213555278098,True
21Q1.csv,12514,2021,1,IDLNCORR,81.03298269760127,81.03298269760127,True
21Q1.csv,19953,2021,1,LSALNLS,0,0.0,True
21Q1.csv,15121,2021,1,FDICDBSDESC,CHICAGO,CHICAGO,True
21Q1.csv,10860,2021,1,RSSDHCR,2232748,2232748.0,True
21Q1.csv,1380,2021,1,NAMEFULL,FELICIANA BANK & TRUST COMPANY,FELICIANA BANK & TRUST COMPANY,True
21Q1.csv,20162,2021,1,SUBCHAPS,0,0,True
21Q1.csv,4098,2021,1,SZLNHEL,,,True
21Q1.csv,1654,2021,1,REGAGNT,FDIC,FDIC,True
21Q1.csv,33458,2021,1,AOA,24102,24102,True
21Q1.csv,4707,2021,1,FDICSUPVDESC,KANSAS CITY,KANSAS CITY,True
21Q1.csv,29950,2021,1,TRUST,1,1,True
21Q1.csv,58657,2021,1,EFFDATE,20200311,20200311,True
21Q1.csv,5142,2021,1,EFFDATE,20100601,20100601,True
21Q1.csv,34221,2021,1,NCCOMRER,0,0.0,True
21Q1.csv,27045,2021,1,NONII,1914,1914.0,True
21Q1.csv,18514,2021,1,PARCERT,0,0,True
21Q1.csv,16101,2021,1,NETINC,473,473.0,True
21Q1.csv,14633,2021,1,PTAXNETINC,757,757,True
21Q1.csv,57061,2021,1,FLDOFF,CHICAGO,CHICAGO,True
21Q1.csv,12699,2021,1,ROE,12.23,12.23,True
21Q1.csv,12761,2021,1,NOIJ,2764,2764.0,True
21Q1.csv,14392,2021,1,DEPINS,92479,92479.0,True
21Q1.csv,10248,2021,1,EFFDATE,20080530,20080530,True
21Q2.csv,12010,2021,2,NCREMULR,0,0.0,True
21Q2.csv,873,2021,2,OCCDISTDESC,null,,True
21Q2.csv,6623,2021,2,LSASCDBT,,,True
21Q2.csv,58961,2021,2,NCLNLSR,0.6741229678523408,0.6741229678523408,True
21Q2.csv,27572,2021,2,RISDATE,20210630,20210630,True
21Q2.csv,4062,2021,2,IDNCGTPR,0,0.0,True
21Q2.csv,4865,2021,2,ASTEMPM,11.007977834612106,11.007977834612106,True
21Q2.csv,3614,2021,2,DEPDASTR,89.46,89.46,True
21Q2.csv,9871,2021,2,SC,105434,105434.0,True
21Q2.csv,30688,2021,2,NCRERESR,0,0.0,True
21Q2.csv,9349,2021,2,NOIJ,178.05,178.05,True
21Q2.csv,33959,2021,2,EXTRA,0,0.0,True
21Q2.csv,8421,2021,2,LNLSDEPR,65.17665940924272,65.17665940924272,True
21Q2.csv,12899,2021,2,STMULT,0,0,True
21Q2.csv,12761,2021,2,CB,1,1.0,True
21Q2.csv,18780,2021,2,EQ,19430,19430.0,True
21Q2.csv,32992,2021,2,IDNTCONR,0,0.0,True
21Q2.csv,30846,2021,2,ITAX,2543,2543.0,True
21Q2.csv,11953,2021,2,P3ASSET,1200,1200.0,True
21Q2.csv,57884,2021,2,IGLSEC,0,0.0,True
21Q2.csv,12865,2021,2,ASTEMPM,5.467555555555555,5.467555555555555,True
21Q2.csv,4697,2021,2,NTLNLSR,0.004392213393998435,0.004392213393998435,True
21Q2.csv,21455,2021,2,NIMY,2.0774026217521055,2.0774026217521055,True
21Q2.csv,27417,2021,2,SZLNHEL,,,True
21Q2.csv,19200,2021,2,TRUST,0,0,True
21Q2.csv,15883,2021,2,TFRA,0,0,True
21Q2.csv,3677,2021,2,NUMEMP,54,54.0,True
21Q2.csv,57734,2021,2,NTRER,-0.17490570231242733,-0.17490570231242733,True
21Q2.csv,27351,2021,2,RSSDID,1218446,1218446,True
21Q2.csv,16868,2021,2,SZLAUTO,,,True
21Q2.csv,57716,2021,2,SZLNRES,,,True
21Q2.csv,1982,2021,2,IGLSEC,12,12.0,True
21Q2.csv,24015,2021,2,ELNANTR,0,0.0,True
21Q2.csv,58636,2021,2,DEPIDOM,62590,62590.0,True
21Q2.csv,14492,2021,2,LNNDEPD,0,0.0,True
21Q2.csv,58180,2021,2,SZLNHEL,0,0.0,True
21Q2.csv,226,2021,2,OFFOA,0,0.0,True
21Q2.csv,3226,2021,2,CBSA,,,True
21Q2.csv,13625,2021,2,NTRECOSR,0,0.0,True
21Q2.csv,5786,2021,2,CHBAL,24971,24971.0,True
21Q2.csv,12293,2021,2,DEPDASTR,85.13,85.13,True
21Q2.csv,3091,2021,2,DEPDASTR,90.32,90.32,True
21Q2.csv,29188,2021,2,FEDDESC,MINNEAPOLIS,MINNEAPOLIS,True
21Q2.csv,15752,2021,2,AOAR,0.02400784573943317,0.02400784573943317,True
21Q2.csv,18266,2021,2,EFFDATE,20210501,20210501,True
21Q2.csv,3902,2021,2,QBPRCOMLDESC,KANSAS CITY,KANSAS CITY,True
21Q2.csv,30076,2021,2,ESTYMD,19390919,19390919,True
21Q2.csv,34456,2021,2,P3LTOT,0,0.0,True
21Q2.csv,57425,2021,2,IDNCCONR,0,0.0,True
21Q2.csv,11866,2021,2,ACTIVE,1,1,True
21Q3.csv,18641,2021,3,ROEINJR,16.540422152073663,16.540422152073663,True
21Q3.csv,24303,2021,3,IDT1CER,17.177934917162673,17.177934917162673,True
21Q3.csv,11582,2021,3,AOA,2688,2688,True
21Q3.csv,4084,2021,3,LSASCDBT,,,True
21Q3.csv,5093,2021,3,NCREMULR,0,0.0,True
21Q3.csv,27841,2021,3,DEPDOM,27528,27528.0,True
21Q3.csv,1936,2021,3,NTRER,-0.031428908175291974,-0.031428908175291974,True
21Q3.csv,59101,2021,3,NOIJY,-0.16737816489388094,-0.16737816489388094,True
21Q3.csv,9450,2021,3,RBCRWAJ,0,0.0,True
21Q3.csv,15565,2021,3,CHBAL,17482,17482.0,True
21Q3.csv,8531,2021,3,OFFOA,0,0.0,True
21Q3.csv,26590,2021,3,FLDOFF,SOUTH BOSTON,SOUTH BOSTON,True
21Q3.csv,58106,2021,3,CHBAL,26940,26940.0,True
21Q3.csv,5826,2021,3,CITY,MANHATTAN,MANHATTAN,True
21Q3.csv,19977,2021,3,NUMEMP,557,557.0,True
21Q3.csv,9385,2021,3,NONIX,1338,1338.0,True
21Q3.csv,4297,2021,3,LNNDEPC,,,True
21Q3.csv,33119,2021,3,NTREMULR,0,0.0,True
21Q3.csv,32718,2021,3,RSSDHCR,,,True
21Q3.csv,9727,2021,3,NCRER,0.2316346790205162,0.2316346790205162,True
21Q3.csv,12303,2021,3,OCCDISTDESC,null,,True
21Q3.csv,15046,2021,3,FDICSUPVDESC,CHICAGO,CHICAGO,True
21Q3.csv,57420,2021,3,ESTYMD,20020916,20020916,True
21Q3.csv,4097,2021,3,IGLSEC,42,42.0,True
21Q3.csv,2240,2021,3,NONII,9865,9865.0,True
21Q3.csv,18514,2021,3,LNLSDEPR,49.82614447016582,49.82614447016582,True
21Q3.csv,228,2021,3,QBPRCOMLDESC,KANSAS CITY,KANSAS CITY,True
21Q3.csv,16858,2021,3,NONIXAY,2.2987902440359282,2.2987902440359282,True
21Q3.csv,4241,2021,3,EFFDATE,20200801,20200801,True
21Q3.csv,20568,2021,3,INSDATE,19711222,19711222,True
21Q3.csv,35056,2021,3,INTINC,3744,3744.0,True
21Q3.csv,10567,2021,3,LNNDEPC,,,True
21Q3.csv,34980,2021,3,ROE,12.32,12.32,True
21Q3.csv,15801,2021,3,OCCDISTDESC,null,,True
21Q3.csv,58348,2021,3,RBCRWAJ,17.28359524159201,17.28359524159201,True
21Q3.csv,3702,2021,3,LNLSNET,110997,110997.0,True
21Q3.csv,18487,2021,3,PARCERT,0,0,True
21Q3.csv,35029,2021,3,SC,3084,3084.0,True
21Q3.csv,23798,2021,3,LNNDEPD,0,0.0,True
21Q3.csv,14649,2021,3,FDICSUPVDESC,KANSAS CITY,KANSAS CITY,True
21Q3.csv,17180,2021,3,NTRENRSR,-0.003919119116765234,-0.003919119116765234,True
21Q3.csv,4297,2021,3,SPECGRPDESC,ALL OTHER OVER 1 BILLION,ALL OTHER OVER 1 BILLION,True
21Q3.csv,16111,2021,3,DEPDOM,540819,540819.0,True
21Q3.csv,20162,2021,3,NONII,194,194.0,True
21Q3.csv,28701,2021,3,AOA,9366,9366,True
21Q3.csv,29800,2021,3,DEPCSBQ,428143,428143.0,True
21Q3.csv,34217,2021,3,NTRENRSR,0.26943578192792883,0.26943578192792883,True
21Q3.csv,16795,2021,3,PARCERT,0,0,True
21Q3.csv,35019,2021,3,SUBCHAPS,0,0,True
21Q3.csv,30987,2021,3,NETINC,162,162.0,True
21Q4.csv,57025,2021,4,STNAME,NEW MEXICO,NEW MEXICO,True
21Q4.csv,3276,2021,4,REGAGNT,OCC,OCC,True
21Q4.csv,57931,2021,4,FREPO,0,0.0,True
21Q4.csv,15164,2021,4,EEFFR,62.58663366336633,62.58663366336633,True
21Q4.csv,6354,2021,4,NTRERESR,-0.005056245676909946,-0.005056245676909946,True
21Q4.csv,19978,2021,4,LSALNLS,0,0.0,True
21Q4.csv,6672,2021,4,ASSET,209696785,209696785,True
21Q4.csv,9614,2021,4,P3ASSET,293,293.0,True
21Q4.csv,25679,2021,4,NTRERESR,0,0.0,True
21Q4.csv,57607,2021,4,CHBAL,385491,385491.0,True
21Q4.csv,22567,2021,4,STNAME,MISSOURI,MISSOURI,True
21Q4.csv,57607,2021,4,FDICSUPVDESC, DALLAS, DALLAS,True
21Q4.csv,4161,2021,4,LSALNLS,0,0.0,True
21Q4.csv,2850,2021,4,NETINC,6100,6100.0,True
21Q4.csv,4630,2021,4,EQ,11366,11366.0,True
21Q4.csv,31999,2021,4,IDT1CER,17.819655854114767,17.819655854114767,True
21Q4.csv,35506,2021,4,ROA,-0.9199528804622202,-0.9199528804622202,True
21Q4.csv,4722,2021,4,LNLSNTV,36.35,36.35,True
21Q4.csv,30722,2021,4,LNLSDEPR,102.02639902721091,102.02639902721091,True
21Q4.csv,12193,2021,4,FREPO,5970,5970.0,True
21Q4.csv,58668,2021,4,NAME,SPRING BANK,SPRING BANK,True
21Q4.csv,28068,2021,4,IDNTCONR,-0.550297160466652,-0.550297160466652,True
21Q4.csv,57034,2021,4,LSASCDBT,0,0.0,True
21Q4.csv,12959,2021,4,FDICSUPVDESC,NEW YORK,NEW YORK,True
21Q4.csv,27510,2021,4,OFFOA,0,0.0,True
21Q4.csv,28706,2021,4,SC,171327,171327.0,True
21Q4.csv,15035,2021,4,DEPFOR,,,True
21Q4.csv,19285,2021,4,NCRER,0.08179037955477585,0.08179037955477585,True
21Q4.csv,8850,2021,4,SZLNCON,,,True
21Q4.csv,35361,2021,4,CALLFORM,41,41,True
21Q4.csv,58563,2021,4,ITAX,479,479.0,True
21Q4.csv,3674,2021,4,REGAGNT,OCC,OCC,True
21Q4.csv,33802,2021,4,ROE,20.28,20.28,True
21Q4.csv,57633,2021,4,STMULT,0,0,True
21Q4.csv,899,2021,4,DEPALLEX,0,0.0,True
21Q4.csv,32907,2021,4,NOIJ,7210,7210.0,True
21Q4.csv,10249,2021,4,ROE,14.8,14.8,True
21Q4.csv,24920,2021,4,IBEFXTR,18566,18566.0,True
21Q4.csv,57073,2021,4,ELNANTR,1153.8461538461538,1153.8461538461538,True
21Q4.csv,29208,2021,4,LSASCDBT,,,True
21Q4.csv,25749,2021,4,NIM,4862,4862.0,True
21Q4.csv,22434,2021,4,NCRENRER,0,0.0,True
21Q4.csv,16418,2021,4,STMULT,0,0,True
21Q4.csv,160,2021,4,LNLSNTV,44.42,44.42,True
21Q4.csv,3837,2021,4,CBSA,,,True
21Q4.csv,5907,2021,4,NCRENRER,2.052861403010508,2.052861403010508,True
21Q4.csv,26513,2021,4,NETINBM,505,505.0,True
21Q4.csv,15663,2021,4,IBEFXTR,7291,7291.0,True
21Q4.csv,15826,2021,4,NTREMULR,0,0.0,True
21Q4.csv,7151,2021,4,NONII,13481,13481.0,True
22Q1.csv,27969,2022,1,P3ASSET,57,57.0,True
22Q1.csv,28812,2022,1,NAME,ARMOR BANK,ARMOR BANK,True
22Q1.csv,4111,2022,1,FDICDBSDESC, DALLAS, DALLAS,True
22Q1.csv,34441,2022,1,NOIJ,-41,-41.0,True
22Q1.csv,6636,2022,1,FEDDESC,CLEVELAND,CLEVELAND,True
22Q1.csv,25178,2022,1,AOA,85000,85000,True
22Q1.csv,29087,2022,1,ERNASTR,93.92,93.92,True
22Q1.csv,622,2022,1,NTRECOSR,-0.011809512562368988,-0.011809512562368988,True
22Q1.csv,12893,2022,1,SZLNRES,,,True
22Q1.csv,58401,2022,1,RBCRWAJ,0,0.0,True
22Q1.csv,22229,2022,1,DEPCSBQ,51883,51883.0,True
22Q1.csv,1675,2022,1,RBC1AAJ,9.559651097355093,9.559651097355093,True
22Q1.csv,2444,2022,1,FREPO,0,0.0,True
22Q1.csv,1705,2022,1,NPERFV,0.8308045841557907,0.8308045841557907,True
22Q1.csv,58764,2022,1,EQV,12.620813281040377,12.620813281040377,True
22Q1.csv,11734,2022,1,IDNCGTPR,15.868673050615595,15.868673050615595,True
22Q1.csv,25803,2022,1,SZLNCRCD,,,True
22Q1.csv,11235,2022,1,LSAORE,0,0.0,True
22Q1.csv,8510,2022,1,EQCDIVNTINC,55.43933054393305,55.43933054393305,True
22Q1.csv,16840,2022,1,IDNCCONR,0,0.0,True
22Q1.csv,9973,2022,1,LSAORE,0,0.0,True
22Q1.csv,19700,2022,1,FDICDBSDESC, DALLAS, DALLAS,True
22Q1.csv,34401,2022,1,NETINC,2386,2386.0,True
22Q1.csv,32647,2022,1,TRADE,0,0.0,True
22Q1.csv,24199,2022,1,NONII,145,145.0,True
22Q1.csv,59106,2022,1,EFFDATE,20180108,20180108,True
22Q1.csv,29490,2022,1,FDICSUPVDESC,ATLANTA,ATLANTA,True
22Q1.csv,30103,2022,1,REPDTE,20220331,20220331,True
22Q1.csv,23815,2022,1,LSALNLS,0,0.0,True
22Q1.csv,57569,2022,1,NCLNLSR,0.3039762550534773,0.3039762550534773,True
22Q1.csv,49,2022,1,NCRENRER,2.7004741290455576,2.7004741290455576,True
22Q1.csv,58310,2022,1,STCNTY,Orange,Orange,True
22Q1.csv,29523,2022,1,CBSA,"CHICAGO-NAPERVILLE-ELGIN, IL-IN","CHICAGO-NAPERVILLE-ELGIN, IL-IN",True
22Q1.csv,21255,2022,1,OFFFOR,0,0.0,True
22Q1.csv,686,2022,1,REGAGNT,FDIC,FDIC,True
22Q1.csv,9788,2022,1,EQCDIV,984,984.0,True
22Q1.csv,1913,2022,1,TRUST,0,0,True
22Q1.csv,5074,2022,1,DEPFOR,,,True
22Q1.csv,23523,2022,1,NFAA,0,0,True
22Q1.csv,2315,2022,1,TFRA,0,0,True
22Q1.csv,58504,2022,1,FEDDESC,RICHMOND,RICHMOND,True
22Q1.csv,22537,2022,1,REGAGNT,FDIC,FDIC,True
22Q1.csv,58482,2022,1,ELNATR,0,0.0,True
22Q1.csv,57640,2022,1,DEPIDOM,53824,53824.0,True
22Q1.csv,13753,2022,1,FEDDESC,CHICAGO,CHICAGO,True
22Q1.csv,26922,2022,1,CBSA,"BOSTON-CAMBRIDGE-NEWTON, MA-NH","BOSTON-CAMBRIDGE-NEWTON, MA-NH",True
22Q1.csv,5018,2022,1,NALTOT,0,0.0,True
22Q1.csv,18342,2022,1,HCTMULT,,,True
22Q1.csv,23647,2022,1,ASSET,4042157,4042157,True
22Q1.csv,35546,2022,1,DEPIDOM,8750547,8750547.0,True
22Q2.csv,28963,2022,2,NTCOMRER,0,0.0,True
22Q2.csv,14867,2022,2,NIM,6559,6559.0,True
22Q2.csv,24961,2022,2,BKCLASS,NM,NM,True
22Q2.csv,8121,2022,2,ROEINJR,1.8520828136692442,1.8520828136692442,True
22Q2.csv,58158,2022,2,IDERNCVR,0,0.0,True
22Q2.csv,12874,2022,2,NCRERESR,0.3317549541745011,0.3317549541745011,True
22Q2.csv,19087,2022,2,NTLNLS,0,0.0,True
22Q2.csv,11475,2022,2,NONIIAY,0.24,0.24,True
22Q2.csv,6544,2022,2,STNAME,OHIO,OHIO,True
22Q2.csv,27643,2022,2,REPDTE,20220630,20220630,True
22Q2.csv,2740,2022,2,FREPO,1,1.0,True
22Q2.csv,16110,2022,2,AOAR,0.03998175435813022,0.03998175435813022,True
22Q2.csv,24829,2022,2,ELNATRY,-0.23,-0.23,True
22Q2.csv,26021,2022,2,NTRER,0,0.0,True
22Q2.csv,57497,2022,2,DEPUNINS,313814,313814,True
22Q2.csv,29532,2022,2,RISDATE,20220630,20220630,True
22Q2.csv,12717,2022,2,OFFFOR,0,0.0,True
22Q2.csv,14009,2022,2,INSAGNT1,DIF,DIF,True
22Q2.csv,9259,2022,2,UC,8766,8766.0,True
22Q2.csv,3603,2022,2,P9ASSET,5274,5274.0,True
22Q2.csv,17115,2022,2,LSALNLS,0,0.0,True
22Q2.csv,33812,2022,2,NOIJ,2752.35,2752.35,True
22Q2.csv,34138,2022,2,NTALLOTHR,0,0.0,True
22Q2.csv,34752,2022,2,ASDROTH,,,True
22Q2.csv,292,2022,2,LNLSDEPR,71.73407872157314,71.73407872157314,True
22Q2.csv,9947,2022,2,STNAME,SOUTH DAKOTA,SOUTH DAKOTA,True
22Q2.csv,4061,2022,2,IDERNCVR,16.479166666666668,16.479166666666668,True
22Q2.csv,13753,2022,2,UC,17779,17779.0,True
22Q2.csv,27132,2022,2,IDERNCVR,305.9189189189189,305.9189189189189,True
22Q2.csv,18568,2022,2,NCRENRER,0,0.0,True
22Q2.csv,22523,2022,2,OFFDOM,2,2.0,True
22Q2.csv,1711,2022,2,RBC1AAJ,9.00832996924711,9.00832996924711,True
22Q2.csv,14026,2022,2,CALLFORM,51,51,True
22Q2.csv,10619,2022,2,OFFDOM,22,22.0,True
22Q2.csv,8503,2022,2,REGAGNT,FDIC,FDIC,True
22Q2.csv,34662,2022,2,REGAGNT,OCC,OCC,True
22Q2.csv,58057,2022,2,HCTMULT,,,True
22Q2.csv,14492,2022,2,LNNDEPD,0,0.0,True
22Q2.csv,14352,2022,2,MUTUAL,0,0,True
22Q2.csv,27742,2022,2,DEPNIDOM,46389,46389.0,True
22Q2.csv,20241,2022,2,DEPCSBQ,1900624,1900624.0,True
22Q2.csv,7875,2022,2,NTLNLSR,0.04063371983839579,0.04063371983839579,True
22Q2.csv,2805,2022,2,TRUST,0,0,True
22Q2.csv,90183,2022,2,EFFDATE,20220401,20220401,True
22Q2.csv,10803,2022,2,FEDDESC,CHICAGO,CHICAGO,True
22Q2.csv,34394,2022,2,FEDDESC,MINNEAPOLIS,MINNEAPOLIS,True
22Q2.csv,3342,2022,2,IDNTCONR,1.1884028275791416,1.1884028275791416,True
22Q2.csv,19234,2022,2,UC,30456,30456.0,True
22Q2.csv,27723,2022,2,INSAGNT1,DIF,DIF,True
22Q2.csv,57784,2022,2,IDNCCONR,0,0.0,True
22Q3.csv,13339,2022,3,NCRECONR,0,0.0,True
22Q3.csv,35441,2022,3,RBCRWAJ,0,0.0,True
22Q3.csv,59099,2022,3,LNLSNTV,86.31,86.31,True
22Q3.csv,11582,2022,3,DEPINS,170163,170163.0,True
22Q3.csv,2379,2022,3,BKPREM,845,845.0,True
22Q3.csv,10004,2022,3,EQCSTKRX,0,0.0,True
22Q3.csv,23627,2022,3,CITY,LOUISVILLE,LOUISVILLE,True
22Q3.csv,30439,2022,3,DEPALLEX,0,0.0,True
22Q3.csv,34102,2022,3,ROE,13.18,13.18,True
22Q3.csv,28788,2022,3,SZLNCI,,,True
22Q3.csv,29208,2022,3,NTLNLS,6,6.0,True
22Q3.csv,3337,2022,3,NONIXAY,2.7785164581526067,2.7785164581526067,True
22Q3.csv,7614,2022,3,NCRER,0.03946153421183478,0.03946153421183478,True
22Q3.csv,19351,2022,3,DEPDOM,151234,151234.0,True
22Q3.csv,9465,2022,3,ORE,3175,3175.0,True
22Q3.csv,24735,2022,3,P3LTOT,,,True
22Q3.csv,5170,2022,3,NTRER,0.00502571719857164,0.00502571719857164,True
22Q3.csv,57465,2022,3,NTALLOTHR,0,0.0,True
22Q3.csv,26633,2022,3,NTRENRSR,0,0.0,True
22Q3.csv,17632,2022,3,DEPCSBQ,15646,15646.0,True
22Q3.csv,5141,2022,3,SC,15342,15342.0,True
22Q3.csv,10853,2022,3,DEPBEFEX,195901,195901.0,True
22Q3.csv,1713,2022,3,LNLSNET,168373,168373.0,True
22Q3.csv,11750,2022,3,OCCDISTDESC,null,,True
22Q3.csv,10568,2022,3,NONIX,3622,3622.0,True
22Q3.csv,10471,2022,3,ELNATRY,0.14,0.14,True
22Q3.csv,7493,2022,3,DEPDASTR,89.96,89.96,True
22Q3.csv,2804,2022,3,EEFFR,84.00290856207963,84.00290856207963,True
22Q3.csv,31945,2022,3,IDLNCORR,90.86941369852586,90.86941369852586,True
22Q3.csv,9875,2022,3,SZLNCI,,,True
22Q3.csv,14281,2022,3,SZLNOTH,0,0.0,True
22Q3.csv,8822,2022,3,DEPALLEX,0,0.0,True
22Q3.csv,13883,2022,3,HCTMULT,,,True
22Q3.csv,28841,2022,3,QBPRCOMLDESC,CHICAGO,CHICAGO,True
22Q3.csv,35261,2022,3,NCCOMRER,0,0.0,True
22Q3.csv,34711,2022,3,TRUST,0,0,True
22Q3.csv,29231,2022,3,DEPINS,69133,69133.0,True
22Q3.csv,57038,2022,3,IGLSEC,15,15.0,True
22Q3.csv,16795,2022,3,DEPBEFEX,42955,42955.0,True
22Q3.csv,10628,2022,3,STNAME,MISSOURI,MISSOURI,True
22Q3.csv,17159,2022,3,ASDROTH,,,True
22Q3.csv,14410,2022,3,ASDROTH,,,True
22Q3.csv,17077,2022,3,NTALLOTHR,0,0.0,True
22Q3.csv,5874,2022,3,NTRERESR,-0.001728340249567769,-0.001728340249567769,True
22Q3.csv,11904,2022,3,ROE,12.86,12.86,True
22Q3.csv,90282,2022,3,ROEINJR,6.392256894390807,6.392256894390807,True
22Q3.csv,21085,2022,3,EQCSTKRX,0,0.0,True
22Q3.csv,25803,2022,3,NONIIAY,1.27,1.27,True
22Q3.csv,22636,2022,3,RSSDID,706656,706656,True
22Q3.csv,34229,2022,3,FDICDBSDESC,ATLANTA,ATLANTA,True
22Q4.csv,18199,2022,4,NFAA,0,0,True
22Q4.csv,58651,2022,4,INTINC,14909,14909.0,True
22Q4.csv,25591,2022,4,TFRA,0,0,True
22Q4.csv,35541,2022,4,INTAN,6670,6670.0,True
22Q4.csv,9775,2022,4,NETINBM,4005,4005.0,True
22Q4.csv,16464,2022,4,NCRER,2.9013772512761244,2.9013772512761244,True
22Q4.csv,16704,2022,4,MSA_NAME,,,True
22Q4.csv,30987,2022,4,DEPBEFEX,123709,123709.0,True
22Q4.csv,35276,2022,4,ROAPTX,1.5228576990565184,1.5228576990565184,True
22Q4.csv,32082,2022,4,LNATRESR,1.323434131005109,1.323434131005109,True
22Q4.csv,2482,2022,4,IDT1RWAJR,23.75772693505626,23.75772693505626,True
22Q4.csv,4032,2022,4,HCTMULT,,,True
22Q4.csv,12163,2022,4,IDLNCORR,73.67998662431032,73.67998662431032,True
22Q4.csv,26755,2022,4,SZLNHEL,,,True
22Q4.csv,4148,2022,4,ASSET,207475,207475,True
22Q4.csv,15345,2022,4,IDNCGTPR,0,0.0,True
22Q4.csv,4228,2022,4,LSAOA,,,True
22Q4.csv,3600,2022,4,LNNDEPC,,,True
22Q4.csv,31516,2022,4,NTRENRSR,0,0.0,True
22Q4.csv,14136,2022,4,BKCLASS,SI,SI,True
22Q4.csv,26393,2022,4,ORE,0,0.0,True
22Q4.csv,418,2022,4,MUTUAL,0,0,True
22Q4.csv,12874,2022,4,INTEXPY,0.34339349504092503,0.34339349504092503,True
22Q4.csv,15126,2022,4,FDICSUPVDESC,CHICAGO,CHICAGO,True
22Q4.csv,58692,2022,4,LSALNLS,0,0.0,True
22Q4.csv,172,2022,4,LNLSDEPR,34.74564158307685,34.74564158307685,True
22Q4.csv,15415,2022,4,STNAME,MISSOURI,MISSOURI,True
22Q4.csv,31345,2022,4,TFRA,0,0,True
22Q4.csv,3113,2022,4,NTCOMRER,0,0.0,True
22Q4.csv,6137,2022,4,ERNASTR,94.62,94.62,True
22Q4.csv,26727,2022,4,NTLNLSR,-0.0009232246390191662,-0.0009232246390191662,True
22Q4.csv,8510,2022,4,DEPBEFEX,126764,126764.0,True
22Q4.csv,16477,2022,4,DEPDASTR,92.99,92.99,True
22Q4.csv,35393,2022,4,ROAPTX,1.8353589428983617,1.8353589428983617,True
22Q4.csv,58255,2022,4,SZLNCON,,,True
22Q4.csv,14266,2022,4,COREDEP,901279,901279.0,True
22Q4.csv,15772,2022,4,OFFOA,0,0.0,True
22Q4.csv,10176,2022,4,NOIJ,630,630.0,True
22Q4.csv,15598,2022,4,EQCSTKRX,0,0.0,True
22Q4.csv,1936,2022,4,FEDDESC,ST. LOUIS,ST. LOUIS,True
22Q4.csv,35138,2022,4,NIM,19817,19817.0,True
22Q4.csv,19459,2022,4,LNLSDEPR,61.83791655377946,61.83791655377946,True
22Q4.csv,15947,2022,4,DEP,347458,347458.0,True
22Q4.csv,29692,2022,4,INSAGNT1,DIF,DIF,True
22Q4.csv,4062,2022,4,STCNTY,Grady,Grady,True
22Q4.csv,954,2022,4,STMULT,0,0,True
22Q4.csv,59278,2022,4,IDERNCVR,0,0.0,True
22Q4.csv,57056,2022,4,SZLNCI,,,True
22Q4.csv,12322,2022,4,EQCSTKRX,0,0.0,True
22Q4.csv,5520,2022,4,ROE,18.39,18.39,True
23Q1.csv,16472,2023,1,LNNDEPD,0,0.0,True
23Q1.csv,28859,2023,1,NTLNLSR,-0.015730854335758892,-0.015730854335758892,True
23Q1.csv,16854,2023,1,NFAA,0,0,True
23Q1.csv,57273,2023,1,IDT1CER,0,0.0,True
23Q1.csv,3973,2023,1,ROAPTX,1.3139858733589318,1.3139858733589318,True
23Q1.csv,9420,2023,1,CITY,BEULAH,BEULAH,True
23Q1.csv,35084,2023,1,INTINCY,4.389386049988192,4.389386049988192,True
23Q1.csv,2735,2023,1,RSSDID,907444,907444,True
23Q1.csv,29173,2023,1,SZLNHEL,,,True
23Q1.csv,34786,2023,1,ESTYMD,19981023,19981023,True
23Q1.csv,57565,2023,1,INTINC,1330682,1330682.0,True
23Q1.csv,19600,2023,1,P9LTOT,0,0.0,True
23Q1.csv,29745,2023,1,NCCOMRER,0,0.0,True
23Q1.csv,22451,2023,1,TFRA,0,0,True
23Q1.csv,30976,2023,1,RBCRWAJ,20.14010037843206,20.14010037843206,True
23Q1.csv,11681,2023,1,DEPBEFEX,35301,35301.0,True
23Q1.csv,4098,2023,1,DEPUNINS,2889,2889,True
23Q1.csv,33661,2023,1,FDICSUPVDESC,SAN FRANCISCO,SAN FRANCISCO,True
23Q1.csv,8851,2023,1,NONIIAY,0.73,0.73,True
23Q1.csv,34562,2023,1,IDT1CER,0,0.0,True
23Q1.csv,25869,2023,1,SUBCHAPS,0,0,True
23Q1.csv,24867,2023,1,EXTRA,0,0.0,True
23Q1.csv,34760,2023,1,SZLNCRCD,,,True
23Q1.csv,13196,2023,1,AOA,1073,1073,True
23Q1.csv,16810,2023,1,RBCRWAJ,19.868269778336504,19.868269778336504,True
23Q1.csv,8067,2023,1,LNRESNCR,62.063086104006814,62.063086104006814,True
23Q1.csv,15359,2023,1,ERNASTR,93.86,93.86,True
23Q1.csv,34023,2023,1,EEFFR,63.775510204081634,63.775510204081634,True
23Q1.csv,4705,2023,1,BKPREM,49846,49846.0,True
23Q1.csv,2987,2023,1,FREPO,0,0.0,True
23Q1.csv,9517,2023,1,IDNCGTPR,0,0.0,True
23Q1.csv,16369,2023,1,OCCDISTDESC,null,,True
23Q1.csv,21265,2023,1,DEPDOM,2871851,2871851.0,True
23Q1.csv,14920,2023,1,SZLAUTO,,,True
23Q1.csv,7900,2023,1,NAMEHCR,NEXTIER INC,NEXTIER INC,True
23Q1.csv,931,2023,1,OFFOA,0,0.0,True
23Q1.csv,58224,2023,1,NTRERESR,0,0.0,True
23Q1.csv,5415,2023,1,ENDEFYMD,99991231,99991231.0,True
23Q1.csv,14674,2023,1,TRUST,1,1,True
23Q1.csv,22354,2023,1,SZLNOTH,,,True
23Q1.csv,29858,2023,1,DEPBEFEX,178586,178586.0,True
23Q1.csv,29121,2023,1,NONIXAY,3.2781636499780524,3.2781636499780524,True
23Q1.csv,18109,2023,1,LNATRESR,1.2157584303475315,1.2157584303475315,True
23Q1.csv,18620,2023,1,ROEINJR,16.67709459075138,16.67709459075138,True
23Q1.csv,18780,2023,1,LNLSDEPR,99.2347399390341,99.2347399390341,True
23Q1.csv,30357,2023,1,STALP,IL,IL,True
23Q1.csv,11003,2023,1,RBC1AAJ,21.83231581125828,21.83231581125828,True
23Q1.csv,5432,2023,1,NUMEMP,45,45.0,True
23Q1.csv,16110,2023,1,INTINCY,4.420113133848068,4.420113133848068,True
23Q1.csv,148,2023,1,FDICDBSDESC,ATLANTA,ATLANTA,True
23Q2.csv,1929,2023,2,MUTUAL,0,0,True
23Q2.csv,31900,2023,2,EQ,29714,29714.0,True
23Q2.csv,16620,2023,2,NIMY,3.238567323085231,3.238567323085231,True
23Q2.csv,33812,2023,2,ASDROTH,,,True
23Q2.csv,4526,2023,2,SZLNCI,,,True
23Q2.csv,14836,2023,2,COREDEP,364667,364667.0,True
23Q2.csv,1639,2023,2,SPECGRPDESC,ALL OTHER UNDER 1 BILLION,ALL OTHER UNDER 1 BILLION,True
23Q2.csv,35033,2023,2,ID,35033_20230630,35033_20230630,True
23Q2.csv,30039,2023,2,ROE,-1.76,-1.76,True
23Q2.csv,33855,2023,2,ROEINJR,8.071114336251076,8.071114336251076,True
23Q2.csv,34047,2023,2,STNAME,SOUTH CAROLINA,SOUTH CAROLINA,True
23Q2.csv,58732,2023,2,NETINC,1811,1811.0,True
23Q2.csv,5113,2023,2,IBEFXTR,54,54.0,True
23Q2.csv,2467,2023,2,INTINC,4184,4184.0,True
23Q2.csv,26392,2023,2,ELNATR,0,0.0,True
23Q2.csv,10489,2023,2,LNRESNCR,253.2258064516129,253.2258064516129,True
23Q2.csv,5015,2023,2,EQCSTKRX,0,0.0,True
23Q2.csv,22354,2023,2,IDNTCIR,-0.00998288351430776,-0.00998288351430776,True
23Q2.csv,11785,2023,2,NAASSET,517,517,True
23Q2.csv,23474,2023,2,TFRA,343343,343343,True
23Q2.csv,34394,2023,2,MSA_NAME,,,True
23Q2.csv,14966,2023,2,ROAPTX,1.3002943412822259,1.3002943412822259,True
23Q2.csv,34052,2023,2,TFRA,0,0,True
23Q2.csv,3335,2023,2,NTCOMRER,0,0.0,True
23Q2.csv,2750,2023,2,STALP,KY,KY,True
23Q2.csv,34728,2023,2,CALLFORM,51,51,True
23Q2.csv,34210,2023,2,TRADE,0,0.0,True
23Q2.csv,12899,2023,2,TRADE,0,0.0,True
23Q2.csv,26602,2023,2,NONIXAY,3.0063108365170117,3.0063108365170117,True
23Q2.csv,5405,2023,2,ASDRRES,,,True
23Q2.csv,17509,2023,2,ERNASTR,97.11,97.11,True
23Q2.csv,3170,2023,2,NETINBM,978,978.0,True
23Q2.csv,17193,2023,2,IDNCCONR,0,0.0,True
23Q2.csv,20161,2023,2,SPECGRPDESC,COMMERCIAL LENDING SPECIALIZATION,COMMERCIAL LENDING SPECIALIZATION,True
23Q2.csv,28652,2023,2,ASSET,51974,51974,True
23Q2.csv,9450,2023,2,REPDTE,20230630,20230630,True
23Q2.csv,9068,2023,2,DEPIDOM,215606,215606.0,True
23Q2.csv,27910,2023,2,CHBAL,13360,13360.0,True
23Q2.csv,6959,2023,2,NONIIAY,0.43,0.43,True
23Q2.csv,5117,2023,2,NOIJY,0.33674513817809626,0.33674513817809626,True
23Q2.csv,18714,2023,2,DEP,24394244,24394244.0,True
23Q2.csv,8695,2023,2,NCRER,0.08288333542634685,0.08288333542634685,True
23Q2.csv,25249,2023,2,NETINC,6752,6752.0,True
23Q2.csv,12869,2023,2,NTRECOSR,0,0.0,True
23Q2.csv,3126,2023,2,INSAGNT1,DIF,DIF,True
23Q2.csv,12484,2023,2,SZLNHEL,,,True
23Q2.csv,26590,2023,2,CBLRIND,0,0.0,True
23Q2.csv,13102,2023,2,RSSDID,874845,874845,True
23Q2.csv,14995,2023,2,P9LTOT,0,0.0,True
23Q2.csv,16330,2023,2,SZLNCI,,,True
23Q3.csv,14017,2023,3,NTREMULR,0,0.0,True
23Q3.csv,27043,2023,3,DEPUNINS,43415,43415,True
23Q3.csv,19220,2023,3,DEPBEFEX,2663039,2663039.0,True
23Q3.csv,306,2023,3,SZLNOTH,,,True
23Q3.csv,20179,2023,3,ENDEFYMD,99991231,99991231.0,True
23Q3.csv,25644,2023,3,ASDROTH,,,True
23Q3.csv,58208,2023,3,STALP,TN,TN,True
23Q3.csv,24961,2023,3,SZLNCRCD,,,True
23Q3.csv,12309,2023,3,INTEXPY,1.3133549343821735,1.3133549343821735,True
23Q3.csv,30434,2023,3,NIMY,4.166351412967485,4.166351412967485,True
23Q3.csv,4465,2023,3,SZLNCON,,,True
23Q3.csv,5892,2023,3,NTRER,0,0.0,True
23Q3.csv,5434,2023,3,OCCDISTDESC,WESTERN DISTRICT,WESTERN DISTRICT,True
23Q3.csv,5434,2023,3,STNAME,NEBRASKA,NEBRASKA,True
23Q3.csv,90234,2023,3,IDNCCIR,0,0.0,True
23Q3.csv,26403,2023,3,P9ASSET,181,181.0,True
23Q3.csv,4511,2023,3,NAME,CITIZENS 1ST NB STORM LAKE,CITIZENS 1ST NB STORM LAKE,True
23Q3.csv,14344,2023,3,ASDROTH,,,True
23Q3.csv,31479,2023,3,ERNASTR,94.45,94.45,True
23Q3.csv,16916,2023,3,EXTRA,0,0.0,True
23Q3.csv,14694,2023,3,ELNATR,65,65.0,True
23Q3.csv,59183,2023,3,LSAORE,,,True
23Q3.csv,1401,2023,3,NCRECONR,0,0.0,True
23Q3.csv,14136,2023,3,IDNCCONR,0.088261253309797,0.088261253309797,True
23Q3.csv,33009,2023,3,TRUST,0,0,True
23Q3.csv,4178,2023,3,QBPRCOMLDESC,DALLAS,DALLAS,True
23Q3.csv,59209,2023,3,BKCLASS,NM,NM,True
23Q3.csv,6821,2023,3,IGLSEC,-3332,-3332.0,True
23Q3.csv,18519,2023,3,P9ASSET,0,0.0,True
23Q3.csv,59209,2023,3,NAME,CRAFT BANK,CRAFT BANK,True
23Q3.csv,4144,2023,3,NAMEFULL,FARMERS AND MERCHANTS BANK,FARMERS AND MERCHANTS BANK,True
23Q3.csv,899,2023,3,OFFOA,0,0.0,True
23Q3.csv,147,2023,3,DEPBEFEX,305371,305371.0,True
23Q3.csv,35075,2023,3,ASTEMPM,1.2692105263157896,1.2692105263157896,True
23Q3.csv,27389,2023,3,REPDTE,20230930,20230930,True
23Q3.csv,9620,2023,3,TRADE,0,0.0,True
23Q3.csv,8833,2023,3,INTINC,4109,4109.0,True
23Q3.csv,29858,2023,3,DEPINS,175576,175576.0,True
23Q3.csv,3225,2023,3,TRUST,0,0,True
23Q3.csv,15598,2023,3,IDNTCIR,0,0.0,True
23Q3.csv,33009,2023,3,P3LTOT,,,True
23Q3.csv,16953,2023,3,NTRENRSR,0,0.0,True
23Q3.csv,20040,2023,3,RSSDHCR,2022734,2022734.0,True
23Q3.csv,1296,2023,3,NALTOT,,,True
23Q3.csv,5219,2023,3,TRADE,0,0.0,True
23Q3.csv,19680,2023,3,NTCOMRER,0,0.0,True
23Q3.csv,12230,2023,3,FDICDBSDESC,KANSAS CITY,KANSAS CITY,True
23Q3.csv,26708,2023,3,NOIJY,-0.9583113484582958,-0.9583113484582958,True
23Q3.csv,1843,2023,3,NCLNLSR,0.0009656610915832978,0.0009656610915832978,True
23Q3.csv,10497,2023,3,AOA,2817,2817,True
23Q4.csv,28480,2023,4,ASDRRES,,,True
23Q4.csv,30895,2023,4,DEPCSBQ,2431330,2431330.0,True
23Q4.csv,13616,2023,4,DEPUNINS,14051,14051,True
23Q4.csv,8510,2023,4,ROA,1.189841456168362,1.189841456168362,True
23Q4.csv,18216,2023,4,NTRECOSR,0,0.0,True
23Q4.csv,16835,2023,4,NIM,965784,965784.0,True
23Q4.csv,9265,2023,4,DEPINS,89700,89700.0,True
23Q4.csv,29744,2023,4,IDNTCONR,0.011105681666740705,0.011105681666740705,True
23Q4.csv,19680,2023,4,CITY,MCRAE,MCRAE,True
23Q4.csv,16849,2023,4,INSDATE,19491105,19491105,True
23Q4.csv,33656,2023,4,LSAORE,,,True
23Q4.csv,26610,2023,4,IDNCOTHR,0,0.0,True
23Q4.csv,1497,2023,4,NOIJY,0.8382426483723375,0.8382426483723375,True
23Q4.csv,5141,2023,4,NOIJY,0.8621092940728315,0.8621092940728315,True
23Q4.csv,16553,2023,4,ITAX,1534,1534.0,True
23Q4.csv,20093,2023,4,INSDATE,19691222,19691222,True
23Q4.csv,57834,2023,4,REPDTE,20231231,20231231,True
23Q4.csv,5786,2023,4,NTLNLSR,0.03441139312067092,0.03441139312067092,True
23Q4.csv,31217,2023,4,P3LTOT,,,True
23Q4.csv,13080,2023,4,INTINC,6342,6342.0,True
23Q4.csv,6725,2023,4,ENDEFYMD,99991231,99991231.0,True
23Q4.csv,9822,2023,4,IBEFXTR,1425,1425.0,True
23Q4.csv,90215,2023,4,NTALLOTHR,0,0.0,True
23Q4.csv,10843,2023,4,FDICSUPVDESC,CHICAGO,CHICAGO,True
23Q4.csv,15760,2023,4,REGAGNT,OCC,OCC,True
23Q4.csv,19977,2023,4,FEDDESC,NEW YORK,NEW YORK,True
23Q4.csv,9881,2023,4,NAASSET,41,41,True
23Q4.csv,58433,2023,4,INTINCY,5.057146982418809,5.057146982418809,True
23Q4.csv,35314,2023,4,IDLNCORR,73.72273677920525,73.72273677920525,True
23Q4.csv,57741,2023,4,ROAPTX,1.2391893094101643,1.2391893094101643,True
23Q4.csv,26499,2023,4,NAMEFULL,AMERICAN NATIONAL BANK OF MINNESOTA,AMERICAN NATIONAL BANK OF MINNESOTA,True
23Q4.csv,12219,2023,4,NETINBM,5891,5891.0,True
23Q4.csv,18109,2023,4,LSAORE,,,True
23Q4.csv,7551,2023,4,NETINC,308986,308986.0,True
23Q4.csv,90,2023,4,LIAB,241871,241871.0,True
23Q4.csv,20234,2023,4,ROAPTX,0.8035195915631628,0.8035195915631628,True
23Q4.csv,19230,2023,4,LSASCDBT,,,True
23Q4.csv,28288,2023,4,NTLNLSR,-0.009873958914456957,-0.009873958914456957,True
23Q4.csv,2452,2023,4,P3ASSET,269,269.0,True
23Q4.csv,23551,2023,4,OBSDIR,0,0.0,True
23Q4.csv,15731,2023,4,STALP,TX,TX,True
23Q4.csv,14649,2023,4,NFAA,0,0,True
23Q4.csv,9328,2023,4,OFFFOR,0,0.0,True
23Q4.csv,18566,2023,4,P3ASSET,62,62.0,True
23Q4.csv,16744,2023,4,RSSDID,741358,741358,True
23Q4.csv,59203,2023,4,NCRERESR,0,0.0,True
23Q4.csv,26689,2023,4,IDNTCIR,0,0.0,True
23Q4.csv,2244,2023,4,SZLNHEL,,,True
23Q4.csv,1415,2023,4,SZLNRES,,,True
23Q4.csv,32286,2023,4,LSAOA,,,True
24Q1.csv,17437,2024,1,NUMEMP,611,611.0,True
24Q1.csv,11295,2024,1,MUTUAL,0,0,True
24Q1.csv,33935,2024,1,ERNASTR,93.74,93.74,True
24Q1.csv,7025,2024,1,IDNCGTPR,0,0.0,True
24Q1.csv,16154,2024,1,P3ASSET,14,14.0,True
24Q1.csv,15675,2024,1,EQCDIVNTINC,0,0.0,True
24Q1.csv,19850,2024,1,FDICDBSDESC,KANSAS CITY,KANSAS CITY,True
24Q1.csv,18474,2024,1,ASTEMPM,8.65874193548387,8.65874193548387,True
24Q1.csv,11557,2024,1,IDNCCONR,0,0.0,True
24Q1.csv,28905,2024,1,DEPFOR,,,True
24Q1.csv,19215,2024,1,NONIIAY,1.52,1.52,True
24Q1.csv,21868,2024,1,IDNCOTHR,0,0.0,True
24Q1.csv,20179,2024,1,SUBCHAPS,0,0,True
24Q1.csv,16152,2024,1,NOIJ,567,567.0,True
24Q1.csv,21525,2024,1,DEPBEFEX,208404,208404.0,True
24Q1.csv,58490,2024,1,IGLSEC,-16,-16.0,True
24Q1.csv,57280,2024,1,ROA,0.6701675418854713,0.6701675418854713,True
24Q1.csv,11236,2024,1,NOIJ,2051,2051.0,True
24Q1.csv,18858,2024,1,ASDROTH,,,True
24Q1.csv,3127,2024,1,AOAR,0.019138403753410853,0.019138403753410853,True
24Q1.csv,22354,2024,1,ERNASTR,92.29,92.29,True
24Q1.csv,59199,2024,1,LNLSDEPR,110.14332109573566,110.14332109573566,True
24Q1.csv,7230,2024,1,INSDATE,19340101,19340101,True
24Q1.csv,25258,2024,1,SC,93138,93138.0,True
24Q1.csv,5595,2024,1,ASSET,315034,315034,True
24Q1.csv,21978,2024,1,QBPRCOMLDESC,DALLAS,DALLAS,True
24Q1.csv,4801,2024,1,NONII,863,863.0,True
24Q1.csv,3337,2024,1,NONIX,6035,6035.0,True
24Q1.csv,8094,2024,1,NONIXAY,1.7249349699516328,1.7249349699516328,True
24Q1.csv,30012,2024,1,NPERFV,0.2086723924007799,0.2086723924007799,True
24Q1.csv,90215,2024,1,ERNASTR,94.07,94.07,True
24Q1.csv,18463,2024,1,TFRA,0,0,True
24Q1.csv,13025,2024,1,ITAX,22,22.0,True
24Q1.csv,17211,2024,1,ELNATRY,0.17,0.17,True
24Q1.csv,34685,2024,1,ZIP,97504,97504,True
24Q1.csv,17685,2024,1,ESTYMD,18970101,18970101,True
24Q1.csv,4624,2024,1,ROE,12.28,12.28,True
24Q1.csv,9665,2024,1,SUBCHAPS,0,0,True
24Q1.csv,22971,2024,1,IGLSEC,0,0.0,True
24Q1.csv,10382,2024,1,NAMEHCR,F&M BANKSHARES INC,F&M BANKSHARES INC,True
24Q1.csv,14761,2024,1,SUBCHAPS,0,0,True
24Q1.csv,17993,2024,1,DEPFOR,,,True
24Q1.csv,28860,2024,1,INTINCY,3.2001495896302328,3.2001495896302328,True
24Q1.csv,9614,2024,1,LNLSNTV,69.48,69.48,True
24Q1.csv,30315,2024,1,SZLAUTO,,,True
24Q1.csv,33552,2024,1,NCRERESR,0.2335357309668379,0.2335357309668379,True
24Q1.csv,9879,2024,1,SC,23134,23134.0,True
24Q1.csv,29331,2024,1,FEDDESC,ATLANTA,ATLANTA,True
24Q1.csv,8728,2024,1,MUTUAL,0,0,True
24Q1.csv,307,2024,1,NALTOT,,,True
24Q2.csv,33497,2024,2,NOIJ,110790,110790.0,True
24Q2.csv,90175,2024,2,NTLNLSR,0.2719514348003766,0.2719514348003766,True
24Q2.csv,18356,2024,2,NIMY,2.467003421867362,2.467003421867362,True
24Q2.csv,3601,2024,2,FREPO,0,0.0,True
24Q2.csv,18238,2024,2,DEPUNINS,287952,287952,True
24Q2.csv,16228,2024,2,NTLNLS,0,0.0,True
24Q2.csv,15345,2024,2,NTRECOSR,0,0.0,True
24Q2.csv,57497,2024,2,RBCRWAJ,16.07181875943374,16.07181875943374,True
24Q2.csv,17878,2024,2,IDNCOTHR,0,0.0,True
24Q2.csv,32441,2024,2,LNATRESR,2.47253198173504,2.47253198173504,True
24Q2.csv,17985,2024,2,FDICDBSDESC,SAN FRANCISCO,SAN FRANCISCO,True
24Q2.csv,15912,2024,2,NONIX,16966,16966.0,True
24Q2.csv,3389,2024,2,CALLFORM,51,51,True
24Q2.csv,16858,2024,2,QBPRCOMLDESC,ATLANTA,ATLANTA,True
24Q2.csv,3818,2024,2,DEPDOM,84556,84556.0,True
24Q2.csv,17764,2024,2,INTEXPY,2.8336624631785705,2.8336624631785705,True
24Q2.csv,3702,2024,2,IDNTCONR,0.9087154068566707,0.9087154068566707,True
24Q2.csv,19212,2024,2,P9LTOT,,,True
24Q2.csv,26703,2024,2,NOIJY,0.17697039630577896,0.17697039630577896,True
24Q2.csv,2289,2024,2,NAME,COMMODORE BANK,COMMODORE BANK,True
24Q2.csv,12230,2024,2,IDNTCONR,1.5427380125086865,1.5427380125086865,True
24Q2.csv,18518,2024,2,UC,28554,28554.0,True
24Q2.csv,8941,2024,2,RBCRWAJ,0,0.0,True
24Q2.csv,24211,2024,2,ELNANTR,0,0.0,True
24Q2.csv,12511,2024,2,NCRER,0.11317155190532391,0.11317155190532391,True
24Q2.csv,28405,2024,2,NONIX,29294,29294.0,True
24Q2.csv,17588,2024,2,OCCDISTDESC,null,,True
24Q2.csv,6101,2024,2,LIAB,263953,263953.0,True
24Q2.csv,17809,2024,2,MSA_NAME,,,True
24Q2.csv,14587,2024,2,IDERNCVR,269.35483870967744,269.35483870967744,True
24Q2.csv,4705,2024,2,SZLAUTO,,,True
24Q2.csv,15728,2024,2,CALLFORM,51,51,True
24Q2.csv,57033,2024,2,LSAOA,,,True
24Q2.csv,26816,2024,2,EQCDIVNTINC,0,0.0,True
24Q2.csv,8833,2024,2,STCNTY,Murray,Murray,True
24Q2.csv,11306,2024,2,LSAOA,,,True
24Q2.csv,27981,2024,2,INTINCY,4.166745361818217,4.166745361818217,True
24Q2.csv,35220,2024,2,ENDEFYMD,99991231,99991231.0,True
24Q2.csv,24920,2024,2,OFFOA,0,0.0,True
24Q2.csv,16976,2024,2,NTRER,0.016535248188563563,0.016535248188563563,True
24Q2.csv,13599,2024,2,NTALLOTHR,0,0.0,True
24Q2.csv,16820,2024,2,NAASSET,317,317,True
24Q2.csv,57884,2024,2,ASSET,100703,100703,True
24Q2.csv,951,2024,2,DEPIDOM,184904,184904.0,True
24Q2.csv,13986,2024,2,NTREMULR,0,0.0,True
24Q2.csv,32245,2024,2,INSAGNT1,DIF,DIF,True
24Q2.csv,18820,2024,2,NCRECONR,0,0.0,True
24Q2.csv,13892,2024,2,LSAORE,,,True
24Q2.csv,15728,2024,2,ENDEFYMD,99991231,99991231.0,True
24Q2.csv,4774,2024,2,INTEXPY,1.74516584068808,1.74516584068808,True
24Q3.csv,11317,2024,3,DEPDOM,103916,103916.0,True
24Q3.csv,58772,2024,3,RSSDID,3636259,3636259,True
24Q3.csv,58264,2024,3,TRUST,0,0,True
24Q3.csv,3103,2024,3,ROE,16.6,16.6,True
24Q3.csv,58106,2024,3,LNRESNCR,263.7931034482759,263.7931034482759,True
24Q3.csv,8149,2024,3,IDNCOTHR,0,0.0,True
24Q3.csv,14275,2024,3,NTCOMRER,0,0.0,True
24Q3.csv,35019,2024,3,AOAR,0.01662507829908711,0.01662507829908711,True
24Q3.csv,12107,2024,3,RISDATE,20240930,20240930,True
24Q3.csv,18566,2024,3,IDNTCONR,0,0.0,True
24Q3.csv,13729,2024,3,STMULT,0,0,True
24Q3.csv,26021,2024,3,EQV,17.978629279248622,17.978629279248622,True
24Q3.csv,29645,2024,3,DEPALLEX,0,0.0,True
24Q3.csv,17169,2024,3,CITY,GOLDEN MEADOW,GOLDEN MEADOW,True
24Q3.csv,21292,2024,3,FEDDESC,ATLANTA,ATLANTA,True
24Q3.csv,10194,2024,3,LNATRESR,1.1061881987030897,1.1061881987030897,True
24Q3.csv,15701,2024,3,ESTYMD,19391125,19391125,True
24Q3.csv,27898,2024,3,IDNTCIR,0,0.0,True
24Q3.csv,4673,2024,3,EQCDIV,1000,1000.0,True
24Q3.csv,26260,2024,3,CBLRIND,0,0.0,True
24Q3.csv,5885,2024,3,ENDEFYMD,99991231,99991231.0,True
24Q3.csv,23472,2024,3,DEPNIDOM,1118,1118.0,True
24Q3.csv,11666,2024,3,OFFFOR,0,0.0,True
24Q3.csv,14264,2024,3,NOIJY,0.6350181742788144,0.6350181742788144,True
24Q3.csv,33497,2024,3,LNLSNET,1022000,1022000.0,True
24Q3.csv,10167,2024,3,INTEXPY,2.0556194257481297,2.0556194257481297,True
24Q3.csv,34313,2024,3,NONIXAY,2.786502118899607,2.786502118899607,True
24Q3.csv,21525,2024,3,NTRENRSR,0,0.0,True
24Q3.csv,4526,2024,3,EQTOT,34995,34995.0,True
24Q3.csv,24272,2024,3,LNRESNCR,0,0.0,True
24Q3.csv,30103,2024,3,ASDROTH,0,0.0,True
24Q3.csv,57095,2024,3,REGAGNT,FDIC,FDIC,True
24Q3.csv,27884,2024,3,SZLNCON,,,True
24Q3.csv,5633,2024,3,NETINC,90455,90455.0,True
24Q3.csv,35412,2024,3,DEPDOM,900938,900938.0,True
24Q3.csv,27884,2024,3,MSA_NAME,,,True
24Q3.csv,8760,2024,3,NCRER,0.11674133905471068,0.11674133905471068,True
24Q3.csv,9155,2024,3,NALTOT,,,True
24Q3.csv,9499,2024,3,CHBAL,104044,104044.0,True
24Q3.csv,14581,2024,3,IDNCGTPR,0,0.0,True
24Q3.csv,855,2024,3,NAMEFULL,"MERCHANTS & FARMERS BANK OF GREENE COUNTY, ALABAMA","MERCHANTS & FARMERS BANK OF GREENE COUNTY, ALABAMA",True
24Q3.csv,10878,2024,3,NTRERESR,0,0.0,True
24Q3.csv,11667,2024,3,NCRER,0,0.0,True
24Q3.csv,58103,2024,3,ERNASTR,93.65,93.65,True
24Q3.csv,17588,2024,3,INSDATE,19560507,19560507,True
24Q3.csv,10015,2024,3,DEP,172964,172964.0,True
24Q3.csv,8110,2024,3,SPECGRPDESC,OTHER SPECIALIZED UNDER 1 BILLION,OTHER SPECIALIZED UNDER 1 BILLION,True
24Q3.csv,9155,2024,3,UC,72757,72757.0,True
24Q3.csv,15415,2024,3,ITAX,268,268.0,True
24Q3.csv,12229,2024,3,INSAGNT1,DIF,DIF,True
24Q4.csv,33664,2024,4,OCCDISTDESC,null,,True
24Q4.csv,34441,2024,4,LNLSNTV,83.13,83.13,True
24Q4.csv,4419,2024,4,ROAPTX,1.0888914352483212,1.0888914352483212,True
24Q4.csv,57176,2024,4,STMULT,0,0,True
24Q4.csv,28836,2024,4,EINTEXP,6251,6251.0,True
24Q4.csv,17509,2024,4,DEPIDOM,757242,757242.0,True
24Q4.csv,3693,2024,4,IDT1CER,22.08809826344769,22.08809826344769,True
24Q4.csv,5589,2024,4,PTAXNETINC,1069,1069,True
24Q4.csv,34885,2024,4,NTRECOSR,0,0.0,True
24Q4.csv,17964,2024,4,NTLNLS,303,303.0,True
24Q4.csv,9997,2024,4,NETINBM,4277,4277.0,True
24Q4.csv,1908,2024,4,NIM,4312,4312.0,True
24Q4.csv,363,2024,4,LNLSDEPR,77.9730437792977,77.9730437792977,True
24Q4.csv,90245,2024,4,ELNATRY,0.01,0.01,True
24Q4.csv,58208,2024,4,DEPINS,451546,451546.0,True
24Q4.csv,13071,2024,4,P9LTOT,,,True
24Q4.csv,20162,2024,4,CBSA,"HELENA, MT","HELENA, MT",True
24Q4.csv,22340,2024,4,NCLNLSR,1.586396884202527,1.586396884202527,True
24Q4.csv,1468,2024,4,SZLAUTO,,,True
24Q4.csv,9332,2024,4,RBCRWAJ,24.60358669169629,24.60358669169629,True
24Q4.csv,14779,2024,4,LNLSNTV,36.42,36.42,True
24Q4.csv,15801,2024,4,NCRER,2.447650523799651,2.447650523799651,True
24Q4.csv,6760,2024,4,LNATRESR,0.9455129079981003,0.9455129079981003,True
24Q4.csv,58281,2024,4,DEPUNINS,416889,416889,True
24Q4.csv,58469,2024,4,INTEXPY,3.751738050377698,3.751738050377698,True
24Q4.csv,34455,2024,4,EQCDIV,0,0.0,True
24Q4.csv,30121,2024,4,TRADE,0,0.0,True
24Q4.csv,19978,2024,4,SZLAUTO,,,True
24Q4.csv,1008,2024,4,ASDROTH,,,True
24Q4.csv,58741,2024,4,COREDEP,565850,565850.0,True
24Q4.csv,8632,2024,4,AOAR,0.017221442140910218,0.017221442140910218,True
24Q4.csv,15194,2024,4,AOAR,0.030964783542557682,0.030964783542557682,True
24Q4.csv,14334,2024,4,SZLNCRCD,,,True
24Q4.csv,24038,2024,4,LNLSDEPR,176.5201465201465,176.5201465201465,True
24Q4.csv,58852,2024,4,IDNCGTPR,0,0.0,True
24Q4.csv,17470,2024,4,CHBAL,61789,61789.0,True
24Q4.csv,3127,2024,4,LNLSNET,421672,421672.0,True
24Q4.csv,17491,2024,4,P3ASSET,31271,31271.0,True
24Q4.csv,28818,2024,4,EQTOT,47447,47447.0,True
24Q4.csv,8840,2024,4,IDNCCIR,0,0.0,True
24Q4.csv,18858,2024,4,NTCOMRER,0,0.0,True
24Q4.csv,327,2024,4,ASDROTH,,,True
24Q4.csv,58789,2024,4,NTRENRSR,0,0.0,True
24Q4.csv,6616,2024,4,DEPALLEX,0,0.0,True
24Q4.csv,35207,2024,4,NTRENRSR,-0.002610816088893066,-0.002610816088893066,True
24Q4.csv,13652,2024,4,EQTOT,27839,27839.0,True
24Q4.csv,9340,2024,4,NCRER,2.923209380509204,2.923209380509204,True
24Q4.csv,4778,2024,4,SZLNHEL,,,True
24Q4.csv,34160,2024,4,NONIXAY,2.3439537944913322,2.3439537944913322,True
24Q4.csv,29961,2024,4,ELNATRY,0.09,0.09,True
25Q1.csv,35441,2025,1,IDLNCORR,82.71880758248507,82.71880758248507,True
25Q1.csv,34775,2025,1,FREPO,0,0.0,True
25Q1.csv,8544,2025,1,STALP,MN,MN,True
25Q1.csv,27211,2025,1,MSA_NAME,,,True
25Q1.csv,15629,2025,1,DEPINS,164276,164276.0,True
25Q1.csv,3747,2025,1,ROAPTX,1.4378028708660684,1.4378028708660684,True
25Q1.csv,9300,2025,1,CBLRIND,0,0.0,True
25Q1.csv,28530,2025,1,SPECGRPDESC,COMMERCIAL LENDING SPECIALIZATION,COMMERCIAL LENDING SPECIALIZATION,True
25Q1.csv,13032,2025,1,DEP,268233,268233.0,True
25Q1.csv,14701,2025,1,NAME,BANK OF NEW MADRID,BANK OF NEW MADRID,True
25Q1.csv,4094,2025,1,NUMEMP,24,24.0,True
25Q1.csv,30394,2025,1,SZLNCRCD,,,True
25Q1.csv,16629,2025,1,NUMEMP,61,61.0,True
25Q1.csv,16868,2025,1,IDNTCIR,0,0.0,True
25Q1.csv,57348,2025,1,P9LTOT,,,True
25Q1.csv,3320,2025,1,NCLNLSR,0,0.0,True
25Q1.csv,13809,2025,1,FREPO,1373,1373.0,True
25Q1.csv,14679,2025,1,NUMEMP,144,144.0,True
25Q1.csv,29700,2025,1,NIMY,4.353015101368387,4.353015101368387,True
25Q1.csv,4173,2025,1,NTRENRSR,0,0.0,True
25Q1.csv,228,2025,1,MUTUAL,0,0,True
25Q1.csv,29809,2025,1,INSDATE,19890809,19890809,True
25Q1.csv,19274,2025,1,FEDDESC,KANSAS CITY,KANSAS CITY,True
25Q1.csv,14930,2025,1,ELNATR,55,55.0,True
25Q1.csv,8870,2025,1,NETINC,6796,6796.0,True
25Q1.csv,57468,2025,1,NCCOMRER,0,0.0,True
25Q1.csv,57554,2025,1,NCREMULR,0,0.0,True
25Q1.csv,4611,2025,1,NTCOMRER,0,0.0,True
25Q1.csv,8892,2025,1,PTAXNETINC,3642,3642,True
25Q1.csv,12384,2025,1,PTAXNETINC,292,292,True
25Q1.csv,21883,2025,1,NAMEFULL,TRUPOINT BANK,TRUPOINT BANK,True
25Q1.csv,5019,2025,1,ASSET,1561839,1561839,True
25Q1.csv,11159,2025,1,ASDRRES,,,True
25Q1.csv,2691,2025,1,ESTYMD,19040101,19040101,True
25Q1.csv,872,2025,1,LNNDEPD,0,0.0,True
25Q1.csv,6100,2025,1,DEPDASTR,91.83,91.83,True
25Q1.csv,3099,2025,1,LNLSNTV,32.52,32.52,True
25Q1.csv,931,2025,1,P9LTOT,,,True
25Q1.csv,10576,2025,1,PTAXNETINC,365,365,True
25Q1.csv,6732,2025,1,OCCDISTDESC,NORTHEAST DISTRICT,NORTHEAST DISTRICT,True
25Q1.csv,13703,2025,1,EQCDIV,0,0.0,True
25Q1.csv,17960,2025,1,CBSA,"CONCORD, NH","CONCORD, NH",True
25Q1.csv,59262,2025,1,NONII,6,6.0,True
25Q1.csv,14413,2025,1,ENDEFYMD,99991231,99991231.0,True
25Q1.csv,57101,2025,1,NALTOT,,,True
25Q1.csv,845,2025,1,NTRER,0.849173632988179,0.849173632988179,True
25Q1.csv,4952,2025,1,EQCDIVNTINC,0,0.0,True
25Q1.csv,5269,2025,1,RBC1AAJ,11.897898779762135,11.897898779762135,True
25Q1.csv,29804,2025,1,NTRENRSR,0,0.0,True
25Q1.csv,1014,2025,1,FLDOFF,DETROIT,DETROIT,True
25Q2.csv,58424,2025,2,SZLAUTO,,,True
25Q2.csv,29858,2025,2,EXTRA,0,0.0,True
25Q2.csv,14327,2025,2,INTEXPY,1.4574478488840077,1.4574478488840077,True
25Q2.csv,4196,2025,2,NTALLOTHR,0,0.0,True
25Q2.csv,9422,2025,2,EQTOT,5184,5184.0,True
25Q2.csv,57803,2025,2,ID,57803_20250630,57803_20250630,True
25Q2.csv,9369,2025,2,NAMEFULL,THE BANK OF ADVANCE,THE BANK OF ADVANCE,True
25Q2.csv,3834,2025,2,OFFOA,0,0.0,True
25Q2.csv,19595,2025,2,IGLSEC,-10,-10.0,True
25Q2.csv,10168,2025,2,IDNTCONR,0,0.0,True
25Q2.csv,3510,2025,2,NIM,29340000,29340000.0,True
25Q2.csv,25749,2025,2,LNLSNTV,64.69,64.69,True
25Q2.csv,23210,2025,2,NIM,7281,7281.0,True
25Q2.csv,11113,2025,2,NETINBM,2194,2194.0,True
25Q2.csv,18237,2025,2,NPERFV,0.4563928525851086,0.4563928525851086,True
25Q2.csv,57813,2025,2,NTRER,-0.00045306065122938,-0.00045306065122938,True
25Q2.csv,10816,2025,2,NAASSET,1661,1661,True
25Q2.csv,10434,2025,2,SZLNOTH,0,0.0,True
25Q2.csv,33645,2025,2,IDNCGTPR,0,0.0,True
25Q2.csv,9139,2025,2,NTCOMRER,0,0.0,True
25Q2.csv,16906,2025,2,ERNASTR,95.64,95.64,True
25Q2.csv,31184,2025,2,RSSDID,828473,828473,True
25Q2.csv,16198,2025,2,STCNTY,Mason,Mason,True
25Q2.csv,24303,2025,2,IDT1RWAJR,22.519848916981424,22.519848916981424,True
25Q2.csv,28208,2025,2,EQCDIVNTINC,0,0.0,True
25Q2.csv,9457,2025,2,FDICSUPVDESC,CHICAGO,CHICAGO,True
25Q2.csv,10503,2025,2,NAASSET,0,0,True
25Q2.csv,1786,2025,2,NTLNLS,717,717.0,True
25Q2.csv,10685,2025,2,P9ASSET,4,4.0,True
25Q2.csv,13366,2025,2,ELNANTR,123.45679012345678,123.45679012345678,True
25Q2.csv,5142,2025,2,INTINC,881,881.0,True
25Q2.csv,11299,2025,2,AOA,5984,5984,True
25Q2.csv,58357,2025,2,STALP,AL,AL,True
25Q2.csv,35241,2025,2,RBC1AAJ,12.005231987792028,12.005231987792028,True
25Q2.csv,18185,2025,2,STCNTY,Navarro,Navarro,True
25Q2.csv,57311,2025,2,SZLAUTO,,,True
25Q2.csv,10132,2025,2,ORE,0,0.0,True
25Q2.csv,17094,2025,2,CHBAL,22572,22572.0,True
25Q2.csv,23622,2025,2,NTRERESR,0,0.0,True
25Q2.csv,58712,2025,2,ASTEMPM,13.097508474576271,13.097508474576271,True
25Q2.csv,11788,2025,2,ASTEMPM,5.272297297297298,5.272297297297298,True
25Q2.csv,10531,2025,2,NCRERESR,2.3113417947366286,2.3113417947366286,True
25Q2.csv,16125,2025,2,FLDOFF,DENVER,DENVER,True
25Q2.csv,19687,2025,2,IDNCGTPR,0,0.0,True
25Q2.csv,12248,2025,2,P3ASSET,1828,1828.0,True
25Q2.csv,9737,2025,2,DEPNIDOM,128608,128608.0,True
25Q2.csv,3777,2025,2,DEPDOM,521048,521048.0,True
25Q2.csv,1497,2025,2,DEPFOR,,,True
25Q2.csv,2759,2025,2,SPECGRPDESC,COMMERCIAL LENDING SPECIALIZATION,COMMERCIAL LENDING SPECIALIZATION,True
25Q2.csv,3121,2025,2,DEPINS,421003,421003.0,True
25Q3.csv,8904,2025,3,NTRECOSR,0.4341326224830263,0.4341326224830263,True
25Q3.csv,89,2025,3,ORE,0,0.0,True
25Q3.csv,58597,2025,3,IDNTCIR,-0.7409051617683379,-0.7409051617683379,True
25Q3.csv,27233,2025,3,IDNTCONR,0.8866699618063356,0.8866699618063356,True
25Q3.csv,5830,2025,3,NTRER,-0.0030351421335685622,-0.0030351421335685622,True
25Q3.csv,2740,2025,3,SZLAUTO,,,True
25Q3.csv,3674,2025,3,ASTEMPM,12.034078947368421,12.034078947368421,True
25Q3.csv,5536,2025,3,INSDATE,19340101,19340101,True
25Q3.csv,20720,2025,3,EQCDIV,6047,6047.0,True
25Q3.csv,28778,2025,3,NONII,3119,3119.0,True
25Q3.csv,8892,2025,3,TRADE,0,0.0,True
25Q3.csv,57953,2025,3,DEPCSBQ,1082282,1082282.0,True
25Q3.csv,17073,2025,3,REPDTE,20250930,20250930,True
25Q3.csv,27752,2025,3,NTRECOSR,15.79632557266241,15.79632557266241,True
25Q3.csv,35229,2025,3,IDLNCORR,73.28220567810281,73.28220567810281,True
25Q3.csv,35278,2025,3,NIM,143690,143690.0,True
25Q3.csv,28359,2025,3,EQCSTKRX,4275,4275.0,True
25Q3.csv,16228,2025,3,UC,11813,11813.0,True
25Q3.csv,1513,2025,3,LSAORE,,,True
25Q3.csv,15547,2025,3,INTINC,4145,4145.0,True
25Q3.csv,14222,2025,3,SUBCHAPS,1,1,True
25Q3.csv,9385,2025,3,STALP,MO,MO,True
25Q3.csv,11817,2025,3,NIMY,4.318837130888496,4.318837130888496,True
25Q3.csv,1941,2025,3,SZLNCON,,,True
25Q3.csv,24498,2025,3,IDNTCONR,0.2531181775035595,0.2531181775035595,True
25Q3.csv,5136,2025,3,EEFFR,76.45320197044335,76.45320197044335,True
25Q3.csv,58243,2025,3,NOIJ,16671,16671.0,True
25Q3.csv,7526,2025,3,LSAOA,,,True
25Q3.csv,13209,2025,3,DEPINS,208601,208601.0,True
25Q3.csv,34969,2025,3,NTLNLSR,0.16033321992687288,0.16033321992687288,True
25Q3.csv,58469,2025,3,OFFOA,0,0.0,True
25Q3.csv,70,2025,3,EFFDATE,20220831,20220831,True
25Q3.csv,28359,2025,3,BKPREM,129045,129045.0,True
25Q3.csv,13774,2025,3,NTRER,0,0.0,True
25Q3.csv,22537,2025,3,ELNANTR,57.19557195571956,57.19557195571956,True
25Q3.csv,58852,2025,3,RBCRWAJ,14.050750406847085,14.050750406847085,True
25Q3.csv,58214,2025,3,ENDEFYMD,99991231,99991231.0,True
25Q3.csv,57359,2025,3,UC,30584,30584.0,True
25Q3.csv,13983,2025,3,ROEINJR,6.154661327694418,6.154661327694418,True
25Q3.csv,3389,2025,3,ROA,1.2022188120400505,1.2022188120400505,True
25Q3.csv,2735,2025,3,MSA_NAME,,,True
25Q3.csv,28585,2025,3,RBC1AAJ,8.70203036971144,8.70203036971144,True
25Q3.csv,13407,2025,3,INTINCY,6.180931239365848,6.180931239365848,True
25Q3.csv,34953,2025,3,QBPRCOMLDESC,CHICAGO,CHICAGO,True
25Q3.csv,16125,2025,3,CBLRIND,0,0.0,True
25Q3.csv,5590,2025,3,NONIXAY,2.801384292188015,2.801384292188015,True
25Q3.csv,17589,2025,3,NIMY,4.98282250529818,4.98282250529818,True
25Q3.csv,8595,2025,3,NTALLOTHR,0,0.0,True
25Q3.csv,16707,2025,3,NCRER,1.0006414368184735,1.0006414368184735,True
25Q3.csv,24920,2025,3,NTRENRSR,0,0.0,True
25Q4.csv,6863,2025,4,IDNCCONR,0.030915086562242372,0.030915086562242372,True
25Q4.csv,58752,2025,4,DEPIDOM,857920,857920.0,True
25Q4.csv,59257,2025,4,NETINBM,11516,11516.0,True
25Q4.csv,10255,2025,4,DEPIDOM,608329,608329.0,True
25Q4.csv,10619,2025,4,LNNDEPD,0,0.0,True
25Q4.csv,14820,2025,4,FLDOFF,SYRACUSE,SYRACUSE,True
25Q4.csv,27476,2025,4,STNAME,OKLAHOMA,OKLAHOMA,True
25Q4.csv,4660,2025,4,STCNTY,Montgomery,Montgomery,True
25Q4.csv,31223,2025,4,CBSA,"LOUISVILLE-JEFFERSON COUNTY, KY-IN","LOUISVILLE-JEFFERSON COUNTY, KY-IN",True
25Q4.csv,9986,2025,4,LNLSNET,59543,59543.0,True
25Q4.csv,57129,2025,4,NTRECOSR,0,0.0,True
25Q4.csv,57141,2025,4,ASTEMPM,4.142818181818182,4.142818181818182,True
25Q4.csv,169,2025,4,LSALNLS,,,True
25Q4.csv,57957,2025,4,HCTMULT,,,True
25Q4.csv,1868,2025,4,NONIX,12227,12227.0,True
25Q4.csv,20100,2025,4,LNLSNTV,75.83,75.83,True
25Q4.csv,35583,2025,4,NTREMULR,-0.0010344677766735793,-0.0010344677766735793,True
25Q4.csv,6101,2025,4,LIAB,290492,290492.0,True
25Q4.csv,363,2025,4,LSASCDBT,,,True
25Q4.csv,58481,2025,4,SZLNHEL,,,True
25Q4.csv,12417,2025,4,FDICSUPVDESC,KANSAS CITY,KANSAS CITY,True
25Q4.csv,29839,2025,4,NCLNLSR,1.5405576062627162,1.5405576062627162,True
25Q4.csv,15908,2025,4,EQCDIVNTINC,33.46456692913386,33.46456692913386,True
25Q4.csv,3158,2025,4,SZLNHEL,,,True
25Q4.csv,14581,2025,4,MUTUAL,0,0,True
25Q4.csv,24865,2025,4,EFFDATE,20220831,20220831,True
25Q4.csv,7848,2025,4,SZLNHEL,,,True
25Q4.csv,13339,2025,4,FLDOFF,COLUMBUS,COLUMBUS,True
25Q4.csv,15853,2025,4,RISDATE,20251231,20251231,True
25Q4.csv,1040,2025,4,STMULT,1,1,True
25Q4.csv,17676,2025,4,OFFOA,0,0.0,True
25Q4.csv,8519,2025,4,EQCSTKRX,0,0.0,True
25Q4.csv,58509,2025,4,IGLSEC,-99,-99.0,True
25Q4.csv,17190,2025,4,CALLFORM,51,51,True
25Q4.csv,18569,2025,4,OFFDOM,12,12.0,True
25Q4.csv,17960,2025,4,DEP,1135223,1135223.0,True
25Q4.csv,28870,2025,4,NCRECONR,0,0.0,True
25Q4.csv,58680,2025,4,LNRESNCR,0,0.0,True
25Q4.csv,15355,2025,4,NIMY,3.6471948824826224,3.6471948824826224,True
25Q4.csv,15050,2025,4,NONIIAY,0.2,0.2,True
25Q4.csv,28860,2025,4,NAMEFULL,CENTURY SAVINGS AND LOAN ASSOCIATION,CENTURY SAVINGS AND LOAN ASSOCIATION,True
25Q4.csv,11035,2025,4,ASTEMPM,10.755204577968525,10.755204577968525,True
25Q4.csv,10434,2025,4,NCLNLSR,3.8005420977799553,3.8005420977799553,True
25Q4.csv,35407,2025,4,FDICDBSDESC, DALLAS, DALLAS,True
25Q4.csv,59262,2025,4,IDNCCONR,0,0.0,True
25Q4.csv,16160,2025,4,ROA,1.700411267373198,1.700411267373198,True
25Q4.csv,34171,2025,4,EQCDIVNTINC,0,0.0,True
25Q4.csv,17138,2025,4,IDNTCIR,0.07783615489394824,0.07783615489394824,True
25Q4.csv,22601,2025,4,RBC1AAJ,8.215194867665101,8.215194867665101,True
25Q4.csv,5817,2025,4,ASDRRES,0,0.0,True
26Q1.csv,8067,2026,1,DEPDOM,129535,129535.0,True
26Q1.csv,16889,2026,1,HCTMULT,,,True
26Q1.csv,19644,2026,1,LSASCDBT,,,True
26Q1.csv,925,2026,1,LSASCDBT,,,True
26Q1.csv,16151,2026,1,NCRENRER,0,0.0,True
26Q1.csv,14690,2026,1,IDNCOTHR,0,0.0,True
26Q1.csv,8946,2026,1,ASSET,47138,47138,True
26Q1.csv,10791,2026,1,ASSET,304070,304070,True
26Q1.csv,18100,2026,1,HCTMULT,,,True
26Q1.csv,59074,2026,1,QBPRCOMLDESC,NEW YORK,NEW YORK,True
26Q1.csv,9803,2026,1,SZLNOTH,0,0.0,True
26Q1.csv,11475,2026,1,ELNATR,2,2.0,True
26Q1.csv,1487,2026,1,EQCDIV,1860,1860.0,True
26Q1.csv,23275,2026,1,RBC1AAJ,11.5911286310369,11.5911286310369,True
26Q1.csv,15597,2026,1,P9LTOT,,,True
26Q1.csv,8867,2026,1,NCRER,0.2084892547845611,0.2084892547845611,True
26Q1.csv,57463,2026,1,AOA,84299,84299,True
26Q1.csv,58745,2026,1,DEPDOM,149045,149045.0,True
26Q1.csv,34526,2026,1,PTAXNETINC,432,432,True
26Q1.csv,59112,2026,1,IDNCGTPR,0,0.0,True
26Q1.csv,9024,2026,1,UC,11018,11018.0,True
26Q1.csv,17825,2026,1,DEPALLEX,0,0.0,True
26Q1.csv,34444,2026,1,DEP,21707136,21707136.0,True
26Q1.csv,90215,2026,1,MSA_NAME,,,True
26Q1.csv,10878,2026,1,IDNCGTPR,0,0.0,True
26Q1.csv,12410,2026,1,NCRENRER,4.2475901039935415,4.2475901039935415,True
26Q1.csv,28679,2026,1,IDNTCONR,0.06677337926343346,0.06677337926343346,True
26Q1.csv,597,2026,1,NALTOT,,,True
26Q1.csv,10345,2026,1,CBLRIND,0,0.0,True
26Q1.csv,57882,2026,1,NCRER,0.053993348019524,0.053993348019524,True
26Q1.csv,4621,2026,1,P3LTOT,,,True
26Q1.csv,8785,2026,1,ORE,503,503.0,True
26Q1.csv,59305,2026,1,LIAB,74887,74887.0,True
26Q1.csv,17410,2026,1,DEPBEFEX,119585,119585.0,True
26Q1.csv,18394,2026,1,AOAR,0.03998427390986467,0.03998427390986467,True
26Q1.csv,57777,2026,1,INTEXPY,2.704364011036029,2.704364011036029,True
26Q1.csv,19080,2026,1,NIMY,2.744723411748021,2.744723411748021,True
26Q1.csv,8243,2026,1,ID,8243_20260331,8243_20260331,True
26Q1.csv,27054,2026,1,ZIP,7030,7030,True
26Q1.csv,16810,2026,1,SZLNRES,,,True
26Q1.csv,19796,2026,1,ITAX,59,59.0,True
26Q1.csv,17193,2026,1,NTLNLS,0,0.0,True
26Q1.csv,10317,2026,1,LNLSDEPR,45.82626850304588,45.82626850304588,True
26Q1.csv,17229,2026,1,DEPALLEX,0,0.0,True
26Q1.csv,90181,2026,1,SZLNCI,,,True
26Q1.csv,19796,2026,1,NTRERESR,0,0.0,True
26Q1.csv,26704,2026,1,EQCDIVNTINC,0,0.0,True
26Q1.csv,13883,2026,1,SZLNOTH,,,True
26Q1.csv,3108,2026,1,MUTUAL,0,0,True
26Q1.csv,14662,2026,1,NOIJY,1.8514916463062678,1.8514916463062678,True
26Q2.csv,9172,2026,2,LNNDEPC,,,True
26Q2.csv,26912,2026,2,DEPDOM,497261,497261.0,True
26Q2.csv,15035,2026,2,NCREMULR,0,0.0,True
26Q2.csv,15214,2026,2,NCRER,0,0.0,True
26Q2.csv,17922,2026,2,NTLNLSR,0.008367208908288418,0.008367208908288418,True
26Q2.csv,57993,2026,2,NALTOT,,,True
26Q2.csv,21978,2026,2,LNLSNTV,78.18,78.18,True
26Q2.csv,14692,2026,2,INTINCY,5.2707298024678115,5.2707298024678115,True
26Q2.csv,30039,2026,2,STNAME,NEW JERSEY,NEW JERSEY,True
26Q2.csv,10998,2026,2,ENDEFYMD,99991231,99991231.0,True
26Q2.csv,1008,2026,2,LSAOA,,,True
26Q2.csv,15669,2026,2,NTALLOTHR,0,0.0,True
26Q2.csv,14574,2026,2,QBPRCOMLDESC,KANSAS CITY,KANSAS CITY,True
26Q2.csv,14069,2026,2,EFFDATE,20240630,20240630,True
26Q2.csv,18380,2026,2,NOIJ,887,887.0,True
26Q2.csv,15399,2026,2,CALLFORM,41,41,True
26Q2.csv,8552,2026,2,INTEXPY,0.9773743246008899,0.9773743246008899,True
26Q2.csv,27664,2026,2,EINTEXP,3757,3757.0,True
26Q2.csv,58396,2026,2,NONII,2402,2402.0,True
26Q2.csv,14316,2026,2,ZIP,53803,53803,True
26Q2.csv,3842,2026,2,REPDTE,20260630,20260630,True
26Q2.csv,15871,2026,2,ORE,0,0.0,True
26Q2.csv,90297,2026,2,SZLNCON,,,True
26Q2.csv,2057,2026,2,REPDTE,20260630,20260630,True
26Q2.csv,8842,2026,2,NCLNLSR,0.09920786336787803,0.09920786336787803,True
26Q2.csv,29093,2026,2,NTLNLS,5,5.0,True
26Q2.csv,8941,2026,2,OFFDOM,12,12.0,True
26Q2.csv,58692,2026,2,LNLSNET,403215,403215.0,True
26Q2.csv,18361,2026,2,FREPO,3737,3737.0,True
26Q2.csv,26451,2026,2,NCRER,2.8920063086245538,2.8920063086245538,True
26Q2.csv,35546,2026,2,DEPUNINS,5271928,5271928,True
26Q2.csv,34857,2026,2,NFAA,0,0,True
26Q2.csv,35442,2026,2,MUTUAL,0,0,True
26Q2.csv,10460,2026,2,ROAPTX,3.1851557148002625,3.1851557148002625,True
26Q2.csv,12166,2026,2,NCRERESR,0.5703539450416819,0.5703539450416819,True
26Q2.csv,57463,2026,2,NTLNLS,59,59.0,True
26Q2.csv,13919,2026,2,NCRECONR,0.3685920752703817,0.3685920752703817,True
26Q2.csv,2750,2026,2,IDNCGTPR,0,0.0,True
26Q2.csv,12828,2026,2,REGAGNT,FDIC,FDIC,True
26Q2.csv,59360,2026,2,EQ,35851,35851.0,True
26Q2.csv,5797,2026,2,ORE,0,0.0,True
26Q2.csv,57074,2026,2,NCREMULR,0,0.0,True
26Q2.csv,13931,2026,2,NCRENRER,0,0.0,True
26Q2.csv,90259,2026,2,FDICDBSDESC,NEW YORK,NEW YORK,True
26Q2.csv,3108,2026,2,FLDOFF,DALLAS,DALLAS,True
26Q2.csv,11475,2026,2,SZLNOTH,,,True
26Q2.csv,3368,2026,2,NAME,NORMANGEE STATE BANK,NORMANGEE STATE BANK,True
26Q2.csv,1049,2026,2,IDERNCVR,117.30434782608695,117.30434782608695,True
26Q2.csv,19638,2026,2,ZIP,71232,71232,True
26Q2.csv,29683,2026,2,INTINC,47178,47178.0,True
92Q1.csv,21002,1992,1,DEPDASTR,94.63,94.63,True
92Q1.csv,15664,1992,1,IDT1CER,0,0.0,True
92Q1.csv,5299,1992,1,MUTUAL,0,0,True
92Q1.csv,445,1992,1,ACTIVE,1,1,True
92Q1.csv,18149,1992,1,NUMEMP,26,26.0,True
92Q1.csv,17950,1992,1,LSAORE,,,True
92Q1.csv,13997,1992,1,LNRESNCR,65.07462686567163,65.07462686567163,True
92Q1.csv,9380,1992,1,IDNCGTPR,0,0.0,True
92Q1.csv,30248,1992,1,DEPDASTR,83.48,83.48,True
92Q1.csv,26916,1992,1,INTINC,245,245.0,True
92Q1.csv,13052,1992,1,ASDRRES,,,True
92Q1.csv,30284,1992,1,ASDRRES,,,True
92Q1.csv,6081,1992,1,P3ASSET,,,True
92Q1.csv,29791,1992,1,NCRECONR,0,0.0,True
92Q1.csv,9514,1992,1,MUTUAL,0,0,True
92Q1.csv,3025,1992,1,NUMEMP,176,176.0,True
92Q1.csv,6027,1992,1,IBEFXTR,882,882.0,True
92Q1.csv,20615,1992,1,FREPO,7734,7734.0,True
92Q1.csv,1547,1992,1,FLDOFF,DES MOINES,DES MOINES,True
92Q1.csv,22399,1992,1,ASDROTH,,,True
92Q1.csv,14573,1992,1,ELNATRY,0,0.0,True
92Q1.csv,9066,1992,1,CBLRIND,,,True
92Q1.csv,13731,1992,1,IDT1RWAJR,24.72061723696502,24.72061723696502,True
92Q1.csv,17207,1992,1,UC,3269,3269.0,True
92Q1.csv,26680,1992,1,DEPIDOM,14880,14880.0,True
92Q1.csv,19601,1992,1,NTRECOSR,0,0.0,True
92Q1.csv,17881,1992,1,DEPINS,18331,18331.0,True
92Q1.csv,9139,1992,1,ROEINJR,7.499351587683871,7.499351587683871,True
92Q1.csv,25880,1992,1,NTLNLSR,0,0.0,True
92Q1.csv,14639,1992,1,NTLNLSR,0,0.0,True
92Q1.csv,16054,1992,1,NTCOMRER,0,0.0,True
92Q1.csv,28416,1992,1,CBSA,"PITTSBURGH, PA","PITTSBURGH, PA",True
92Q1.csv,8033,1992,1,SZLNCON,,,True
92Q1.csv,6095,1992,1,ITAX,261,261.0,True
92Q1.csv,4288,1992,1,DEPUNINS,6034,6034,True
92Q1.csv,90385,1992,1,IBEFXTR,-157,-157.0,True
92Q1.csv,21884,1992,1,OFFDOM,1,1.0,True
92Q1.csv,21659,1992,1,ASDRRES,,,True
92Q1.csv,4765,1992,1,P3ASSET,,,True
92Q1.csv,90301,1992,1,ACTIVE,1,1,True
92Q1.csv,26398,1992,1,DEPINS,21735,21735.0,True
92Q1.csv,18147,1992,1,INSDATE,19600204,19600204,True
92Q1.csv,14662,1992,1,TRADE,0,0.0,True
92Q1.csv,26678,1992,1,IDNTCIR,-0.39447731755424065,-0.39447731755424065,True
92Q1.csv,15260,1992,1,COREDEP,75732,75732.0,True
92Q1.csv,28103,1992,1,TRADE,0,0.0,True
92Q1.csv,14260,1992,1,IDERNCVR,0,0.0,True
92Q1.csv,10246,1992,1,ENDEFYMD,19960903,19960903.0,True
92Q1.csv,4127,1992,1,LSAORE,,,True
92Q1.csv,30506,1992,1,SZLNHEL,,,True
92Q2.csv,4573,1992,2,NCRERESR,0.44943820224719105,0.44943820224719105,True
92Q2.csv,16715,1992,2,IDNTCONR,0.13412102826121666,0.13412102826121666,True
92Q2.csv,16413,1992,2,IDNCCONR,1.0259179265658747,1.0259179265658747,True
92Q2.csv,23749,1992,2,P9LTOT,,,True
92Q2.csv,22600,1992,2,ROE,23.09,23.09,True
92Q2.csv,32977,1992,2,ROAPTX,0.8464667005592272,0.8464667005592272,True
92Q2.csv,33543,1992,2,P9LTOT,,,True
92Q2.csv,5521,1992,2,SUBCHAPS,0,0,True
92Q2.csv,27215,1992,2,ASSET,38202,38202,True
92Q2.csv,9129,1992,2,LNLSNTV,46.62,46.62,True
92Q2.csv,27767,1992,2,SZLNHEL,,,True
92Q2.csv,26185,1992,2,IDT1CER,0,0.0,True
92Q2.csv,31746,1992,2,OCCDISTDESC,null,,True
92Q2.csv,25062,1992,2,P3ASSET,,,True
92Q2.csv,5175,1992,2,ID,5175_19920630,5175_19920630,True
92Q2.csv,4062,1992,2,NTCOMRER,0,0.0,True
92Q2.csv,28022,1992,2,ROE,10.74,10.74,True
92Q2.csv,10628,1992,2,EEFFR,64.52442159383034,64.52442159383034,True
92Q2.csv,26593,1992,2,EQ,3168,3168.0,True
92Q2.csv,19183,1992,2,ROE,3.87,3.87,True
92Q2.csv,33416,1992,2,PARCERT,0,0,True
92Q2.csv,30523,1992,2,SZLNHEL,,,True
92Q2.csv,17872,1992,2,P3LTOT,,,True
92Q2.csv,27075,1992,2,ROAPTX,1.8208613702030287,1.8208613702030287,True
92Q2.csv,3105,1992,2,ENDEFYMD,20170225,20170225.0,True
92Q2.csv,33105,1992,2,NONII,182,182.0,True
92Q2.csv,10036,1992,2,ASDROTH,,,True
92Q2.csv,15575,1992,2,QBPRCOMLDESC,KANSAS CITY,KANSAS CITY,True
92Q2.csv,28670,1992,2,NETINC,679,679.0,True
92Q2.csv,27323,1992,2,IDT1CER,0,0.0,True
92Q2.csv,1521,1992,2,INTEXPY,3.9450136679187398,3.9450136679187398,True
92Q2.csv,30316,1992,2,ELNATR,158,158.0,True
92Q2.csv,21560,1992,2,NOIJY,1.5115701539695172,1.5115701539695172,True
92Q2.csv,14985,1992,2,ESTYMD,18540101,18540101,True
92Q2.csv,5091,1992,2,NTRERESR,0.28116213683223995,0.28116213683223995,True
92Q2.csv,31308,1992,2,IDERNCVR,0,0.0,True
92Q2.csv,29952,1992,2,NAMEHCR,,,True
92Q2.csv,12936,1992,2,RSSDID,929802,929802,True
92Q2.csv,15850,1992,2,NTRENRSR,0,0.0,True
92Q2.csv,15320,1992,2,COREDEP,27906,27906.0,True
92Q2.csv,15279,1992,2,SZLAUTO,,,True
92Q2.csv,9106,1992,2,LSAORE,,,True
92Q2.csv,2409,1992,2,FDICSUPVDESC, DALLAS, DALLAS,True
92Q2.csv,2598,1992,2,DEPDASTR,91.38,91.38,True
92Q2.csv,90172,1992,2,EQ,48389,48389.0,True
92Q2.csv,18839,1992,2,IDNTCIR,11.1791773706349,11.1791773706349,True
92Q2.csv,21944,1992,2,INTEXPY,3.2852318084126497,3.2852318084126497,True
92Q2.csv,27623,1992,2,CBLRIND,,,True
92Q2.csv,20626,1992,2,CHBAL,3819,3819.0,True
92Q2.csv,28589,1992,2,P9ASSET,0,0.0,True
92Q3.csv,25880,1992,3,STNAME,TEXAS,TEXAS,True
92Q3.csv,9761,1992,3,RSSDHCR,1121340,1121340.0,True
92Q3.csv,11633,1992,3,ELNATR,45,45.0,True
92Q3.csv,33630,1992,3,LSALNLS,,,True
92Q3.csv,18386,1992,3,LSAORE,,,True
92Q3.csv,184,1992,3,IDNCGTPR,0,0.0,True
92Q3.csv,27965,1992,3,TRADE,0,0.0,True
92Q3.csv,12236,1992,3,ACTIVE,1,1,True
92Q3.csv,3269,1992,3,NAME,FIRST NB OF HUNTSVILLE,FIRST NB OF HUNTSVILLE,True
92Q3.csv,32433,1992,3,NTCOMRER,0,0.0,True
92Q3.csv,26845,1992,3,SZLNCRCD,,,True
92Q3.csv,21962,1992,3,MUTUAL,0,0,True
92Q3.csv,1033,1992,3,CITY,RUSSELLVILLE,RUSSELLVILLE,True
92Q3.csv,4487,1992,3,EXTRA,0,0.0,True
92Q3.csv,10185,1992,3,OBSDIR,0,0.0,True
92Q3.csv,1044,1992,3,FEDDESC,ST. LOUIS,ST. LOUIS,True
92Q3.csv,2308,1992,3,INTAN,0,0.0,True
92Q3.csv,30968,1992,3,NAMEHCR,,,True
92Q3.csv,21012,1992,3,OFFOA,0,0.0,True
92Q3.csv,22142,1992,3,INTAN,0,0.0,True
92Q3.csv,31994,1992,3,UC,493,493.0,True
92Q3.csv,32536,1992,3,EINTEXP,2636,2636.0,True
92Q3.csv,24516,1992,3,IDNTCONR,0,0.0,True
92Q3.csv,28998,1992,3,IDT1RWAJR,0.15899496385410058,0.15899496385410058,True
92Q3.csv,12893,1992,3,NTRECOSR,0,0.0,True
92Q3.csv,4947,1992,3,CALLFORM,33,33,True
92Q3.csv,14336,1992,3,EFFDATE,19780403,19780403,True
92Q3.csv,12223,1992,3,STNAME,MISSOURI,MISSOURI,True
92Q3.csv,17142,1992,3,NCRER,1.3668579142760715,1.3668579142760715,True
92Q3.csv,20031,1992,3,NALTOT,,,True
92Q3.csv,10464,1992,3,IDNTCONR,-0.4946162763737537,-0.4946162763737537,True
92Q3.csv,10309,1992,3,NCRERESR,0.2545291211259171,0.2545291211259171,True
92Q3.csv,29689,1992,3,NONIX,1058,1058.0,True
92Q3.csv,12906,1992,3,REPDTE,19920930,19920930,True
92Q3.csv,16490,1992,3,LNLSDEPR,50.74728924489597,50.74728924489597,True
92Q3.csv,32575,1992,3,P3LTOT,,,True
92Q3.csv,3745,1992,3,ROEINJR,6.08423838641964,6.08423838641964,True
92Q3.csv,23327,1992,3,OFFFOR,0,0.0,True
92Q3.csv,24173,1992,3,P9ASSET,176,176.0,True
92Q3.csv,30656,1992,3,IDERNCVR,14.333333333333334,14.333333333333334,True
92Q3.csv,17748,1992,3,NAMEHCR,,,True
92Q3.csv,10620,1992,3,ERNASTR,93.47,93.47,True
92Q3.csv,27517,1992,3,IDERNCVR,0,0.0,True
92Q3.csv,30001,1992,3,NTRENRSR,0,0.0,True
92Q3.csv,939,1992,3,NTRECOSR,0,0.0,True
92Q3.csv,10639,1992,3,EQ,4520,4520.0,True
92Q3.csv,33014,1992,3,IDNCOTHR,0,0.0,True
92Q3.csv,21837,1992,3,TRUST,1,1,True
92Q3.csv,25806,1992,3,NTLNLS,263,263.0,True
92Q3.csv,23742,1992,3,NIM,1221,1221.0,True
92Q4.csv,17589,1992,4,EQTOT,1746,1746.0,True
92Q4.csv,11163,1992,4,FREPO,1375,1375.0,True
92Q4.csv,25729,1992,4,EQTOT,1451,1451.0,True
92Q4.csv,4345,1992,4,TFRA,0,0,True
92Q4.csv,6758,1992,4,ENDEFYMD,19940930,19940930.0,True
92Q4.csv,31559,1992,4,SPECGRPDESC,MORTGAGE LENDING SPECIALIZATION,MORTGAGE LENDING SPECIALIZATION,True
92Q4.csv,12259,1992,4,OCCDISTDESC,null,,True
92Q4.csv,16794,1992,4,NTRENRSR,0.22486177614348826,0.22486177614348826,True
92Q4.csv,6718,1992,4,IDNCOTHR,0,0.0,True
92Q4.csv,29901,1992,4,EQ,1693,1693.0,True
92Q4.csv,2732,1992,4,NTRECOSR,0,0.0,True
92Q4.csv,26470,1992,4,IDLNCORR,56.66002013701063,56.66002013701063,True
92Q4.csv,26856,1992,4,STMULT,0,0,True
92Q4.csv,24178,1992,4,STALP,CA,CA,True
92Q4.csv,22650,1992,4,NTALLOTHR,0,0.0,True
92Q4.csv,30969,1992,4,IBEFXTR,581,581.0,True
92Q4.csv,14523,1992,4,DEPBEFEX,,,True
92Q4.csv,30680,1992,4,REPDTE,19921231,19921231,True
92Q4.csv,11002,1992,4,IDLNCORR,55.57689186996267,55.57689186996267,True
92Q4.csv,90191,1992,4,ID,90191_19921231,90191_19921231,True
92Q4.csv,1065,1992,4,OFFFOR,0,0.0,True
92Q4.csv,8879,1992,4,ASDROTH,,,True
92Q4.csv,17774,1992,4,IDT1RWAJR,11.345094705270439,11.345094705270439,True
92Q4.csv,27840,1992,4,IDNTCONR,0,0.0,True
92Q4.csv,27966,1992,4,ELNATR,87,87.0,True
92Q4.csv,1125,1992,4,NTRER,0,0.0,True
92Q4.csv,6027,1992,4,LIAB,227223,227223.0,True
92Q4.csv,30429,1992,4,OCCDISTDESC,NORTHEAST DISTRICT,NORTHEAST DISTRICT,True
92Q4.csv,3808,1992,4,NTRER,0.19594822612425294,0.19594822612425294,True
92Q4.csv,22226,1992,4,NTRERESR,0.02776173766268378,0.02776173766268378,True
92Q4.csv,19781,1992,4,EQCSTKRX,10,10.0,True
92Q4.csv,20852,1992,4,IBEFXTR,-7116,-7116.0,True
92Q4.csv,9775,1992,4,RSSDID,780049,780049,True
92Q4.csv,3384,1992,4,NTALLOTHR,0,0.0,True
92Q4.csv,23268,1992,4,STALP,OR,OR,True
92Q4.csv,12289,1992,4,MSA_NAME,,,True
92Q4.csv,32188,1992,4,LNNDEPC,,,True
92Q4.csv,5198,1992,4,INTEXPY,4.608580570586166,4.608580570586166,True
92Q4.csv,6354,1992,4,NCREMULR,0,0.0,True
92Q4.csv,31723,1992,4,NAASSET,263,263,True
92Q4.csv,4415,1992,4,FDICSUPVDESC, DALLAS, DALLAS,True
92Q4.csv,21490,1992,4,IDNTCIR,-2.640181040985668,-2.640181040985668,True
92Q4.csv,27355,1992,4,UC,2191,2191.0,True
92Q4.csv,2204,1992,4,RISDATE,19921231,19921231,True
92Q4.csv,24961,1992,4,ERNASTR,96.17,96.17,True
92Q4.csv,13351,1992,4,NCRENRER,0,0.0,True
92Q4.csv,14667,1992,4,P3ASSET,,,True
92Q4.csv,2190,1992,4,OFFOA,0,0.0,True
92Q4.csv,292,1992,4,NTRECOSR,0,0.0,True
92Q4.csv,24332,1992,4,FDICDBSDESC,SAN FRANCISCO,SAN FRANCISCO,True
93Q1.csv,27678,1993,1,NTALLOTHR,0,0.0,True
93Q1.csv,19188,1993,1,P3LTOT,,,True
93Q1.csv,13956,1993,1,IDNCOTHR,0,0.0,True
93Q1.csv,25839,1993,1,STALP,NC,NC,True
93Q1.csv,27192,1993,1,COREDEP,16078,16078.0,True
93Q1.csv,11517,1993,1,ACTIVE,1,1,True
93Q1.csv,496,1993,1,STMULT,0,0,True
93Q1.csv,21693,1993,1,ESTYMD,19740712,19740712,True
93Q1.csv,28942,1993,1,NONIX,620,620.0,True
93Q1.csv,389,1993,1,ITAX,15,15.0,True
93Q1.csv,5660,1993,1,IDNCCONR,0,0.0,True
93Q1.csv,15990,1993,1,INTEXPY,4.08330504208567,4.08330504208567,True
93Q1.csv,25809,1993,1,ROAPTX,0.39184540138827545,0.39184540138827545,True
93Q1.csv,10716,1993,1,OFFFOR,0,0.0,True
93Q1.csv,30158,1993,1,LNATRESR,1.0856928927508818,1.0856928927508818,True
93Q1.csv,32349,1993,1,ASSET,64097,64097,True
93Q1.csv,5508,1993,1,INTEXPY,2.698760235773302,2.698760235773302,True
93Q1.csv,27164,1993,1,IDNCOTHR,0,0.0,True
93Q1.csv,22370,1993,1,FREPO,8500,8500.0,True
93Q1.csv,33701,1993,1,CB,1,1.0,True
93Q1.csv,6195,1993,1,IDNCOTHR,0,0.0,True
93Q1.csv,14471,1993,1,DEPFOR,,,True
93Q1.csv,14117,1993,1,LNNDEPD,,,True
93Q1.csv,9735,1993,1,IGLSEC,0,0.0,True
93Q1.csv,29375,1993,1,SPECGRPDESC,MORTGAGE LENDING SPECIALIZATION,MORTGAGE LENDING SPECIALIZATION,True
93Q1.csv,20153,1993,1,DEP,64561,64561.0,True
93Q1.csv,27123,1993,1,RSSDID,1161748,1161748,True
93Q1.csv,21224,1993,1,LNNDEPC,,,True
93Q1.csv,22661,1993,1,LSAOA,,,True
93Q1.csv,9536,1993,1,FDICSUPVDESC,CHICAGO,CHICAGO,True
93Q1.csv,19680,1993,1,NCREMULR,0,0.0,True
93Q1.csv,18244,1993,1,RISDATE,19930331,19930331,True
93Q1.csv,29866,1993,1,ELNATR,0,0.0,True
93Q1.csv,3115,1993,1,NFAA,0,0,True
93Q1.csv,29492,1993,1,ID,29492_19930331,29492_19930331,True
93Q1.csv,32096,1993,1,SZLNRES,,,True
93Q1.csv,14289,1993,1,P9ASSET,1604,1604.0,True
93Q1.csv,2499,1993,1,NTCOMRER,2.6605421513183347,2.6605421513183347,True
93Q1.csv,10579,1993,1,NALTOT,,,True
93Q1.csv,32297,1993,1,NTALLOTHR,0,0.0,True
93Q1.csv,14009,1993,1,SZLNRES,,,True
93Q1.csv,17662,1993,1,CBLRIND,,,True
93Q1.csv,4419,1993,1,SC,51802,51802.0,True
93Q1.csv,23597,1993,1,SUBCHAPS,0,0,True
93Q1.csv,18149,1993,1,DEPCSBQ,28525.8503,28525.8503,True
93Q1.csv,19560,1993,1,NTRECOSR,0,0.0,True
93Q1.csv,24045,1993,1,STALP,CA,CA,True
93Q1.csv,4404,1993,1,DEPUNINS,3237,3237,True
93Q1.csv,23876,1993,1,DEPBEFEX,,,True
93Q1.csv,23284,1993,1,LSASCDBT,,,True
93Q2.csv,26804,1993,2,EINTEXP,392,392.0,True
93Q2.csv,15848,1993,2,DEPDOM,120293,120293.0,True
93Q2.csv,23092,1993,2,OBSDIR,0,0.0,True
93Q2.csv,32526,1993,2,FREPO,0,0.0,True
93Q2.csv,1060,1993,2,INTEXPY,3.1771309485190753,3.1771309485190753,True
93Q2.csv,32700,1993,2,NETINC,4377,4377.0,True
93Q2.csv,12431,1993,2,NTALLOTHR,0,0.0,True
93Q2.csv,12355,1993,2,NCRENRER,0,0.0,True
93Q2.csv,18901,1993,2,NCCOMRER,0,0.0,True
93Q2.csv,19435,1993,2,FDICDBSDESC,KANSAS CITY,KANSAS CITY,True
93Q2.csv,10508,1993,2,SZLNCON,,,True
93Q2.csv,4059,1993,2,NETINBM,,,True
93Q2.csv,30327,1993,2,P3LTOT,,,True
93Q2.csv,32427,1993,2,STMULT,0,0,True
93Q2.csv,24180,1993,2,DEPIDOM,17986,17986.0,True
93Q2.csv,29732,1993,2,SZLNRES,,,True
93Q2.csv,3005,1993,2,IDT1CER,0,0.0,True
93Q2.csv,8207,1993,2,ASTEMPM,2.08425,2.08425,True
93Q2.csv,90259,1993,2,SZLNOTH,,,True
93Q2.csv,29483,1993,2,SUBCHAPS,0,0,True
93Q2.csv,32570,1993,2,LNNDEPD,,,True
93Q2.csv,10608,1993,2,ITAX,100,100.0,True
93Q2.csv,10505,1993,2,REGAGNT,FDIC,FDIC,True
93Q2.csv,24902,1993,2,NOIJ,130.6,130.6,True
93Q2.csv,10581,1993,2,NCREMULR,0,0.0,True
93Q2.csv,22153,1993,2,NAME,FIDELITY NATIONAL BANK,FIDELITY NATIONAL BANK,True
93Q2.csv,8499,1993,2,FREPO,800,800.0,True
93Q2.csv,8327,1993,2,SZLNRES,,,True
93Q2.csv,21511,1993,2,DEPIDOM,155848,155848.0,True
93Q2.csv,19544,1993,2,IGLSEC,0,0.0,True
93Q2.csv,8350,1993,2,RISDATE,19930630,19930630,True
93Q2.csv,27583,1993,2,DEPDOM,24129,24129.0,True
93Q2.csv,17049,1993,2,LSAORE,,,True
93Q2.csv,32551,1993,2,ROAPTX,0.2711787802604446,0.2711787802604446,True
93Q2.csv,12424,1993,2,IDNTCONR,0,0.0,True
93Q2.csv,27561,1993,2,ROAPTX,1.3641304733959032,1.3641304733959032,True
93Q2.csv,31905,1993,2,SZLNCI,,,True
93Q2.csv,32276,1993,2,NIMY,3.3415918552770534,3.3415918552770534,True
93Q2.csv,18475,1993,2,NTRER,-0.06578626772574436,-0.06578626772574436,True
93Q2.csv,7154,1993,2,P9LTOT,,,True
93Q2.csv,20877,1993,2,NUMEMP,222,222.0,True
93Q2.csv,13303,1993,2,NTRERESR,0,0.0,True
93Q2.csv,17587,1993,2,IDNCGTPR,0,0.0,True
93Q2.csv,26811,1993,2,SZLNCRCD,,,True
93Q2.csv,32908,1993,2,P9ASSET,80,80.0,True
93Q2.csv,28186,1993,2,NAME,MIFFLIN COUNTY S&LA,MIFFLIN COUNTY S&LA,True
93Q2.csv,26944,1993,2,ORE,41,41.0,True
93Q2.csv,14240,1993,2,LSAOA,,,True
93Q2.csv,3852,1993,2,SZLNHEL,,,True
93Q2.csv,14706,1993,2,SZLNCRCD,,,True
93Q3.csv,26280,1993,3,DEPIDOM,27247,27247.0,True
93Q3.csv,3556,1993,3,P3ASSET,,,True
93Q3.csv,30198,1993,3,EFFDATE,19930301,19930301,True
93Q3.csv,11422,1993,3,ROEINJR,14.30705571071586,14.30705571071586,True
93Q3.csv,33204,1993,3,LIAB,48883,48883.0,True
93Q3.csv,13415,1993,3,NOIJY,1.4210519660384173,1.4210519660384173,True
93Q3.csv,11466,1993,3,IDT1CER,0,0.0,True
93Q3.csv,30556,1993,3,DEPCSBQ,67415.792,67415.792,True
93Q3.csv,14039,1993,3,SZLNOTH,,,True
93Q3.csv,8288,1993,3,NONIX,487,487.0,True
93Q3.csv,248,1993,3,SZLNRES,,,True
93Q3.csv,20845,1993,3,NTLNLSR,0.04191943407349184,0.04191943407349184,True
93Q3.csv,19904,1993,3,DEPINS,53222,53222.0,True
93Q3.csv,182,1993,3,ROE,14.71,14.71,True
93Q3.csv,4122,1993,3,SC,15574,15574.0,True
93Q3.csv,10981,1993,3,NAMEFULL,SECURITY STATE BANK OF HAMMOND,SECURITY STATE BANK OF HAMMOND,True
93Q3.csv,2451,1993,3,LNNDEPC,,,True
93Q3.csv,13926,1993,3,INSDATE,19340221,19340221,True
93Q3.csv,16942,1993,3,NTLNLS,-18,-18.0,True
93Q3.csv,17230,1993,3,COREDEP,164878,164878.0,True
93Q3.csv,22746,1993,3,NCLNLSR,0.631677736066994,0.631677736066994,True
93Q3.csv,33644,1993,3,IDNCGTPR,0,0.0,True
93Q3.csv,15311,1993,3,ELNATRY,0.18,0.18,True
93Q3.csv,389,1993,3,DEPDOM,14691,14691.0,True
93Q3.csv,29624,1993,3,NAMEFULL,FIRST FEDERAL SAVINGS AND LOAN ASSOCIATION OF MCMINNVILLE,FIRST FEDERAL SAVINGS AND LOAN ASSOCIATION OF MCMINNVILLE,True
93Q3.csv,20872,1993,3,LSAORE,,,True
93Q3.csv,18804,1993,3,LNLSNET,36468,36468.0,True
93Q3.csv,31696,1993,3,NFAA,0,0,True
93Q3.csv,32307,1993,3,EQ,2071,2071.0,True
93Q3.csv,25702,1993,3,EQV,7.419515536459306,7.419515536459306,True
93Q3.csv,4765,1993,3,LSASCDBT,,,True
93Q3.csv,12489,1993,3,NTRENRSR,0,0.0,True
93Q3.csv,3046,1993,3,LNATRESR,1.7364016736401675,1.7364016736401675,True
93Q3.csv,25638,1993,3,CALLFORM,34,34,True
93Q3.csv,27091,1993,3,IDNCGTPR,0,0.0,True
93Q3.csv,24229,1993,3,INTINCY,9.1079525112652,9.1079525112652,True
93Q3.csv,4029,1993,3,SZLNRES,,,True
93Q3.csv,11464,1993,3,ZIP,65613,65613,True
93Q3.csv,2850,1993,3,IDT1RWAJR,12.568553174648049,12.568553174648049,True
93Q3.csv,9266,1993,3,IDNCCIR,5.119924525563337,5.119924525563337,True
93Q3.csv,8900,1993,3,IDERNCVR,35.541666666666664,35.541666666666664,True
93Q3.csv,20882,1993,3,NOIJ,-325,-325.0,True
93Q3.csv,11942,1993,3,P3ASSET,,,True
93Q3.csv,24811,1993,3,TRUST,1,1,True
93Q3.csv,1078,1993,3,SZLNRES,,,True
93Q3.csv,12009,1993,3,NIM,13256,13256.0,True
93Q3.csv,936,1993,3,REPDTE,19930930,19930930,True
93Q3.csv,29857,1993,3,ZIP,66701,66701,True
93Q3.csv,30196,1993,3,COREDEP,113562,113562.0,True
93Q3.csv,18782,1993,3,TRADE,0,0.0,True
93Q4.csv,28617,1993,4,CITY,PLAINFIELD,PLAINFIELD,True
93Q4.csv,5861,1993,4,TRADE,0,0.0,True
93Q4.csv,1600,1993,4,NTRENRSR,0,0.0,True
93Q4.csv,12512,1993,4,QBPRCOMLDESC,CHICAGO,CHICAGO,True
93Q4.csv,8383,1993,4,REGAGNT,FDIC,FDIC,True
93Q4.csv,11682,1993,4,NAMEFULL,ANNA STATE BANK,ANNA STATE BANK,True
93Q4.csv,18933,1993,4,NONIIAY,0.87,0.87,True
93Q4.csv,17323,1993,4,LSAORE,,,True
93Q4.csv,22263,1993,4,ITAX,59,59.0,True
93Q4.csv,3653,1993,4,ELNATRY,0.06,0.06,True
93Q4.csv,16002,1993,4,LNLSDEPR,68.64610772031267,68.64610772031267,True
93Q4.csv,32393,1993,4,NTRERESR,0,0.0,True
93Q4.csv,8215,1993,4,SZLNCRCD,,,True
93Q4.csv,17662,1993,4,TRADE,0,0.0,True
93Q4.csv,29486,1993,4,CITY,KINGSTREE,KINGSTREE,True
93Q4.csv,5617,1993,4,NAMEHCR,,,True
93Q4.csv,31367,1993,4,REPDTE,19931231,19931231,True
93Q4.csv,14414,1993,4,DEPALLEX,,,True
93Q4.csv,1924,1993,4,DEPIDOM,25735,25735.0,True
93Q4.csv,28453,1993,4,DEPIDOM,120066,120066.0,True
93Q4.csv,8576,1993,4,IDERNCVR,205,205.0,True
93Q4.csv,14318,1993,4,TRUST,0,0,True
93Q4.csv,22497,1993,4,MSA_NAME,,,True
93Q4.csv,17233,1993,4,NIMY,5.116251048507065,5.116251048507065,True
93Q4.csv,27164,1993,4,STNAME,FLORIDA,FLORIDA,True
93Q4.csv,28856,1993,4,FEDDESC,ATLANTA,ATLANTA,True
93Q4.csv,26380,1993,4,OFFDOM,1,1.0,True
93Q4.csv,4885,1993,4,DEPCSBQ,10462285.5829,10462285.5829,True
93Q4.csv,7761,1993,4,SUBCHAPS,0,0,True
93Q4.csv,32710,1993,4,CBSA,"SAN LUIS OBISPO-PASO ROBLES, CA","SAN LUIS OBISPO-PASO ROBLES, CA",True
93Q4.csv,5632,1993,4,NOIJY,1.6339572336368149,1.6339572336368149,True
93Q4.csv,32995,1993,4,CBLRIND,,,True
93Q4.csv,14322,1993,4,BKCLASS,N,N,True
93Q4.csv,8821,1993,4,SZLAUTO,,,True
93Q4.csv,11607,1993,4,SZLNOTH,,,True
93Q4.csv,10325,1993,4,OFFDOM,1,1.0,True
93Q4.csv,14269,1993,4,SZLNCON,,,True
93Q4.csv,20389,1993,4,DEPBEFEX,,,True
93Q4.csv,19288,1993,4,NAMEFULL,"FIRST NATIONAL BANK, SALLISAW","FIRST NATIONAL BANK, SALLISAW",True
93Q4.csv,30464,1993,4,DEPUNINS,1511,1511,True
93Q4.csv,16265,1993,4,NTRENRSR,0,0.0,True
93Q4.csv,7704,1993,4,EQCSTKRX,0,0.0,True
93Q4.csv,5825,1993,4,IDT1CER,0,0.0,True
93Q4.csv,14245,1993,4,EQCSTKRX,0,0.0,True
93Q4.csv,2732,1993,4,RSSDHCR,1100082,1100082.0,True
93Q4.csv,33566,1993,4,IDNTCONR,0,0.0,True
93Q4.csv,33546,1993,4,TRADE,0,0.0,True
93Q4.csv,33341,1993,4,NCLNLSR,0,0.0,True
93Q4.csv,4760,1993,4,ASDRRES,,,True
93Q4.csv,23894,1993,4,SC,4530,4530.0,True
94Q1.csv,32730,1994,1,STALP,AL,AL,True
94Q1.csv,3922,1994,1,LNLSDEPR,73.22126906671512,73.22126906671512,True
94Q1.csv,10373,1994,1,DEP,128867,128867.0,True
94Q1.csv,15774,1994,1,LSAORE,,,True
94Q1.csv,3605,1994,1,LSAOA,,,True
94Q1.csv,1793,1994,1,MUTUAL,0,0,True
94Q1.csv,16931,1994,1,ROE,11.95,11.95,True
94Q1.csv,29426,1994,1,NTRERESR,0,0.0,True
94Q1.csv,12129,1994,1,NTRENRSR,0,0.0,True
94Q1.csv,15964,1994,1,INTINCY,7.615636087003205,7.615636087003205,True
94Q1.csv,12332,1994,1,NCRERESR,0,0.0,True
94Q1.csv,17476,1994,1,NETINBM,,,True
94Q1.csv,26498,1994,1,P3ASSET,,,True
94Q1.csv,8831,1994,1,RBC1AAJ,10.895725564933297,10.895725564933297,True
94Q1.csv,32307,1994,1,ELNANTR,0,0.0,True
94Q1.csv,28189,1994,1,NIM,412,412.0,True
94Q1.csv,7782,1994,1,ASTEMPM,1.9314799999999999,1.9314799999999999,True
94Q1.csv,26744,1994,1,RISDATE,19940331,19940331,True
94Q1.csv,4342,1994,1,LSASCDBT,,,True
94Q1.csv,5051,1994,1,DEPALLEX,,,True
94Q1.csv,26516,1994,1,OBSDIR,0,0.0,True
94Q1.csv,32144,1994,1,NOIJY,0.6535168924492677,0.6535168924492677,True
94Q1.csv,18182,1994,1,TRUST,0,0,True
94Q1.csv,12846,1994,1,IDNCOTHR,0,0.0,True
94Q1.csv,1214,1994,1,SZLNOTH,,,True
94Q1.csv,4744,1994,1,ROAPTX,2.0607042135537377,2.0607042135537377,True
94Q1.csv,522,1994,1,P3ASSET,,,True
94Q1.csv,3232,1994,1,ELNATR,7,7.0,True
94Q1.csv,10467,1994,1,NONIX,376,376.0,True
94Q1.csv,23990,1994,1,NIM,974,974.0,True
94Q1.csv,3706,1994,1,ELNATRY,0,0.0,True
94Q1.csv,8523,1994,1,RSSDID,49737,49737,True
94Q1.csv,19820,1994,1,INSAGNT1,BIF,BIF,True
94Q1.csv,23702,1994,1,OFFOA,0,0.0,True
94Q1.csv,15828,1994,1,SUBCHAPS,0,0,True
94Q1.csv,26217,1994,1,NONII,114,114.0,True
94Q1.csv,33189,1994,1,ACTIVE,1,1,True
94Q1.csv,226,1994,1,DEPBEFEX,,,True
94Q1.csv,18401,1994,1,ENDEFYMD,20050527,20050527.0,True
94Q1.csv,28761,1994,1,NCLNLSR,0.4448994787788533,0.4448994787788533,True
94Q1.csv,14008,1994,1,EQCSTKRX,0,0.0,True
94Q1.csv,27391,1994,1,EQCDIVNTINC,0,0.0,True
94Q1.csv,919,1994,1,DEP,162375,162375.0,True
94Q1.csv,14036,1994,1,HCTMULT,,,True
94Q1.csv,18803,1994,1,SZLNCON,,,True
94Q1.csv,25338,1994,1,SZLNHEL,,,True
94Q1.csv,90146,1994,1,CB,1,1.0,True
94Q1.csv,16502,1994,1,INTINCY,7.591624130997321,7.591624130997321,True
94Q1.csv,4605,1994,1,DEPBEFEX,,,True
94Q1.csv,18037,1994,1,LNATRESR,2.1816457197059522,2.1816457197059522,True
94Q2.csv,17892,1994,2,SZLNCI,,,True
94Q2.csv,9445,1994,2,SC,83268,83268.0,True
94Q2.csv,23457,1994,2,NAASSET,1058,1058,True
94Q2.csv,31280,1994,2,NONII,2,2.0,True
94Q2.csv,24382,1994,2,STCNTY,Miami-Dade,Miami-Dade,True
94Q2.csv,2214,1994,2,CBSA,"CODY, WY","CODY, WY",True
94Q2.csv,2171,1994,2,AOA,780,780,True
94Q2.csv,2500,1994,2,IDNTCIR,-0.7736231350156566,-0.7736231350156566,True
94Q2.csv,9275,1994,2,LIAB,223155,223155.0,True
94Q2.csv,9156,1994,2,ORE,22,22.0,True
94Q2.csv,23588,1994,2,SC,16509,16509.0,True
94Q2.csv,15361,1994,2,BKCLASS,NM,NM,True
94Q2.csv,12602,1994,2,DEPNIDOM,3529,3529.0,True
94Q2.csv,13006,1994,2,RSSDID,396954,396954,True
94Q2.csv,33746,1994,2,HCTMULT,,,True
94Q2.csv,12221,1994,2,P3ASSET,,,True
94Q2.csv,5722,1994,2,IDNCOTHR,0,0.0,True
94Q2.csv,20615,1994,2,ROA,0.813136674722743,0.813136674722743,True
94Q2.csv,16901,1994,2,NTRER,-1.4917951268025857,-1.4917951268025857,True
94Q2.csv,11491,1994,2,INTINC,4416,4416.0,True
94Q2.csv,3377,1994,2,NUMEMP,14,14.0,True
94Q2.csv,18265,1994,2,UC,0,0.0,True
94Q2.csv,22643,1994,2,LNRESNCR,1307.142857142857,1307.142857142857,True
94Q2.csv,16734,1994,2,NPERFV,2.0176957369361017,2.0176957369361017,True
94Q2.csv,17208,1994,2,EQV,11.067867995948179,11.067867995948179,True
94Q2.csv,13028,1994,2,EQV,7.714706445145135,7.714706445145135,True
94Q2.csv,10971,1994,2,SZLNCRCD,,,True
94Q2.csv,5536,1994,2,ROA,1.302890591808154,1.302890591808154,True
94Q2.csv,21919,1994,2,NTLNLSR,-0.33603784847345963,-0.33603784847345963,True
94Q2.csv,4255,1994,2,FDICDBSDESC,NEW YORK,NEW YORK,True
94Q2.csv,31127,1994,2,P3ASSET,,,True
94Q2.csv,9846,1994,2,EQTOT,655517,655517.0,True
94Q2.csv,33851,1994,2,FDICDBSDESC, DALLAS, DALLAS,True
94Q2.csv,30028,1994,2,NCCOMRER,0,0.0,True
94Q2.csv,10641,1994,2,AOAR,1.8134715025906734,1.8134715025906734,True
94Q2.csv,33691,1994,2,EQCDIV,,,True
94Q2.csv,2273,1994,2,STMULT,0,0,True
94Q2.csv,3361,1994,2,LSALNLS,,,True
94Q2.csv,8022,1994,2,ITAX,12109,12109.0,True
94Q2.csv,31217,1994,2,LNLSDEPR,99.98684185792966,99.98684185792966,True
94Q2.csv,33805,1994,2,ROA,-3.7119759650544544,-3.7119759650544544,True
94Q2.csv,10143,1994,2,PARCERT,0,0,True
94Q2.csv,25818,1994,2,OFFFOR,0,0.0,True
94Q2.csv,7604,1994,2,STNAME,PENNSYLVANIA,PENNSYLVANIA,True
94Q2.csv,8214,1994,2,LNLSDEPR,48.098917143204766,48.098917143204766,True
94Q2.csv,3076,1994,2,REGAGNT,FDIC,FDIC,True
94Q2.csv,13391,1994,2,LNLSDEPR,92.86588159715825,92.86588159715825,True
94Q2.csv,5796,1994,2,NTALLOTHR,0,0.0,True
94Q2.csv,14450,1994,2,DEPDOM,34605,34605.0,True
94Q2.csv,3702,1994,2,EQTOT,5441,5441.0,True
94Q3.csv,22772,1994,3,DEPDASTR,80.74,80.74,True
94Q3.csv,26575,1994,3,MUTUAL,1,1,True
94Q3.csv,11959,1994,3,REPDTE,19940930,19940930,True
94Q3.csv,8639,1994,3,NTRECOSR,0,0.0,True
94Q3.csv,4768,1994,3,REPDTE,19940930,19940930,True
94Q3.csv,28018,1994,3,LSAORE,,,True
94Q3.csv,9737,1994,3,OCCDISTDESC,null,,True
94Q3.csv,13272,1994,3,EEFFR,58.362989323843415,58.362989323843415,True
94Q3.csv,10647,1994,3,RISDATE,19940930,19940930,True
94Q3.csv,11295,1994,3,LIAB,41979,41979.0,True
94Q3.csv,29766,1994,3,LSALNLS,,,True
94Q3.csv,21267,1994,3,ERNASTR,81.34,81.34,True
94Q3.csv,29242,1994,3,OFFFOR,0,0.0,True
94Q3.csv,8288,1994,3,CALLFORM,34,34,True
94Q3.csv,15548,1994,3,NTCOMRER,0,0.0,True
94Q3.csv,1821,1994,3,NAMEHCR,BENTON FINANCIAL CORP,BENTON FINANCIAL CORP,True
94Q3.csv,26730,1994,3,NAASSET,0,0,True
94Q3.csv,16772,1994,3,NCLNLSR,0.05299015897047691,0.05299015897047691,True
94Q3.csv,19502,1994,3,EINTEXP,2588,2588.0,True
94Q3.csv,29505,1994,3,DEPDASTR,90.06,90.06,True
94Q3.csv,1110,1994,3,NTRENRSR,-1.8545530415430265,-1.8545530415430265,True
94Q3.csv,8481,1994,3,NCREMULR,0,0.0,True
94Q3.csv,27123,1994,3,IDNTCONR,-0.10487071084455805,-0.10487071084455805,True
94Q3.csv,15414,1994,3,INTAN,0,0.0,True
94Q3.csv,2036,1994,3,P3LTOT,,,True
94Q3.csv,1941,1994,3,ROA,1.6898140239702437,1.6898140239702437,True
94Q3.csv,27330,1994,3,DEPBEFEX,,,True
94Q3.csv,33705,1994,3,LSASCDBT,,,True
94Q3.csv,7430,1994,3,EINTEXP,640,640.0,True
94Q3.csv,3914,1994,3,NONII,1063,1063.0,True
94Q3.csv,23374,1994,3,STNAME,LOUISIANA,LOUISIANA,True
94Q3.csv,26247,1994,3,DEPDASTR,86.65,86.65,True
94Q3.csv,5304,1994,3,NUMEMP,107,107.0,True
94Q3.csv,11981,1994,3,IGLSEC,0,0.0,True
94Q3.csv,26508,1994,3,NETINBM,,,True
94Q3.csv,2691,1994,3,EFFDATE,19940331,19940331,True
94Q3.csv,9891,1994,3,NAASSET,2556,2556,True
94Q3.csv,30447,1994,3,ELNATR,-1,-1.0,True
94Q3.csv,4123,1994,3,IDNCGTPR,21.645021645021643,21.645021645021643,True
94Q3.csv,3365,1994,3,INTINCY,6.87397033556858,6.87397033556858,True
94Q3.csv,26798,1994,3,INSAGNT1,BIF,BIF,True
94Q3.csv,1960,1994,3,OBSDIR,0,0.0,True
94Q3.csv,8822,1994,3,SC,4997,4997.0,True
94Q3.csv,12515,1994,3,RISDATE,19940930,19940930,True
94Q3.csv,33749,1994,3,EEFFR,101.75057793777684,101.75057793777684,True
94Q3.csv,4822,1994,3,INTAN,9769,9769.0,True
94Q3.csv,15409,1994,3,ORE,9,9.0,True
94Q3.csv,23626,1994,3,NONIX,2179,2179.0,True
94Q3.csv,4180,1994,3,NALTOT,,,True
94Q3.csv,30904,1994,3,BKCLASS,SB,SB,True
94Q4.csv,29410,1994,4,NTALLOTHR,0,0.0,True
94Q4.csv,3649,1994,4,EQTOT,25768,25768.0,True
94Q4.csv,24156,1994,4,DEPIDOM,759333,759333.0,True
94Q4.csv,12241,1994,4,DEPINS,92763,92763.0,True
94Q4.csv,27535,1994,4,NTRERESR,0.05669810834493068,0.05669810834493068,True
94Q4.csv,22244,1994,4,NTREMULR,0,0.0,True
94Q4.csv,147,1994,4,TRUST,1,1,True
94Q4.csv,7899,1994,4,SZLNHEL,,,True
94Q4.csv,31939,1994,4,IDLNCORR,53.73098859315589,53.73098859315589,True
94Q4.csv,7329,1994,4,IDNTCONR,0.16178611875101118,0.16178611875101118,True
94Q4.csv,29090,1994,4,OFFOA,0,0.0,True
94Q4.csv,11702,1994,4,DEPFOR,,,True
94Q4.csv,16133,1994,4,LSALNLS,,,True
94Q4.csv,5474,1994,4,INTEXPY,3.475400103890964,3.475400103890964,True
94Q4.csv,6103,1994,4,OBSDIR,0,0.0,True
94Q4.csv,850,1994,4,ORE,51,51.0,True
94Q4.csv,28623,1994,4,ZIP,45215,45215,True
94Q4.csv,33789,1994,4,NAMEHCR,FIRST NATIONAL OF NEBRASKA INC,FIRST NATIONAL OF NEBRASKA INC,True
94Q4.csv,13411,1994,4,SZLNOTH,,,True
94Q4.csv,22425,1994,4,DEPFOR,,,True
94Q4.csv,32221,1994,4,NTREMULR,0,0.0,True
94Q4.csv,28672,1994,4,REGAGNT,OTS,OTS,True
94Q4.csv,17119,1994,4,DEPNIDOM,3887,3887.0,True
94Q4.csv,21905,1994,4,NAMEFULL,SUNWEST BANK OF FARMINGTON,SUNWEST BANK OF FARMINGTON,True
94Q4.csv,26324,1994,4,FLDOFF,ATLANTA,ATLANTA,True
94Q4.csv,8101,1994,4,ORE,0,0.0,True
94Q4.csv,21051,1994,4,NTALLOTHR,0,0.0,True
94Q4.csv,21679,1994,4,IGLSEC,0,0.0,True
94Q4.csv,11345,1994,4,RBCRWAJ,24.82432490061267,24.82432490061267,True
94Q4.csv,16276,1994,4,LNRESNCR,448.81889763779526,448.81889763779526,True
94Q4.csv,25718,1994,4,EINTEXP,2027,2027.0,True
94Q4.csv,8180,1994,4,LIAB,151883,151883.0,True
94Q4.csv,25340,1994,4,CALLFORM,34,34,True
94Q4.csv,14085,1994,4,ESTYMD,18630901,18630901,True
94Q4.csv,26295,1994,4,STCNTY,Arapahoe,Arapahoe,True
94Q4.csv,12790,1994,4,NCRER,0.1943634596695821,0.1943634596695821,True
94Q4.csv,5065,1994,4,SZLNCI,,,True
94Q4.csv,33823,1994,4,ROAPTX,1.633952917178361,1.633952917178361,True
94Q4.csv,5510,1994,4,NOIJ,39433.54,39433.54,True
94Q4.csv,29120,1994,4,OFFFOR,0,0.0,True
94Q4.csv,9419,1994,4,OFFOA,0,0.0,True
94Q4.csv,8093,1994,4,NCLNLSR,0.4438003804003261,0.4438003804003261,True
94Q4.csv,10246,1994,4,DEPNIDOM,1453,1453.0,True
94Q4.csv,1040,1994,4,OFFDOM,3,3.0,True
94Q4.csv,20119,1994,4,CHBAL,19123,19123.0,True
94Q4.csv,19558,1994,4,SC,16684,16684.0,True
94Q4.csv,8492,1994,4,REGAGNT,FDIC,FDIC,True
94Q4.csv,496,1994,4,IDNCGTPR,0,0.0,True
94Q4.csv,3377,1994,4,DEPDOM,30484,30484.0,True
94Q4.csv,31905,1994,4,SZLNRES,,,True
95Q1.csv,26760,1995,1,NTRENRSR,0,0.0,True
95Q1.csv,29018,1995,1,EQCDIV,1332,1332.0,True
95Q1.csv,32267,1995,1,NCREMULR,0,0.0,True
95Q1.csv,27178,1995,1,IDT1RWAJR,18.17351396347617,18.17351396347617,True
95Q1.csv,18431,1995,1,FDICDBSDESC,KANSAS CITY,KANSAS CITY,True
95Q1.csv,32432,1995,1,NONII,874,874.0,True
95Q1.csv,848,1995,1,NETINC,318,318.0,True
95Q1.csv,27746,1995,1,EEFFR,60.952865378094266,60.952865378094266,True
95Q1.csv,7799,1995,1,ID,7799_19950331,7799_19950331,True
95Q1.csv,22302,1995,1,NCRERESR,24.083769633507853,24.083769633507853,True
95Q1.csv,23349,1995,1,P9LTOT,,,True
95Q1.csv,20473,1995,1,EXTRA,0,0.0,True
95Q1.csv,16819,1995,1,OBSDIR,0,0.0,True
95Q1.csv,5617,1995,1,RBCRWAJ,56.043720531504505,56.043720531504505,True
95Q1.csv,31119,1995,1,NAASSET,0,0,True
95Q1.csv,3010,1995,1,EXTRA,0,0.0,True
95Q1.csv,1410,1995,1,SZLAUTO,,,True
95Q1.csv,14074,1995,1,STMULT,0,0,True
95Q1.csv,26470,1995,1,NETINC,344,344.0,True
95Q1.csv,13815,1995,1,NTALLOTHR,0,0.0,True
95Q1.csv,32724,1995,1,LNNDEPC,,,True
95Q1.csv,10639,1995,1,BKCLASS,NM,NM,True
95Q1.csv,18620,1995,1,IDNCOTHR,0,0.0,True
95Q1.csv,14117,1995,1,IDNTCIR,6.398687448728466,6.398687448728466,True
95Q1.csv,4126,1995,1,ROE,17.94,17.94,True
95Q1.csv,11870,1995,1,SC,2442598,2442598.0,True
95Q1.csv,33237,1995,1,LNLSNET,633524,633524.0,True
95Q1.csv,5417,1995,1,COREDEP,33562,33562.0,True
95Q1.csv,3922,1995,1,DEPINS,841416,841416.0,True
95Q1.csv,23263,1995,1,LSAORE,,,True
95Q1.csv,17446,1995,1,FREPO,0,0.0,True
95Q1.csv,8882,1995,1,DEPIDOM,232697,232697.0,True
95Q1.csv,26486,1995,1,ROE,9.94,9.94,True
95Q1.csv,15153,1995,1,HCTMULT,1,1.0,True
95Q1.csv,14717,1995,1,IDNCOTHR,0,0.0,True
95Q1.csv,27743,1995,1,AOAR,2.290633917354084,2.290633917354084,True
95Q1.csv,33819,1995,1,NUMEMP,14,14.0,True
95Q1.csv,3579,1995,1,NTRECOSR,0,0.0,True
95Q1.csv,2727,1995,1,RBC1AAJ,15.476555317192767,15.476555317192767,True
95Q1.csv,29528,1995,1,ROAPTX,0.9760368861116808,0.9760368861116808,True
95Q1.csv,7645,1995,1,SZLAUTO,,,True
95Q1.csv,33109,1995,1,EQCSTKRX,,,True
95Q1.csv,3109,1995,1,OBSDIR,0,0.0,True
95Q1.csv,18770,1995,1,FLDOFF,MONTGOMERY,MONTGOMERY,True
95Q1.csv,22406,1995,1,EQ,26425,26425.0,True
95Q1.csv,17731,1995,1,NONIXAY,2.8064211911744894,2.8064211911744894,True
95Q1.csv,8486,1995,1,NTRER,0,0.0,True
95Q1.csv,10374,1995,1,LNNDEPC,,,True
95Q1.csv,28243,1995,1,LNRESNCR,0,0.0,True
95Q1.csv,420,1995,1,REGAGNT,FDIC,FDIC,True
95Q2.csv,2733,1995,2,QBPRCOMLDESC,CHICAGO,CHICAGO,True
95Q2.csv,10992,1995,2,SZLNHEL,,,True
95Q2.csv,17138,1995,2,LNNDEPC,,,True
95Q2.csv,94,1995,2,INTINC,2955,2955.0,True
95Q2.csv,32715,1995,2,DEPALLEX,,,True
95Q2.csv,32288,1995,2,ID,32288_19950630,32288_19950630,True
95Q2.csv,8728,1995,2,NTRECOSR,0,0.0,True
95Q2.csv,16601,1995,2,EQTOT,2946,2946.0,True
95Q2.csv,10845,1995,2,NETINC,197,197.0,True
95Q2.csv,2379,1995,2,ELNATRY,0.08,0.08,True
95Q2.csv,18558,1995,2,EXTRA,0,0.0,True
95Q2.csv,30456,1995,2,P3LTOT,,,True
95Q2.csv,11939,1995,2,SUBCHAPS,0,0,True
95Q2.csv,22375,1995,2,IGLSEC,2,2.0,True
95Q2.csv,5576,1995,2,LNNDEPC,,,True
95Q2.csv,33546,1995,2,ROA,0.6439042211498941,0.6439042211498941,True
95Q2.csv,24343,1995,2,SPECGRPDESC,ALL OTHER UNDER 1 BILLION,ALL OTHER UNDER 1 BILLION,True
95Q2.csv,4752,1995,2,FREPO,825,825.0,True
95Q2.csv,21342,1995,2,EQV,15.920365955801815,15.920365955801815,True
95Q2.csv,13130,1995,2,SZLAUTO,,,True
95Q2.csv,29513,1995,2,ASDROTH,,,True
95Q2.csv,8185,1995,2,SZLNCRCD,,,True
95Q2.csv,27303,1995,2,CBSA,"SCOTTSBLUFF, NE","SCOTTSBLUFF, NE",True
95Q2.csv,11942,1995,2,INSDATE,19340115,19340115,True
95Q2.csv,26795,1995,2,CITY,HAMPSTEAD,HAMPSTEAD,True
95Q2.csv,6727,1995,2,NALTOT,,,True
95Q2.csv,1400,1995,2,INTINC,1348,1348.0,True
95Q2.csv,5018,1995,2,STNAME,MICHIGAN,MICHIGAN,True
95Q2.csv,5434,1995,2,NTREMULR,0,0.0,True
95Q2.csv,20349,1995,2,EQCSTKRX,,,True
95Q2.csv,14026,1995,2,IDT1RWAJR,15.414182770403828,15.414182770403828,True
95Q2.csv,3026,1995,2,NTLNLSR,0.08680252425731462,0.08680252425731462,True
95Q2.csv,25066,1995,2,EQTOT,4445,4445.0,True
95Q2.csv,11313,1995,2,NAMEHCR,,,True
95Q2.csv,33746,1995,2,EXTRA,0,0.0,True
95Q2.csv,14876,1995,2,INTEXPY,3.730057267264715,3.730057267264715,True
95Q2.csv,33416,1995,2,SZLNOTH,,,True
95Q2.csv,33671,1995,2,NTRERESR,0,0.0,True
95Q2.csv,19733,1995,2,LNLSNET,33292,33292.0,True
95Q2.csv,18677,1995,2,RBC1AAJ,7.885484681064792,7.885484681064792,True
95Q2.csv,15145,1995,2,SPECGRPDESC,OTHER SPECIALIZED UNDER 1 BILLION,OTHER SPECIALIZED UNDER 1 BILLION,True
95Q2.csv,9700,1995,2,PARCERT,0,0,True
95Q2.csv,10734,1995,2,ACTIVE,1,1,True
95Q2.csv,9693,1995,2,ENDEFYMD,20040728,20040728.0,True
95Q2.csv,90528,1995,2,LNNDEPD,,,True
95Q2.csv,28089,1995,2,IDNCCONR,0.9195285025140368,0.9195285025140368,True
95Q2.csv,3780,1995,2,IDLNCORR,81.07044772306317,81.07044772306317,True
95Q2.csv,26955,1995,2,SZLNRES,,,True
95Q2.csv,20217,1995,2,ID,20217_19950630,20217_19950630,True
95Q2.csv,17982,1995,2,IDNCGTPR,0,0.0,True
95Q3.csv,31658,1995,3,PTAXNETINC,131,131,True
95Q3.csv,14894,1995,3,NONIX,1703,1703.0,True
95Q3.csv,18296,1995,3,LSALNLS,,,True
95Q3.csv,22916,1995,3,NCRERESR,0,0.0,True
95Q3.csv,8843,1995,3,MUTUAL,0,0,True
95Q3.csv,19501,1995,3,ASDROTH,,,True
95Q3.csv,30559,1995,3,NFAA,0,0,True
95Q3.csv,28280,1995,3,IDNCCONR,0.11328317890028175,0.11328317890028175,True
95Q3.csv,15089,1995,3,NTLNLSR,0.1251576678371519,0.1251576678371519,True
95Q3.csv,20310,1995,3,SZLNCON,,,True
95Q3.csv,24004,1995,3,FEDDESC,DALLAS,DALLAS,True
95Q3.csv,23349,1995,3,NTLNLSR,0.27583526449574614,0.27583526449574614,True
95Q3.csv,25286,1995,3,STCNTY,Maricopa,Maricopa,True
95Q3.csv,16089,1995,3,AOA,1324,1324,True
95Q3.csv,9527,1995,3,P3ASSET,,,True
95Q3.csv,954,1995,3,NAMEHCR,FIRST FONTANELLE BCORP,FIRST FONTANELLE BCORP,True
95Q3.csv,15586,1995,3,IDNTCIR,-0.46048905159908815,-0.46048905159908815,True
95Q3.csv,19541,1995,3,FDICSUPVDESC, DALLAS, DALLAS,True
95Q3.csv,11518,1995,3,MUTUAL,0,0,True
95Q3.csv,20160,1995,3,OFFDOM,2,2.0,True
95Q3.csv,307,1995,3,EQ,3810,3810.0,True
95Q3.csv,29889,1995,3,PTAXNETINC,1385,1385,True
95Q3.csv,28677,1995,3,ROAPTX,0.9124248263930607,0.9124248263930607,True
95Q3.csv,22663,1995,3,NCCOMRER,0,0.0,True
95Q3.csv,10956,1995,3,EQV,7.291116310664957,7.291116310664957,True
95Q3.csv,17456,1995,3,NFAA,0,0,True
95Q3.csv,15152,1995,3,SPECGRPDESC,ALL OTHER UNDER 1 BILLION,ALL OTHER UNDER 1 BILLION,True
95Q3.csv,18519,1995,3,EQCDIV,0,0.0,True
95Q3.csv,32939,1995,3,OBSDIR,0,0.0,True
95Q3.csv,16712,1995,3,CHBAL,565,565.0,True
95Q3.csv,25849,1995,3,NTRERESR,0,0.0,True
95Q3.csv,26808,1995,3,NIM,2433,2433.0,True
95Q3.csv,1952,1995,3,IDLNCORR,64.46431065791312,64.46431065791312,True
95Q3.csv,23754,1995,3,LSASCDBT,,,True
95Q3.csv,1056,1995,3,SZLNRES,,,True
95Q3.csv,19087,1995,3,ZIP,68644,68644,True
95Q3.csv,16259,1995,3,FDICDBSDESC,SAN FRANCISCO,SAN FRANCISCO,True
95Q3.csv,13271,1995,3,ASDRRES,,,True
95Q3.csv,5007,1995,3,NTRECOSR,0,0.0,True
95Q3.csv,26619,1995,3,EQ,3620,3620.0,True
95Q3.csv,1515,1995,3,DEPNIDOM,25816,25816.0,True
95Q3.csv,17210,1995,3,NCCOMRER,0,0.0,True
95Q3.csv,30157,1995,3,NTRER,0.03543058089889631,0.03543058089889631,True
95Q3.csv,8526,1995,3,RSSDHCR,1109919,1109919.0,True
95Q3.csv,24067,1995,3,IDLNCORR,84.40054573146534,84.40054573146534,True
95Q3.csv,11141,1995,3,NCRER,0,0.0,True
95Q3.csv,231,1995,3,LNNDEPD,,,True
95Q3.csv,2377,1995,3,LNLSNTV,54.85,54.85,True
95Q3.csv,20930,1995,3,ITAX,120,120.0,True
95Q3.csv,3859,1995,3,SZLNCON,,,True
95Q4.csv,33231,1995,4,EQ,3418,3418.0,True
95Q4.csv,8513,1995,4,IDERNCVR,0,0.0,True
95Q4.csv,12322,1995,4,ITAX,158,158.0,True
95Q4.csv,15648,1995,4,DEPFOR,,,True
95Q4.csv,19097,1995,4,ROE,9.16,9.16,True
95Q4.csv,29839,1995,4,ROA,0.7569021556394068,0.7569021556394068,True
95Q4.csv,14911,1995,4,LIAB,58206,58206.0,True
95Q4.csv,30695,1995,4,DEPFOR,,,True
95Q4.csv,10966,1995,4,CALLFORM,34,34,True
95Q4.csv,11579,1995,4,ITAX,1367,1367.0,True
95Q4.csv,22327,1995,4,CBSA,"COLLEGE STATION-BRYAN, TX","COLLEGE STATION-BRYAN, TX",True
95Q4.csv,33184,1995,4,CBLRIND,,,True
95Q4.csv,3072,1995,4,CBSA,"AMARILLO, TX","AMARILLO, TX",True
95Q4.csv,29786,1995,4,NTCOMRER,0,0.0,True
95Q4.csv,27072,1995,4,NPERFV,17.613161850676466,17.613161850676466,True
95Q4.csv,10246,1995,4,DEPINS,8065,8065.0,True
95Q4.csv,23298,1995,4,NCRERESR,0.3046112420060586,0.3046112420060586,True
95Q4.csv,32298,1995,4,RSSDHCR,1070288,1070288.0,True
95Q4.csv,28860,1995,4,NETINC,252,252.0,True
95Q4.csv,4181,1995,4,SZLNRES,,,True
95Q4.csv,4946,1995,4,TRADE,0,0.0,True
95Q4.csv,9473,1995,4,P9LTOT,,,True
95Q4.csv,9443,1995,4,EFFDATE,19940115,19940115,True
95Q4.csv,19590,1995,4,TRADE,0,0.0,True
95Q4.csv,22738,1995,4,RSSDHCR,1027992,1027992.0,True
95Q4.csv,3877,1995,4,DEPFOR,,,True
95Q4.csv,3566,1995,4,DEPIDOM,1357337,1357337.0,True
95Q4.csv,15220,1995,4,INTINC,8995,8995.0,True
95Q4.csv,26657,1995,4,P9LTOT,,,True
95Q4.csv,27126,1995,4,INTINCY,8.719530544688535,8.719530544688535,True
95Q4.csv,8908,1995,4,IDNCOTHR,0,0.0,True
95Q4.csv,3705,1995,4,ROAPTX,1.6653010008572597,1.6653010008572597,True
95Q4.csv,29950,1995,4,NONIX,112104,112104.0,True
95Q4.csv,24658,1995,4,HCTMULT,1,1.0,True
95Q4.csv,29572,1995,4,TRUST,0,0,True
95Q4.csv,30046,1995,4,P3LTOT,,,True
95Q4.csv,6871,1995,4,STCNTY,Charlottesville City,Charlottesville City,True
95Q4.csv,30707,1995,4,NTLNLSR,0.009665891554220127,0.009665891554220127,True
95Q4.csv,25727,1995,4,ELNATRY,2.48,2.48,True
95Q4.csv,27119,1995,4,SUBCHAPS,0,0,True
95Q4.csv,15566,1995,4,INTINC,3275,3275.0,True
95Q4.csv,22876,1995,4,FREPO,1875,1875.0,True
95Q4.csv,15590,1995,4,ASDRRES,,,True
95Q4.csv,27215,1995,4,LIAB,86194,86194.0,True
95Q4.csv,26444,1995,4,SZLNOTH,,,True
95Q4.csv,3854,1995,4,NONIXAY,2.943903137621116,2.943903137621116,True
95Q4.csv,26941,1995,4,IBEFXTR,242,242.0,True
95Q4.csv,18120,1995,4,NTCOMRER,0,0.0,True
95Q4.csv,239,1995,4,LSALNLS,,,True
95Q4.csv,33311,1995,4,NCLNLSR,0.422225975342003,0.422225975342003,True
96Q1.csv,19258,1996,1,EXTRA,0,0.0,True
96Q1.csv,13881,1996,1,NCRECONR,0,0.0,True
96Q1.csv,25739,1996,1,IDLNCORR,55.79662139781385,55.79662139781385,True
96Q1.csv,15913,1996,1,RBC1AAJ,9.447885096850705,9.447885096850705,True
96Q1.csv,20134,1996,1,DEPBEFEX,,,True
96Q1.csv,15980,1996,1,ASSET,779348,779348,True
96Q1.csv,19842,1996,1,EEFFR,74.43292287751134,74.43292287751134,True
96Q1.csv,13567,1996,1,LNATRESR,1.5671890630210068,1.5671890630210068,True
96Q1.csv,241,1996,1,EQV,9.529667049051179,9.529667049051179,True
96Q1.csv,8197,1996,1,NCREMULR,0,0.0,True
96Q1.csv,3915,1996,1,NTRER,0,0.0,True
96Q1.csv,14867,1996,1,OFFFOR,0,0.0,True
96Q1.csv,14322,1996,1,P9LTOT,,,True
96Q1.csv,26190,1996,1,INTINCY,10.179139460907418,10.179139460907418,True
96Q1.csv,21715,1996,1,NCRENRER,0.43113228953936916,0.43113228953936916,True
96Q1.csv,19849,1996,1,NIMY,5.422015842665939,5.422015842665939,True
96Q1.csv,27297,1996,1,DEPBEFEX,,,True
96Q1.csv,19021,1996,1,NONII,72,72.0,True
96Q1.csv,8468,1996,1,NAASSET,83,83,True
96Q1.csv,14912,1996,1,SZLNCI,,,True
96Q1.csv,17759,1996,1,LSALNLS,,,True
96Q1.csv,30559,1996,1,ORE,879,879.0,True
96Q1.csv,12922,1996,1,NTRENRSR,0,0.0,True
96Q1.csv,6989,1996,1,AOAR,1.3937484261725843,1.3937484261725843,True
96Q1.csv,2156,1996,1,LSAOA,,,True
96Q1.csv,25757,1996,1,ROE,3.16,3.16,True
96Q1.csv,23717,1996,1,P3ASSET,,,True
96Q1.csv,14321,1996,1,OFFDOM,2,2.0,True
96Q1.csv,1398,1996,1,IDNCCIR,2.20369267421084,2.20369267421084,True
96Q1.csv,175,1996,1,NUMEMP,15,15.0,True
96Q1.csv,25580,1996,1,RSSDID,972237,972237,True
96Q1.csv,13162,1996,1,NONIIAY,0.27,0.27,True
96Q1.csv,9702,1996,1,ELNATR,1815,1815.0,True
96Q1.csv,20527,1996,1,DEPIDOM,19534,19534.0,True
96Q1.csv,213,1996,1,DEPBEFEX,,,True
96Q1.csv,33904,1996,1,DEPIDOM,36848,36848.0,True
96Q1.csv,34046,1996,1,FREPO,7195,7195.0,True
96Q1.csv,29528,1996,1,LIAB,617980,617980.0,True
96Q1.csv,2746,1996,1,ELNATR,45,45.0,True
96Q1.csv,27704,1996,1,P9ASSET,150,150.0,True
96Q1.csv,90311,1996,1,QBPRCOMLDESC,NEW YORK,NEW YORK,True
96Q1.csv,33657,1996,1,NONIIAY,,,True
96Q1.csv,23883,1996,1,NALTOT,,,True
96Q1.csv,19101,1996,1,SZLNCI,,,True
96Q1.csv,22934,1996,1,IDNCOTHR,0,0.0,True
96Q1.csv,404,1996,1,ELNATRY,0.07,0.07,True
96Q1.csv,28074,1996,1,ASDRRES,,,True
96Q1.csv,8185,1996,1,LSALNLS,,,True
96Q1.csv,15409,1996,1,SZLNRES,,,True
96Q1.csv,28137,1996,1,EQV,11.814505022976675,11.814505022976675,True
96Q2.csv,26564,1996,2,IDNCCONR,1.1634056054997355,1.1634056054997355,True
96Q2.csv,18825,1996,2,P3ASSET,,,True
96Q2.csv,25192,1996,2,OFFFOR,0,0.0,True
96Q2.csv,7888,1996,2,EQV,7.854024204980806,7.854024204980806,True
96Q2.csv,28701,1996,2,DEPBEFEX,,,True
96Q2.csv,29950,1996,2,PARCERT,0,0,True
96Q2.csv,23194,1996,2,NTRERESR,0.02825923134890731,0.02825923134890731,True
96Q2.csv,32869,1996,2,MSA_NAME,,,True
96Q2.csv,3775,1996,2,PTAXNETINC,1384,1384,True
96Q2.csv,18843,1996,2,DEPNIDOM,88359,88359.0,True
96Q2.csv,19097,1996,2,DEPALLEX,,,True
96Q2.csv,22090,1996,2,TRUST,1,1,True
96Q2.csv,1700,1996,2,P9LTOT,,,True
96Q2.csv,4649,1996,2,DEPDOM,33138,33138.0,True
96Q2.csv,17219,1996,2,NCRER,1.7624985786301788,1.7624985786301788,True
96Q2.csv,8229,1996,2,RBCRWAJ,12.388733048410742,12.388733048410742,True
96Q2.csv,1611,1996,2,SPECGRPDESC,AGRICULTURAL SPECIALIZATION,AGRICULTURAL SPECIALIZATION,True
96Q2.csv,30559,1996,2,INSAGNT1,SAIF,SAIF,True
96Q2.csv,27328,1996,2,LNLSNET,25602,25602.0,True
96Q2.csv,27791,1996,2,RISDATE,19960630,19960630,True
96Q2.csv,10885,1996,2,EQCSTKRX,,,True
96Q2.csv,27248,1996,2,FEDDESC,ATLANTA,ATLANTA,True
96Q2.csv,32541,1996,2,EQCDIVNTINC,11.77301624676242,11.77301624676242,True
96Q2.csv,2039,1996,2,LIAB,52631,52631.0,True
96Q2.csv,22525,1996,2,LSALNLS,,,True
96Q2.csv,5233,1996,2,LNNDEPC,,,True
96Q2.csv,28765,1996,2,LNLSDEPR,23.391290820962276,23.391290820962276,True
96Q2.csv,22951,1996,2,BKPREM,535,535.0,True
96Q2.csv,22654,1996,2,ASDROTH,,,True
96Q2.csv,23883,1996,2,TRUST,0,0,True
96Q2.csv,14208,1996,2,NTALLOTHR,0,0.0,True
96Q2.csv,12636,1996,2,ZIP,68926,68926,True
96Q2.csv,163,1996,2,REGAGNT,FDIC,FDIC,True
96Q2.csv,10618,1996,2,SZLNCI,,,True
96Q2.csv,22128,1996,2,ENDEFYMD,19970930,19970930.0,True
96Q2.csv,19048,1996,2,NOIJ,42650.45,42650.45,True
96Q2.csv,31293,1996,2,EQCDIV,841,841.0,True
96Q2.csv,3134,1996,2,REPDTE,19960630,19960630,True
96Q2.csv,29881,1996,2,TFRA,0,0,True
96Q2.csv,11683,1996,2,NAME,BARTELSO SAVINGS BANK,BARTELSO SAVINGS BANK,True
96Q2.csv,33181,1996,2,DEPIDOM,83355,83355.0,True
96Q2.csv,16676,1996,2,FREPO,8823,8823.0,True
96Q2.csv,20121,1996,2,SZLAUTO,,,True
96Q2.csv,8149,1996,2,SUBCHAPS,0,0,True
96Q2.csv,12690,1996,2,IDNTCONR,-0.251414204902577,-0.251414204902577,True
96Q2.csv,1547,1996,2,LNATRESR,1.1422752938998426,1.1422752938998426,True
96Q2.csv,25716,1996,2,SZLNCRCD,,,True
96Q2.csv,17453,1996,2,DEPFOR,,,True
96Q2.csv,91363,1996,2,NETINBM,,,True
96Q2.csv,7151,1996,2,ASDROTH,,,True
96Q3.csv,28679,1996,3,NCRENRER,0,0.0,True
96Q3.csv,1435,1996,3,LNLSNTV,71.06,71.06,True
96Q3.csv,29065,1996,3,DEPCSBQ,18813.696399999997,18813.696399999997,True
96Q3.csv,10212,1996,3,CITY,GENEVA,GENEVA,True
96Q3.csv,5371,1996,3,ENDEFYMD,20051110,20051110.0,True
96Q3.csv,10824,1996,3,LSALNLS,,,True
96Q3.csv,26694,1996,3,CHBAL,6927,6927.0,True
96Q3.csv,34034,1996,3,EFFDATE,19950622,19950622,True
96Q3.csv,26962,1996,3,TRUST,1,1,True
96Q3.csv,6830,1996,3,IDLNCORR,88.90412484512689,88.90412484512689,True
96Q3.csv,3862,1996,3,ASSET,48340,48340,True
96Q3.csv,1022,1996,3,CITY,PLATTEVILLE,PLATTEVILLE,True
96Q3.csv,29632,1996,3,IDLNCORR,85.06304241034877,85.06304241034877,True
96Q3.csv,30422,1996,3,ELNATR,43,43.0,True
96Q3.csv,25338,1996,3,EFFDATE,19950101,19950101,True
96Q3.csv,16204,1996,3,NAMEFULL,"HARRIS BANK PALATINE, NATIONAL ASSOCIATION","HARRIS BANK PALATINE, NATIONAL ASSOCIATION",True
96Q3.csv,33519,1996,3,ELNATR,145,145.0,True
96Q3.csv,3019,1996,3,TRUST,1,1,True
96Q3.csv,17040,1996,3,STCNTY,Nelson,Nelson,True
96Q3.csv,7154,1996,3,SPECGRPDESC,ALL OTHER UNDER 1 BILLION,ALL OTHER UNDER 1 BILLION,True
96Q3.csv,21164,1996,3,NTALLOTHR,0,0.0,True
96Q3.csv,33991,1996,3,OCCDISTDESC,null,,True
96Q3.csv,4614,1996,3,NAME,FIRST NB OF ANTHONY,FIRST NB OF ANTHONY,True
96Q3.csv,5588,1996,3,AOA,521,521,True
96Q3.csv,13071,1996,3,CALLFORM,34,34,True
96Q3.csv,12788,1996,3,NTRENRSR,0,0.0,True
96Q3.csv,28273,1996,3,FDICSUPVDESC,CHICAGO,CHICAGO,True
96Q3.csv,31048,1996,3,ERNASTR,95.05,95.05,True
96Q3.csv,26920,1996,3,RBCRWAJ,14.099620394835524,14.099620394835524,True
96Q3.csv,33918,1996,3,LNLSNTV,60.86,60.86,True
96Q3.csv,12259,1996,3,NTALLOTHR,0,0.0,True
96Q3.csv,34069,1996,3,PARCERT,0,0,True
96Q3.csv,2689,1996,3,AOA,2231,2231,True
96Q3.csv,2316,1996,3,P3LTOT,,,True
96Q3.csv,8252,1996,3,OFFFOR,0,0.0,True
96Q3.csv,1071,1996,3,ERNASTR,93.96,93.96,True
96Q3.csv,32167,1996,3,SZLNHEL,,,True
96Q3.csv,29858,1996,3,NCRECONR,0,0.0,True
96Q3.csv,9463,1996,3,ASDROTH,,,True
96Q3.csv,28166,1996,3,NTCOMRER,0,0.0,True
96Q3.csv,30065,1996,3,FDICDBSDESC,CHICAGO,CHICAGO,True
96Q3.csv,9114,1996,3,ROE,4.87,4.87,True
96Q3.csv,11093,1996,3,NONIXAY,2.816445857260049,2.816445857260049,True
96Q3.csv,7334,1996,3,UC,2332,2332.0,True
96Q3.csv,15113,1996,3,ELNATRY,0.76,0.76,True
96Q3.csv,958,1996,3,ACTIVE,1,1,True
96Q3.csv,28306,1996,3,EQV,10.481177899210687,10.481177899210687,True
96Q3.csv,20740,1996,3,EQV,8.007583940180545,8.007583940180545,True
96Q3.csv,90582,1996,3,CALLFORM,34,34,True
96Q3.csv,15415,1996,3,AOA,887,887,True
96Q4.csv,32749,1996,4,LSASCDBT,,,True
96Q4.csv,5574,1996,4,LNATRESR,1.3835085777531821,1.3835085777531821,True
96Q4.csv,33376,1996,4,AOA,587,587,True
96Q4.csv,2916,1996,4,ASSET,14290000,14290000,True
96Q4.csv,26998,1996,4,CB,1,1.0,True
96Q4.csv,19037,1996,4,NCREMULR,0,0.0,True
96Q4.csv,6049,1996,4,CALLFORM,33,33,True
96Q4.csv,21012,1996,4,P9LTOT,,,True
96Q4.csv,285,1996,4,EINTEXP,1701,1701.0,True
96Q4.csv,15759,1996,4,REPDTE,19961231,19961231,True
96Q4.csv,8333,1996,4,NAMEFULL,FIRST TRI COUNTY BANK,FIRST TRI COUNTY BANK,True
96Q4.csv,4187,1996,4,P3ASSET,,,True
96Q4.csv,10469,1996,4,AOA,307,307,True
96Q4.csv,14772,1996,4,NCRENRER,17.761033369214207,17.761033369214207,True
96Q4.csv,27178,1996,4,STCNTY,Graham,Graham,True
96Q4.csv,29478,1996,4,P9ASSET,1078,1078.0,True
96Q4.csv,14446,1996,4,SPECGRPDESC,AGRICULTURAL SPECIALIZATION,AGRICULTURAL SPECIALIZATION,True
96Q4.csv,1265,1996,4,STMULT,0,0,True
96Q4.csv,10175,1996,4,NCRENRER,1.4548494983277591,1.4548494983277591,True
96Q4.csv,8205,1996,4,IBEFXTR,612,612.0,True
96Q4.csv,5058,1996,4,COREDEP,110252,110252.0,True
96Q4.csv,10164,1996,4,TRADE,0,0.0,True
96Q4.csv,10675,1996,4,SZLNCRCD,,,True
96Q4.csv,2232,1996,4,NIMY,4.191402814423922,4.191402814423922,True
96Q4.csv,17897,1996,4,ELNANTR,189.6551724137931,189.6551724137931,True
96Q4.csv,23453,1996,4,ELNANTR,-228.57142857142856,-228.57142857142856,True
96Q4.csv,3701,1996,4,EINTEXP,4379,4379.0,True
96Q4.csv,16501,1996,4,ERNASTR,93.02,93.02,True
96Q4.csv,17677,1996,4,NONII,67,67.0,True
96Q4.csv,17741,1996,4,INTAN,0,0.0,True
96Q4.csv,5147,1996,4,EXTRA,0,0.0,True
96Q4.csv,15932,1996,4,CHBAL,5589,5589.0,True
96Q4.csv,4228,1996,4,OFFOA,0,0.0,True
96Q4.csv,18020,1996,4,NAMEHCR,CORNING INVESTMENT CO INC,CORNING INVESTMENT CO INC,True
96Q4.csv,3612,1996,4,DEPUNINS,7526,7526,True
96Q4.csv,20234,1996,4,NOIJ,14779.36,14779.36,True
96Q4.csv,16018,1996,4,LNLSNET,2490971,2490971.0,True
96Q4.csv,1622,1996,4,CBLRIND,,,True
96Q4.csv,3792,1996,4,RBC1AAJ,12.43829272909962,12.43829272909962,True
96Q4.csv,22407,1996,4,DEPINS,137870,137870.0,True
96Q4.csv,19649,1996,4,SPECGRPDESC,COMMERCIAL LENDING SPECIALIZATION,COMMERCIAL LENDING SPECIALIZATION,True
96Q4.csv,29950,1996,4,IDT1CER,0,0.0,True
96Q4.csv,26863,1996,4,NAASSET,2516,2516,True
96Q4.csv,5754,1996,4,LSAOA,,,True
96Q4.csv,10948,1996,4,LNLSDEPR,54.472906304543024,54.472906304543024,True
96Q4.csv,6756,1996,4,IDT1CER,0,0.0,True
96Q4.csv,34147,1996,4,TFRA,0,0,True
96Q4.csv,2379,1996,4,FREPO,0,0.0,True
96Q4.csv,29776,1996,4,CB,0,0.0,True
96Q4.csv,4060,1996,4,IDLNCORR,75.91358772461135,75.91358772461135,True
97Q1.csv,11749,1997,1,CBSA,"ST. LOUIS, MO-IL","ST. LOUIS, MO-IL",True
97Q1.csv,5048,1997,1,CHBAL,5058,5058.0,True
97Q1.csv,13339,1997,1,SPECGRPDESC,COMMERCIAL LENDING SPECIALIZATION,COMMERCIAL LENDING SPECIALIZATION,True
97Q1.csv,249,1997,1,NTCOMRER,0,0.0,True
97Q1.csv,15224,1997,1,TFRA,0,0,True
97Q1.csv,12484,1997,1,FLDOFF,TULSA,TULSA,True
97Q1.csv,90253,1997,1,LNLSNTV,45.94,45.94,True
97Q1.csv,25186,1997,1,DEPIDOM,9921,9921.0,True
97Q1.csv,17572,1997,1,FDICSUPVDESC,CHICAGO,CHICAGO,True
97Q1.csv,15445,1997,1,ROEINJR,-0.714188677780581,-0.714188677780581,True
97Q1.csv,90223,1997,1,LSALNLS,,,True
97Q1.csv,10791,1997,1,ASTEMPM,2.8391818181818183,2.8391818181818183,True
97Q1.csv,14134,1997,1,ROE,7.07,7.07,True
97Q1.csv,26990,1997,1,SZLNCON,,,True
97Q1.csv,3735,1997,1,OBSDIR,130924,130924.0,True
97Q1.csv,5336,1997,1,DEPALLEX,,,True
97Q1.csv,11862,1997,1,LSASCDBT,,,True
97Q1.csv,31581,1997,1,IDNTCONR,0,0.0,True
97Q1.csv,27052,1997,1,NTLNLSR,0.8636893203883494,0.8636893203883494,True
97Q1.csv,2831,1997,1,ELNANTR,103.41880341880344,103.41880341880344,True
97Q1.csv,43,1997,1,NAMEFULL,THE BANK OF BERRY,THE BANK OF BERRY,True
97Q1.csv,24701,1997,1,NCCOMRER,0,0.0,True
97Q1.csv,14980,1997,1,NETINBM,,,True
97Q1.csv,20160,1997,1,NTCOMRER,0,0.0,True
97Q1.csv,23927,1997,1,RSSDID,597162,597162,True
97Q1.csv,10135,1997,1,EQCSTKRX,,,True
97Q1.csv,20489,1997,1,DEPALLEX,,,True
97Q1.csv,25299,1997,1,NCLNLSR,0.0277714660809412,0.0277714660809412,True
97Q1.csv,19169,1997,1,RISDATE,19970331,19970331,True
97Q1.csv,17792,1997,1,DEPALLEX,,,True
97Q1.csv,1612,1997,1,EEFFR,51.204819277108435,51.204819277108435,True
97Q1.csv,28269,1997,1,EQCDIV,0,0.0,True
97Q1.csv,21224,1997,1,INSDATE,19730918,19730918,True
97Q1.csv,15275,1997,1,STNAME,WISCONSIN,WISCONSIN,True
97Q1.csv,22621,1997,1,P9LTOT,,,True
97Q1.csv,17606,1997,1,NTLNLSR,-0.2787577856178405,-0.2787577856178405,True
97Q1.csv,9,1997,1,NTLNLSR,0.015475758674888162,0.015475758674888162,True
97Q1.csv,20877,1997,1,LSAOA,,,True
97Q1.csv,7907,1997,1,LNLSNET,3293,3293.0,True
97Q1.csv,2102,1997,1,OFFFOR,0,0.0,True
97Q1.csv,11006,1997,1,EFFDATE,19890930,19890930,True
97Q1.csv,3859,1997,1,DEPINS,191578,191578.0,True
97Q1.csv,29986,1997,1,FLDOFF,MOUNT VERNON,MOUNT VERNON,True
97Q1.csv,4225,1997,1,PARCERT,0,0,True
97Q1.csv,1436,1997,1,LSAOA,,,True
97Q1.csv,22669,1997,1,LNLSNTV,36.26,36.26,True
97Q1.csv,6811,1997,1,NONIIAY,0.34,0.34,True
97Q1.csv,29208,1997,1,ROEINJR,9.576501358012273,9.576501358012273,True
97Q1.csv,26487,1997,1,IDNCGTPR,0,0.0,True
97Q1.csv,9784,1997,1,LIAB,4183874,4183874.0,True
97Q2.csv,183,1997,2,NIM,1074,1074.0,True
97Q2.csv,32992,1997,2,INTINCY,16.974010148068526,16.974010148068526,True
97Q2.csv,852,1997,2,NTCOMRER,0,0.0,True
97Q2.csv,10966,1997,2,EFFDATE,19960321,19960321,True
97Q2.csv,4420,1997,2,NTCOMRER,0,0.0,True
97Q2.csv,32960,1997,2,NFAA,0,0,True
97Q2.csv,11093,1997,2,NTALLOTHR,0,0.0,True
97Q2.csv,8942,1997,2,NOIJ,848.28,848.28,True
97Q2.csv,27276,1997,2,ASDROTH,,,True
97Q2.csv,15326,1997,2,NTRENRSR,0,0.0,True
97Q2.csv,11892,1997,2,ENDEFYMD,19990716,19990716.0,True
97Q2.csv,18342,1997,2,OFFDOM,1,1.0,True
97Q2.csv,25851,1997,2,ASDROTH,,,True
97Q2.csv,27372,1997,2,NOIJY,1.0013598714303373,1.0013598714303373,True
97Q2.csv,20935,1997,2,RSSDID,998554,998554,True
97Q2.csv,24350,1997,2,LSALNLS,,,True
97Q2.csv,9968,1997,2,EQTOT,9261,9261.0,True
97Q2.csv,4065,1997,2,LSAOA,,,True
97Q2.csv,15302,1997,2,IDNCCIR,0.29648454044896233,0.29648454044896233,True
97Q2.csv,3219,1997,2,FDICSUPVDESC, DALLAS, DALLAS,True
97Q2.csv,30429,1997,2,CB,1,1.0,True
97Q2.csv,22528,1997,2,LNLSDEPR,118.92863562825812,118.92863562825812,True
97Q2.csv,32987,1997,2,FDICSUPVDESC,SAN FRANCISCO,SAN FRANCISCO,True
97Q2.csv,342,1997,2,HCTMULT,1,1.0,True
97Q2.csv,2066,1997,2,FREPO,1668,1668.0,True
97Q2.csv,4024,1997,2,ASSET,19029,19029,True
97Q2.csv,16764,1997,2,NTRENRSR,0,0.0,True
97Q2.csv,11251,1997,2,LNNDEPC,,,True
97Q2.csv,15687,1997,2,NCCOMRER,0,0.0,True
97Q2.csv,28393,1997,2,IDNCOTHR,0,0.0,True
97Q2.csv,877,1997,2,IDNCCIR,1.3219139824986035,1.3219139824986035,True
97Q2.csv,9423,1997,2,NTREMULR,0,0.0,True
97Q2.csv,21557,1997,2,IDNCOTHR,0,0.0,True
97Q2.csv,13155,1997,2,NCRERESR,0.9165342783820115,0.9165342783820115,True
97Q2.csv,18835,1997,2,CHBAL,423148,423148.0,True
97Q2.csv,20928,1997,2,SZLNOTH,,,True
97Q2.csv,20852,1997,2,SZLNCON,,,True
97Q2.csv,30394,1997,2,DEPIDOM,261756,261756.0,True
97Q2.csv,27253,1997,2,FREPO,0,0.0,True
97Q2.csv,29272,1997,2,NAASSET,1403,1403,True
97Q2.csv,32349,1997,2,COREDEP,51114,51114.0,True
97Q2.csv,21529,1997,2,RSSDHCR,1109900,1109900.0,True
97Q2.csv,16906,1997,2,LNATRESR,2.6177105831533476,2.6177105831533476,True
97Q2.csv,28926,1997,2,SPECGRPDESC,MORTGAGE LENDING SPECIALIZATION,MORTGAGE LENDING SPECIALIZATION,True
97Q2.csv,15415,1997,2,IDLNCORR,71.55246289377163,71.55246289377163,True
97Q2.csv,5490,1997,2,IDNCGTPR,0,0.0,True
97Q2.csv,33134,1997,2,TRUST,0,0,True
97Q2.csv,9734,1997,2,INTAN,0,0.0,True
97Q2.csv,29730,1997,2,DEPFOR,,,True
97Q2.csv,17899,1997,2,FDICSUPVDESC,CHICAGO,CHICAGO,True
97Q3.csv,15548,1997,3,IDNTCIR,-0.19537320267423752,-0.19537320267423752,True
97Q3.csv,14,1997,3,ZIP,2110,2110,True
97Q3.csv,3121,1997,3,STNAME,TEXAS,TEXAS,True
97Q3.csv,10688,1997,3,NTLNLS,2,2.0,True
97Q3.csv,26790,1997,3,IDT1CER,0,0.0,True
97Q3.csv,7542,1997,3,EINTEXP,38183,38183.0,True
97Q3.csv,26266,1997,3,IDNTCONR,0.19510517651362722,0.19510517651362722,True
97Q3.csv,22202,1997,3,MSA_NAME,,,True
97Q3.csv,29582,1997,3,FDICSUPVDESC,ATLANTA,ATLANTA,True
97Q3.csv,16301,1997,3,EQ,2831,2831.0,True
97Q3.csv,10131,1997,3,EQTOT,2474,2474.0,True
97Q3.csv,13454,1997,3,BKCLASS,NM,NM,True
97Q3.csv,4054,1997,3,IDNCGTPR,0,0.0,True
97Q3.csv,6623,1997,3,EQCDIVNTINC,25.98425196850394,25.98425196850394,True
97Q3.csv,29012,1997,3,PARCERT,0,0,True
97Q3.csv,6861,1997,3,SPECGRPDESC,ALL OTHER UNDER 1 BILLION,ALL OTHER UNDER 1 BILLION,True
97Q3.csv,9740,1997,3,PTAXNETINC,18,18,True
97Q3.csv,15545,1997,3,STCNTY,Madison,Madison,True
97Q3.csv,9167,1997,3,BKPREM,657,657.0,True
97Q3.csv,6662,1997,3,IDNTCIR,-0.4014830149618895,-0.4014830149618895,True
97Q3.csv,11521,1997,3,NALTOT,,,True
97Q3.csv,8889,1997,3,EEFFR,53.11572700296736,53.11572700296736,True
97Q3.csv,12453,1997,3,STMULT,0,0,True
97Q3.csv,18147,1997,3,NCLNLSR,8.406328982446421,8.406328982446421,True
97Q3.csv,817,1997,3,ASDROTH,,,True
97Q3.csv,19532,1997,3,TFRA,0,0,True
97Q3.csv,10594,1997,3,IDERNCVR,18.753246753246753,18.753246753246753,True
97Q3.csv,26607,1997,3,LNLSNTV,72.1,72.1,True
97Q3.csv,17375,1997,3,NCRERESR,0,0.0,True
97Q3.csv,18705,1997,3,DEPNIDOM,3535,3535.0,True
97Q3.csv,1022,1997,3,NTRECOSR,0,0.0,True
97Q3.csv,22653,1997,3,NCRERESR,1.4705882352941175,1.4705882352941175,True
97Q3.csv,13426,1997,3,RBC1AAJ,12.41840104446663,12.41840104446663,True
97Q3.csv,26610,1997,3,CHBAL,17279,17279.0,True
97Q3.csv,637,1997,3,ROEINJR,6.046035378778764,6.046035378778764,True
97Q3.csv,3288,1997,3,IDNTCONR,1.7643968128232608,1.7643968128232608,True
97Q3.csv,26839,1997,3,DEPUNINS,0,0,True
97Q3.csv,2374,1997,3,NALTOT,,,True
97Q3.csv,29476,1997,3,ASDROTH,,,True
97Q3.csv,19450,1997,3,DEPALLEX,,,True
97Q3.csv,12157,1997,3,LNLSNTV,67.97,67.97,True
97Q3.csv,1486,1997,3,ROAPTX,1.9028146037903162,1.9028146037903162,True
97Q3.csv,17373,1997,3,P9ASSET,680,680.0,True
97Q3.csv,1616,1997,3,CB,1,1.0,True
97Q3.csv,14636,1997,3,ELNATR,8,8.0,True
97Q3.csv,5306,1997,3,INTINCY,8.57802274225914,8.57802274225914,True
97Q3.csv,11716,1997,3,IBEFXTR,55,55.0,True
97Q3.csv,26015,1997,3,ROA,1.349549980871181,1.349549980871181,True
97Q3.csv,28818,1997,3,NCCOMRER,0,0.0,True
97Q3.csv,10634,1997,3,RSSDID,913856,913856,True
97Q4.csv,18845,1997,4,IDNTCIR,0.10459313271374354,0.10459313271374354,True
97Q4.csv,11361,1997,4,REGAGNT,FDIC,FDIC,True
97Q4.csv,1361,1997,4,INTINC,1080,1080.0,True
97Q4.csv,17040,1997,4,LNATRESR,1.0346090459622779,1.0346090459622779,True
97Q4.csv,9651,1997,4,NAME,FIRST STATE BANK,FIRST STATE BANK,True
97Q4.csv,15363,1997,4,NPERFV,0.052892830987061594,0.052892830987061594,True
97Q4.csv,29062,1997,4,IBEFXTR,590,590.0,True
97Q4.csv,26510,1997,4,NTRER,-0.17945692621226247,-0.17945692621226247,True
97Q4.csv,34149,1997,4,IGLSEC,0,0.0,True
97Q4.csv,33671,1997,4,SC,11267,11267.0,True
97Q4.csv,34336,1997,4,STNAME,TEXAS,TEXAS,True
97Q4.csv,29492,1997,4,SZLNRES,,,True
97Q4.csv,18237,1997,4,SC,45151,45151.0,True
97Q4.csv,12285,1997,4,NTREMULR,0,0.0,True
97Q4.csv,9489,1997,4,SZLNRES,,,True
97Q4.csv,25103,1997,4,FDICSUPVDESC, DALLAS, DALLAS,True
97Q4.csv,32916,1997,4,DEPFOR,,,True
97Q4.csv,8822,1997,4,SZLNOTH,,,True
97Q4.csv,16339,1997,4,MSA_NAME,,,True
97Q4.csv,16755,1997,4,IDNCOTHR,0,0.0,True
97Q4.csv,34536,1997,4,SZLNCON,,,True
97Q4.csv,5508,1997,4,SZLNCRCD,,,True
97Q4.csv,1980,1997,4,STNAME,MONTANA,MONTANA,True
97Q4.csv,32276,1997,4,AOA,29364,29364,True
97Q4.csv,18037,1997,4,REGAGNT,FDIC,FDIC,True
97Q4.csv,10007,1997,4,LNLSDEPR,62.914419591548054,62.914419591548054,True
97Q4.csv,1135,1997,4,LSALNLS,,,True
97Q4.csv,11411,1997,4,SZLNCRCD,,,True
97Q4.csv,27553,1997,4,ASDRRES,,,True
97Q4.csv,32241,1997,4,ESTYMD,19840606,19840606,True
97Q4.csv,17127,1997,4,NIM,68809,68809.0,True
97Q4.csv,18558,1997,4,NAMEFULL,CYRIL STATE BANK,CYRIL STATE BANK,True
97Q4.csv,12442,1997,4,NUMEMP,237,237.0,True
97Q4.csv,27070,1997,4,IDT1RWAJR,12.645486516112763,12.645486516112763,True
97Q4.csv,10463,1997,4,LNLSNET,3882,3882.0,True
97Q4.csv,30260,1997,4,EQV,5.698984150265195,5.698984150265195,True
97Q4.csv,30530,1997,4,CB,1,1.0,True
97Q4.csv,1934,1997,4,NCREMULR,0,0.0,True
97Q4.csv,11133,1997,4,DEPBEFEX,,,True
97Q4.csv,18892,1997,4,NTRENRSR,0,0.0,True
97Q4.csv,28781,1997,4,SC,13477,13477.0,True
97Q4.csv,33472,1997,4,NONII,287,287.0,True
97Q4.csv,8174,1997,4,PARCERT,0,0,True
97Q4.csv,173,1997,4,SZLNCON,,,True
97Q4.csv,12631,1997,4,DEPBEFEX,,,True
97Q4.csv,16678,1997,4,NOIJ,49,49.0,True
97Q4.csv,1169,1997,4,DEPNIDOM,5979,5979.0,True
97Q4.csv,6560,1997,4,ESTYMD,18660106,18660106,True
97Q4.csv,32084,1997,4,COREDEP,60258,60258.0,True
97Q4.csv,15810,1997,4,NAMEFULL,FARMERS BANK,FARMERS BANK,True
98Q1.csv,3378,1998,1,NCRECONR,0,0.0,True
98Q1.csv,17784,1998,1,NOIJ,1135,1135.0,True
98Q1.csv,33990,1998,1,NIM,289,289.0,True
98Q1.csv,10834,1998,1,NAMEFULL,PEOPLES STATE BANK OF MANSFIELD,PEOPLES STATE BANK OF MANSFIELD,True
98Q1.csv,23757,1998,1,ERNASTR,92.36,92.36,True
98Q1.csv,18266,1998,1,INTEXPY,2.4597810566396956,2.4597810566396956,True
98Q1.csv,13375,1998,1,RBC1AAJ,9.376647910666582,9.376647910666582,True
98Q1.csv,8057,1998,1,DEPALLEX,,,True
98Q1.csv,24307,1998,1,DEPIDOM,46646,46646.0,True
98Q1.csv,2829,1998,1,ROA,0.7583836947505629,0.7583836947505629,True
98Q1.csv,34322,1998,1,ASDROTH,,,True
98Q1.csv,24303,1998,1,RBC1AAJ,10.391540988323303,10.391540988323303,True
98Q1.csv,30429,1998,1,NFAA,0,0,True
98Q1.csv,4569,1998,1,NTRERESR,0.2204674333562987,0.2204674333562987,True
98Q1.csv,1113,1998,1,SPECGRPDESC,AGRICULTURAL SPECIALIZATION,AGRICULTURAL SPECIALIZATION,True
98Q1.csv,7025,1998,1,NTLNLSR,-0.03938687760527784,-0.03938687760527784,True
98Q1.csv,327,1998,1,EQCDIV,10,10.0,True
98Q1.csv,33844,1998,1,NETINC,144,144.0,True
98Q1.csv,31156,1998,1,NTLNLS,1,1.0,True
98Q1.csv,982,1998,1,RISDATE,19980331,19980331,True
98Q1.csv,21272,1998,1,NONII,385,385.0,True
98Q1.csv,26970,1998,1,LSASCDBT,,,True
98Q1.csv,21377,1998,1,STALP,OH,OH,True
98Q1.csv,8215,1998,1,INTAN,0,0.0,True
98Q1.csv,32316,1998,1,NCLNLSR,0.04639414402804268,0.04639414402804268,True
98Q1.csv,19541,1998,1,UC,35987,35987.0,True
98Q1.csv,28942,1998,1,NIM,712,712.0,True
98Q1.csv,8540,1998,1,IDNCGTPR,0,0.0,True
98Q1.csv,33649,1998,1,NTALLOTHR,0,0.0,True
98Q1.csv,16230,1998,1,NOIJY,0.6799907013894271,0.6799907013894271,True
98Q1.csv,13703,1998,1,ESTYMD,19340117,19340117,True
98Q1.csv,17735,1998,1,NETINC,4805,4805.0,True
98Q1.csv,19123,1998,1,EEFFR,55.11732401397903,55.11732401397903,True
98Q1.csv,30237,1998,1,P3ASSET,,,True
98Q1.csv,11680,1998,1,INSDATE,19340101,19340101,True
98Q1.csv,3634,1998,1,OFFOA,0,0.0,True
98Q1.csv,13897,1998,1,EQ,7520,7520.0,True
98Q1.csv,25796,1998,1,ROAPTX,0.3435818406891848,0.3435818406891848,True
98Q1.csv,15847,1998,1,COREDEP,14492,14492.0,True
98Q1.csv,21224,1998,1,INSAGNT1,BIF,BIF,True
98Q1.csv,17094,1998,1,NCRENRER,0,0.0,True
98Q1.csv,23713,1998,1,NAME,NEW YORK NATIONAL BANK,NEW YORK NATIONAL BANK,True
98Q1.csv,27249,1998,1,NCCOMRER,0,0.0,True
98Q1.csv,33791,1998,1,STALP,NJ,NJ,True
98Q1.csv,27048,1998,1,ELNANTR,80.35714285714286,80.35714285714286,True
98Q1.csv,26638,1998,1,ASDRRES,,,True
98Q1.csv,29992,1998,1,ASDRRES,,,True
98Q1.csv,17295,1998,1,ASSET,74080,74080,True
98Q1.csv,4947,1998,1,ITAX,527,527.0,True
98Q1.csv,1678,1998,1,SZLNOTH,,,True
98Q2.csv,4741,1998,2,RBCRWAJ,15.17874526366237,15.17874526366237,True
98Q2.csv,13662,1998,2,EQV,8.573279311089378,8.573279311089378,True
98Q2.csv,34407,1998,2,COREDEP,13048,13048.0,True
98Q2.csv,31123,1998,2,PTAXNETINC,342,342,True
98Q2.csv,18564,1998,2,IDLNCORR,79.21855921855922,79.21855921855922,True
98Q2.csv,25332,1998,2,EQ,15679,15679.0,True
98Q2.csv,5691,1998,2,ELNATRY,0.18,0.18,True
98Q2.csv,3074,1998,2,ELNANTR,84.88372093023256,84.88372093023256,True
98Q2.csv,34064,1998,2,NCREMULR,0,0.0,True
98Q2.csv,27269,1998,2,TRADE,0,0.0,True
98Q2.csv,7403,1998,2,EQ,6860,6860.0,True
98Q2.csv,10075,1998,2,CHBAL,633,633.0,True
98Q2.csv,16318,1998,2,NIMY,5.250168274624187,5.250168274624187,True
98Q2.csv,6384,1998,2,INSDATE,19340101,19340101,True
98Q2.csv,14735,1998,2,RSSDID,837149,837149,True
98Q2.csv,18853,1998,2,DEPCSBQ,81275.31169999999,81275.31169999999,True
98Q2.csv,30544,1998,2,NONII,8,8.0,True
98Q2.csv,15011,1998,2,ELNATR,27,27.0,True
98Q2.csv,8745,1998,2,IDT1RWAJR,11.791450473505481,11.791450473505481,True
98Q2.csv,13052,1998,2,IBEFXTR,451,451.0,True
98Q2.csv,34430,1998,2,NETINC,147,147.0,True
98Q2.csv,264,1998,2,NTRERESR,0,0.0,True
98Q2.csv,8267,1998,2,OFFOA,0,0.0,True
98Q2.csv,28939,1998,2,FDICSUPVDESC,CHICAGO,CHICAGO,True
98Q2.csv,30792,1998,2,P9ASSET,0,0.0,True
98Q2.csv,4722,1998,2,OFFOA,0,0.0,True
98Q2.csv,18775,1998,2,NUMEMP,324,324.0,True
98Q2.csv,1952,1998,2,FEDDESC,KANSAS CITY,KANSAS CITY,True
98Q2.csv,2777,1998,2,SZLNCRCD,,,True
98Q2.csv,15836,1998,2,INTINCY,7.924755656714419,7.924755656714419,True
98Q2.csv,24247,1998,2,NCRER,0,0.0,True
98Q2.csv,2751,1998,2,REPDTE,19980630,19980630,True
98Q2.csv,25247,1998,2,STMULT,0,0,True
98Q2.csv,23786,1998,2,ERNASTR,90.35,90.35,True
98Q2.csv,29582,1998,2,P9ASSET,651,651.0,True
98Q2.csv,13748,1998,2,NOIJY,0.9776281797034957,0.9776281797034957,True
98Q2.csv,10620,1998,2,NETINBM,,,True
98Q2.csv,9764,1998,2,IDNCCIR,0,0.0,True
98Q2.csv,1604,1998,2,DEPDASTR,87.73,87.73,True
98Q2.csv,4693,1998,2,AOA,486,486,True
98Q2.csv,29028,1998,2,ROEINJR,7.75201855183927,7.75201855183927,True
98Q2.csv,31953,1998,2,LNLSNTV,76.77,76.77,True
98Q2.csv,11862,1998,2,ZIP,73932,73932,True
98Q2.csv,29054,1998,2,LNNDEPC,,,True
98Q2.csv,11257,1998,2,DEPDASTR,88.21,88.21,True
98Q2.csv,4181,1998,2,ROAPTX,2.203633802642878,2.203633802642878,True
98Q2.csv,11964,1998,2,FEDDESC,CLEVELAND,CLEVELAND,True
98Q2.csv,33242,1998,2,SZLNCI,,,True
98Q2.csv,28346,1998,2,STNAME,OHIO,OHIO,True
98Q2.csv,30003,1998,2,ROAPTX,2.9221540803475308,2.9221540803475308,True
98Q3.csv,32721,1998,3,FDICSUPVDESC,NEW YORK,NEW YORK,True
98Q3.csv,19101,1998,3,IDNCOTHR,0,0.0,True
98Q3.csv,17258,1998,3,INTEXPY,3.6321927772706526,3.6321927772706526,True
98Q3.csv,3047,1998,3,EQV,6.089105512459669,6.089105512459669,True
98Q3.csv,2374,1998,3,NCRER,0,0.0,True
98Q3.csv,8758,1998,3,NONIX,681,681.0,True
98Q3.csv,19081,1998,3,NIM,20749,20749.0,True
98Q3.csv,12285,1998,3,DEPINS,43748,43748.0,True
98Q3.csv,5093,1998,3,IDNCOTHR,0,0.0,True
98Q3.csv,1650,1998,3,LSAOA,,,True
98Q3.csv,28434,1998,3,UC,812,812.0,True
98Q3.csv,16891,1998,3,DEPUNINS,13127,13127,True
98Q3.csv,27375,1998,3,RSSDHCR,1095571,1095571.0,True
98Q3.csv,8576,1998,3,CHBAL,1582,1582.0,True
98Q3.csv,33222,1998,3,IDNCCIR,1.7189937864396574,1.7189937864396574,True
98Q3.csv,14349,1998,3,PARCERT,0,0,True
98Q3.csv,2469,1998,3,RBCRWAJ,13.272669590746341,13.272669590746341,True
98Q3.csv,5995,1998,3,DEPCSBQ,29406.8615,29406.8615,True
98Q3.csv,2200,1998,3,FREPO,575,575.0,True
98Q3.csv,15657,1998,3,IDERNCVR,4.830985915492958,4.830985915492958,True
98Q3.csv,2740,1998,3,OBSDIR,0,0.0,True
98Q3.csv,10378,1998,3,ASDRRES,,,True
98Q3.csv,27666,1998,3,NTRERESR,0,0.0,True
98Q3.csv,17608,1998,3,AOA,514,514,True
98Q3.csv,11142,1998,3,STALP,TX,TX,True
98Q3.csv,5504,1998,3,INSDATE,19340101,19340101,True
98Q3.csv,862,1998,3,EEFFR,49.23282188125417,49.23282188125417,True
98Q3.csv,34189,1998,3,SZLNHEL,,,True
98Q3.csv,14863,1998,3,INTAN,0,0.0,True
98Q3.csv,15032,1998,3,LNLSNET,283072,283072.0,True
98Q3.csv,14969,1998,3,EQ,15221,15221.0,True
98Q3.csv,2819,1998,3,NCRECONR,0,0.0,True
98Q3.csv,26478,1998,3,LNNDEPC,,,True
98Q3.csv,14344,1998,3,IBEFXTR,109,109.0,True
98Q3.csv,17922,1998,3,ASDROTH,,,True
98Q3.csv,4471,1998,3,STALP,IA,IA,True
98Q3.csv,10608,1998,3,AOAR,0.9128021650383009,0.9128021650383009,True
98Q3.csv,19755,1998,3,IDNCOTHR,0,0.0,True
98Q3.csv,3726,1998,3,STNAME,ILLINOIS,ILLINOIS,True
98Q3.csv,5867,1998,3,NTLNLSR,0.00299071919248563,0.00299071919248563,True
98Q3.csv,10911,1998,3,EQCDIVNTINC,8.716875871687588,8.716875871687588,True
98Q3.csv,32347,1998,3,SZLNCON,,,True
98Q3.csv,11702,1998,3,SZLAUTO,,,True
98Q3.csv,1018,1998,3,EEFFR,58.78970820756073,58.78970820756073,True
98Q3.csv,10199,1998,3,RISDATE,19980930,19980930,True
98Q3.csv,18001,1998,3,SPECGRPDESC,ALL OTHER UNDER 1 BILLION,ALL OTHER UNDER 1 BILLION,True
98Q3.csv,33797,1998,3,P9LTOT,,,True
98Q3.csv,11462,1998,3,NTRENRSR,0,0.0,True
98Q3.csv,26415,1998,3,NAME,NATIONAL BANK OF TUKWILA,NATIONAL BANK OF TUKWILA,True
98Q3.csv,9533,1998,3,STNAME,WISCONSIN,WISCONSIN,True
98Q4.csv,30976,1998,4,EFFDATE,18920101,18920101,True
98Q4.csv,3103,1998,4,OFFDOM,1,1.0,True
98Q4.csv,34029,1998,4,ELNATR,265939,265939.0,True
98Q4.csv,18143,1998,4,NTALLOTHR,0,0.0,True
98Q4.csv,27677,1998,4,ELNATRY,0.09,0.09,True
98Q4.csv,32218,1998,4,INSDATE,19890809,19890809,True
98Q4.csv,12355,1998,4,ASSET,14848,14848,True
98Q4.csv,34258,1998,4,NUMEMP,10,10.0,True
98Q4.csv,10489,1998,4,NTREMULR,0,0.0,True
98Q4.csv,3661,1998,4,DEPUNINS,18667,18667,True
98Q4.csv,3376,1998,4,EFFDATE,19900614,19900614,True
98Q4.csv,17841,1998,4,NCRECONR,0,0.0,True
98Q4.csv,10578,1998,4,COREDEP,11724,11724.0,True
98Q4.csv,26871,1998,4,FLDOFF,RICHMOND,RICHMOND,True
98Q4.csv,30154,1998,4,STALP,PA,PA,True
98Q4.csv,1369,1998,4,IDLNCORR,56.85258138088327,56.85258138088327,True
98Q4.csv,11578,1998,4,LNNDEPC,,,True
98Q4.csv,31751,1998,4,ENDEFYMD,19991001,19991001.0,True
98Q4.csv,17843,1998,4,NONIIAY,0.7,0.7,True
98Q4.csv,34113,1998,4,NETINBM,,,True
98Q4.csv,925,1998,4,IDT1RWAJR,15.574062557404043,15.574062557404043,True
98Q4.csv,10146,1998,4,ACTIVE,1,1,True
98Q4.csv,8382,1998,4,DEPBEFEX,,,True
98Q4.csv,34393,1998,4,OCCDISTDESC,null,,True
98Q4.csv,3667,1998,4,NAME,NORWEST BANK ILLINOIS NA,NORWEST BANK ILLINOIS NA,True
98Q4.csv,17869,1998,4,NCRER,0,0.0,True
98Q4.csv,19736,1998,4,FDICDBSDESC,NEW YORK,NEW YORK,True
98Q4.csv,11013,1998,4,ESTYMD,19100101,19100101,True
98Q4.csv,17073,1998,4,FLDOFF,ALBANY GA,ALBANY GA,True
98Q4.csv,4977,1998,4,AOAR,7.01404844971951,7.01404844971951,True
98Q4.csv,10378,1998,4,LNATRESR,1.3295231637323517,1.3295231637323517,True
98Q4.csv,26890,1998,4,EINTEXP,1346,1346.0,True
98Q4.csv,90171,1998,4,IGLSEC,1375,1375.0,True
98Q4.csv,15127,1998,4,NAMEFULL,LA FARGE STATE BANK,LA FARGE STATE BANK,True
98Q4.csv,6295,1998,4,NAME,WOODSTOCK NATIONAL BANK,WOODSTOCK NATIONAL BANK,True
98Q4.csv,9323,1998,4,OCCDISTDESC,null,,True
98Q4.csv,30239,1998,4,OFFDOM,2,2.0,True
98Q4.csv,26688,1998,4,LSAOA,,,True
98Q4.csv,15794,1998,4,UC,2304,2304.0,True
98Q4.csv,21377,1998,4,ELNATRY,0,0.0,True
98Q4.csv,29676,1998,4,LIAB,79424,79424.0,True
98Q4.csv,29208,1998,4,NIM,2207,2207.0,True
98Q4.csv,29692,1998,4,INSDATE,19890809,19890809,True
98Q4.csv,12261,1998,4,STMULT,0,0,True
98Q4.csv,10887,1998,4,STCNTY,Clinton,Clinton,True
98Q4.csv,10443,1998,4,IBEFXTR,78,78.0,True
98Q4.csv,26850,1998,4,NCRENRER,1.0661618174571543,1.0661618174571543,True
98Q4.csv,4236,1998,4,SZLNHEL,,,True
98Q4.csv,27123,1998,4,P3LTOT,,,True
98Q4.csv,30089,1998,4,IDNTCIR,0,0.0,True
99Q1.csv,1210,1999,1,INTINC,727,727.0,True
99Q1.csv,8067,1999,1,RISDATE,19990331,19990331,True
99Q1.csv,29646,1999,1,LSAOA,,,True
99Q1.csv,10306,1999,1,EQCSTKRX,,,True
99Q1.csv,12457,1999,1,TFRA,0,0,True
99Q1.csv,2382,1999,1,P3LTOT,,,True
99Q1.csv,8291,1999,1,EQV,11.741915685296712,11.741915685296712,True
99Q1.csv,15890,1999,1,P9ASSET,87,87.0,True
99Q1.csv,88,1999,1,NETINC,166,166.0,True
99Q1.csv,90245,1999,1,LNLSNET,69589,69589.0,True
99Q1.csv,18983,1999,1,HCTMULT,,,True
99Q1.csv,4551,1999,1,MSA_NAME,,,True
99Q1.csv,3753,1999,1,NCRECONR,0,0.0,True
99Q1.csv,30614,1999,1,NIMY,2.4063109980804587,2.4063109980804587,True
99Q1.csv,27066,1999,1,EINTEXP,1026,1026.0,True
99Q1.csv,20707,1999,1,DEP,32363,32363.0,True
99Q1.csv,15445,1999,1,DEPNIDOM,35111,35111.0,True
99Q1.csv,13990,1999,1,DEPALLEX,,,True
99Q1.csv,10099,1999,1,AOAR,1.396967785642535,1.396967785642535,True
99Q1.csv,29333,1999,1,ID,29333_19990331,29333_19990331,True
99Q1.csv,31156,1999,1,FDICSUPVDESC,CHICAGO,CHICAGO,True
99Q1.csv,35006,1999,1,NTRECOSR,0,0.0,True
99Q1.csv,5193,1999,1,EQ,5737,5737.0,True
99Q1.csv,34307,1999,1,CBSA,"GREELEY, CO","GREELEY, CO",True
99Q1.csv,6917,1999,1,SPECGRPDESC,COMMERCIAL LENDING SPECIALIZATION,COMMERCIAL LENDING SPECIALIZATION,True
99Q1.csv,24382,1999,1,ROEINJR,-2.237183904999205,-2.237183904999205,True
99Q1.csv,34403,1999,1,SZLNCRCD,,,True
99Q1.csv,10441,1999,1,DEPBEFEX,,,True
99Q1.csv,8561,1999,1,P9ASSET,4,4.0,True
99Q1.csv,90199,1999,1,LSAORE,,,True
99Q1.csv,19408,1999,1,IDERNCVR,39.666666666666664,39.666666666666664,True
99Q1.csv,26295,1999,1,TRADE,0,0.0,True
99Q1.csv,33857,1999,1,INSAGNT1,BIF,BIF,True
99Q1.csv,34366,1999,1,ENDEFYMD,20030825,20030825.0,True
99Q1.csv,2608,1999,1,RISDATE,19990331,19990331,True
99Q1.csv,5111,1999,1,DEPBEFEX,,,True
99Q1.csv,15806,1999,1,IDNCCONR,3.1968592260235558,3.1968592260235558,True
99Q1.csv,25888,1999,1,EINTEXP,275,275.0,True
99Q1.csv,17534,1999,1,DEPCSBQ,38033539.0569,38033539.0569,True
99Q1.csv,34686,1999,1,NONIX,171,171.0,True
99Q1.csv,27677,1999,1,EFFDATE,19981015,19981015,True
99Q1.csv,1575,1999,1,ROAPTX,3.4394086682195852,3.4394086682195852,True
99Q1.csv,1060,1999,1,ASDRRES,,,True
99Q1.csv,16420,1999,1,NCRERESR,0,0.0,True
99Q1.csv,32296,1999,1,INSAGNT1,SAIF,SAIF,True
99Q1.csv,628,1999,1,LNATRESR,2.003959374691859,2.003959374691859,True
99Q1.csv,26212,1999,1,STNAME,OKLAHOMA,OKLAHOMA,True
99Q1.csv,8584,1999,1,SZLNCI,,,True
99Q1.csv,15150,1999,1,NAMEFULL,F & M BANK-KIEL,F & M BANK-KIEL,True
99Q1.csv,9727,1999,1,LNNDEPC,,,True
99Q2.csv,32525,1999,2,ELNATR,0,0.0,True
99Q2.csv,17950,1999,2,IDNCGTPR,0,0.0,True
99Q2.csv,29416,1999,2,INSDATE,19890809,19890809,True
99Q2.csv,28886,1999,2,ERNASTR,92.42,92.42,True
99Q2.csv,9634,1999,2,LSALNLS,,,True
99Q2.csv,1184,1999,2,LNRESNCR,151.0556621880998,151.0556621880998,True
99Q2.csv,18059,1999,2,EQCSTKRX,0,0.0,True
99Q2.csv,16402,1999,2,EQ,17493,17493.0,True
99Q2.csv,3143,1999,2,ERNASTR,94.01,94.01,True
99Q2.csv,16567,1999,2,NOIJ,173.24,173.24,True
99Q2.csv,32698,1999,2,EXTRA,0,0.0,True
99Q2.csv,4766,1999,2,NTCOMRER,0,0.0,True
99Q2.csv,19001,1999,2,OFFFOR,0,0.0,True
99Q2.csv,29973,1999,2,IDNCCIR,0,0.0,True
99Q2.csv,10928,1999,2,NIM,678,678.0,True
99Q2.csv,14326,1999,2,INTEXPY,2.910794574375638,2.910794574375638,True
99Q2.csv,17258,1999,2,DEPIDOM,31243,31243.0,True
99Q2.csv,1098,1999,2,OCCDISTDESC,null,,True
99Q2.csv,7548,1999,2,PTAXNETINC,1493,1493,True
99Q2.csv,9613,1999,2,PARCERT,0,0,True
99Q2.csv,7761,1999,2,IDNTCONR,0.5573618207152811,0.5573618207152811,True
99Q2.csv,34524,1999,2,RSSDHCR,,,True
99Q2.csv,8584,1999,2,NTCOMRER,0,0.0,True
99Q2.csv,8534,1999,2,NCCOMRER,0,0.0,True
99Q2.csv,15836,1999,2,TRUST,1,1,True
99Q2.csv,16968,1999,2,DEPCSBQ,74817.0546,74817.0546,True
99Q2.csv,18165,1999,2,LNATRESR,1.4516283067519817,1.4516283067519817,True
99Q2.csv,4009,1999,2,LNATRESR,1.4351047043406169,1.4351047043406169,True
99Q2.csv,15772,1999,2,LNRESNCR,629.1666666666667,629.1666666666667,True
99Q2.csv,3149,1999,2,ASDRRES,,,True
99Q2.csv,8583,1999,2,STMULT,0,0,True
99Q2.csv,29775,1999,2,NCRER,0.811044256079172,0.811044256079172,True
99Q2.csv,23139,1999,2,IDNCOTHR,0,0.0,True
99Q2.csv,24677,1999,2,FDICSUPVDESC, DALLAS, DALLAS,True
99Q2.csv,7645,1999,2,NTRER,0.10391284209678395,0.10391284209678395,True
99Q2.csv,22572,1999,2,NTRERESR,0,0.0,True
99Q2.csv,16089,1999,2,NAME,FIRST SUBURBAN NATIONAL BANK,FIRST SUBURBAN NATIONAL BANK,True
99Q2.csv,35014,1999,2,LSAOA,,,True
99Q2.csv,19333,1999,2,NTRER,-0.01563981897912084,-0.01563981897912084,True
99Q2.csv,26682,1999,2,ASSET,37485,37485,True
99Q2.csv,15548,1999,2,EQCSTKRX,,,True
99Q2.csv,5838,1999,2,NETINC,147,147.0,True
99Q2.csv,3924,1999,2,IDT1RWAJR,9.484716495237253,9.484716495237253,True
99Q2.csv,18927,1999,2,NAASSET,426,426,True
99Q2.csv,5713,1999,2,P9LTOT,,,True
99Q2.csv,26191,1999,2,NIMY,3.8915078349928365,3.8915078349928365,True
99Q2.csv,17212,1999,2,INTAN,0,0.0,True
99Q2.csv,15099,1999,2,NCRECONR,0,0.0,True
99Q2.csv,5962,1999,2,ORE,605,605.0,True
99Q2.csv,34876,1999,2,NETINC,-724,-724.0,True
99Q3.csv,29743,1999,3,CALLFORM,100,100,True
99Q3.csv,17278,1999,3,ASTEMPM,1.594,1.594,True
99Q3.csv,16253,1999,3,SUBCHAPS,0,0,True
99Q3.csv,10634,1999,3,NIMY,5.098171627262798,5.098171627262798,True
99Q3.csv,16282,1999,3,SZLNHEL,,,True
99Q3.csv,29133,1999,3,EXTRA,0,0.0,True
99Q3.csv,10613,1999,3,P9LTOT,,,True
99Q3.csv,30544,1999,3,LSAORE,,,True
99Q3.csv,5117,1999,3,CITY,COLERAINE,COLERAINE,True
99Q3.csv,28938,1999,3,RBCRWAJ,20.85623761265098,20.85623761265098,True
99Q3.csv,22398,1999,3,IDNCGTPR,1.2707377338510413,1.2707377338510413,True
99Q3.csv,1039,1999,3,LSAORE,,,True
99Q3.csv,2698,1999,3,INTINCY,7.892572709809641,7.892572709809641,True
99Q3.csv,3400,1999,3,INSDATE,19340101,19340101,True
99Q3.csv,21342,1999,3,INSAGNT1,BIF,BIF,True
99Q3.csv,16410,1999,3,NCRER,0.4030400736987563,0.4030400736987563,True
99Q3.csv,15879,1999,3,ASDRRES,,,True
99Q3.csv,12325,1999,3,LNNDEPD,,,True
99Q3.csv,18302,1999,3,LNNDEPC,,,True
99Q3.csv,21225,1999,3,DEPDOM,156897,156897.0,True
99Q3.csv,17633,1999,3,STNAME,MISSOURI,MISSOURI,True
99Q3.csv,19180,1999,3,P3LTOT,,,True
99Q3.csv,20989,1999,3,NTALLOTHR,0,0.0,True
99Q3.csv,19104,1999,3,HCTMULT,1,1.0,True
99Q3.csv,34347,1999,3,P3LTOT,,,True
99Q3.csv,10012,1999,3,AOA,363,363,True
99Q3.csv,5583,1999,3,ROAPTX,0.6709204972439706,0.6709204972439706,True
99Q3.csv,5893,1999,3,P3ASSET,,,True
99Q3.csv,17314,1999,3,CB,1,1.0,True
99Q3.csv,14583,1999,3,DEP,100316,100316.0,True
99Q3.csv,22752,1999,3,NONII,1736,1736.0,True
99Q3.csv,3948,1999,3,IDNCCIR,0.38809831824062097,0.38809831824062097,True
99Q3.csv,14413,1999,3,COREDEP,73262,73262.0,True
99Q3.csv,28353,1999,3,LSAOA,,,True
99Q3.csv,9576,1999,3,ASDROTH,,,True
99Q3.csv,3854,1999,3,NCCOMRER,0,0.0,True
99Q3.csv,51,1999,3,REGAGNT,FDIC,FDIC,True
99Q3.csv,14632,1999,3,NAMEFULL,HERITAGE BANK & TRUST COMPANY,HERITAGE BANK & TRUST COMPANY,True
99Q3.csv,5544,1999,3,STMULT,0,0,True
99Q3.csv,12484,1999,3,NTRECOSR,0,0.0,True
99Q3.csv,7464,1999,3,IDNCOTHR,0,0.0,True
99Q3.csv,7072,1999,3,IDNCOTHR,0,0.0,True
99Q3.csv,4927,1999,3,SZLNCON,,,True
99Q3.csv,11296,1999,3,OFFFOR,0,0.0,True
99Q3.csv,27858,1999,3,NAASSET,315,315,True
99Q3.csv,26536,1999,3,CBLRIND,,,True
99Q3.csv,12893,1999,3,NTALLOTHR,0,0.0,True
99Q3.csv,15684,1999,3,ELNATR,113,113.0,True
99Q3.csv,27398,1999,3,HCTMULT,,,True
99Q3.csv,12087,1999,3,ASDRRES,,,True
99Q4.csv,12736,1999,4,AOA,2239,2239,True
99Q4.csv,12915,1999,4,SC,62721,62721.0,True
99Q4.csv,571,1999,4,ASSET,184768,184768,True
99Q4.csv,28723,1999,4,NAMEFULL,FIRST SAVINGS BANK,FIRST SAVINGS BANK,True
99Q4.csv,34216,1999,4,EINTEXP,1533,1533.0,True
99Q4.csv,3808,1999,4,AOA,1824,1824,True
99Q4.csv,4748,1999,4,NPERFV,0.49973558963511366,0.49973558963511366,True
99Q4.csv,22858,1999,4,NTLNLS,3603,3603.0,True
99Q4.csv,9169,1999,4,TRUST,1,1,True
99Q4.csv,5969,1999,4,FREPO,0,0.0,True
99Q4.csv,743,1999,4,EFFDATE,19990515,19990515,True
99Q4.csv,16511,1999,4,RBCRWAJ,17.814461261179233,17.814461261179233,True
99Q4.csv,15703,1999,4,REPDTE,19991231,19991231,True
99Q4.csv,35044,1999,4,UC,1954,1954.0,True
99Q4.csv,34936,1999,4,LSAORE,,,True
99Q4.csv,9155,1999,4,NIMY,5.3359338944326575,5.3359338944326575,True
99Q4.csv,24500,1999,4,NTRERESR,0.20464545175483476,0.20464545175483476,True
99Q4.csv,19450,1999,4,ASDROTH,,,True
99Q4.csv,27056,1999,4,NONIX,3217,3217.0,True
99Q4.csv,90017,1999,4,EEFFR,23.51233671988389,23.51233671988389,True
99Q4.csv,2205,1999,4,DEPCSBQ,36380.3056,36380.3056,True
99Q4.csv,26744,1999,4,SZLNCON,,,True
99Q4.csv,27301,1999,4,STNAME,FLORIDA,FLORIDA,True
99Q4.csv,49,1999,4,LSALNLS,,,True
99Q4.csv,1599,1999,4,NTREMULR,0,0.0,True
99Q4.csv,12283,1999,4,AOAR,1.7461603433713133,1.7461603433713133,True
99Q4.csv,17148,1999,4,EINTEXP,554,554.0,True
99Q4.csv,33842,1999,4,NTRER,0,0.0,True
99Q4.csv,15539,1999,4,MSA_NAME,,,True
99Q4.csv,1221,1999,4,ROEINJR,10.263989987154574,10.263989987154574,True
99Q4.csv,11577,1999,4,BKPREM,6329,6329.0,True
99Q4.csv,5401,1999,4,ASTEMPM,3.4612857142857143,3.4612857142857143,True
99Q4.csv,14783,1999,4,RBCRWAJ,12.313408418343235,12.313408418343235,True
99Q4.csv,32328,1999,4,SZLNCRCD,,,True
99Q4.csv,27171,1999,4,SUBCHAPS,0,0,True
99Q4.csv,34363,1999,4,SZLNCI,,,True
99Q4.csv,8871,1999,4,INSAGNT1,BIF,BIF,True
99Q4.csv,9978,1999,4,NTLNLS,-86,-86.0,True
99Q4.csv,35123,1999,4,P9LTOT,,,True
99Q4.csv,241,1999,4,INTINC,6920,6920.0,True
99Q4.csv,34611,1999,4,NCREMULR,0,0.0,True
99Q4.csv,628,1999,4,EEFFR,59.25176946410515,59.25176946410515,True
99Q4.csv,35002,1999,4,PTAXNETINC,-237,-237,True
99Q4.csv,27252,1999,4,CHBAL,1645,1645.0,True
99Q4.csv,29858,1999,4,NTALLOTHR,0,0.0,True
99Q4.csv,13737,1999,4,EQTOT,14864,14864.0,True
99Q4.csv,11341,1999,4,SC,61308,61308.0,True
99Q4.csv,3377,1999,4,NAASSET,806,806,True
99Q4.csv,34783,1999,4,STALP,CA,CA,True
99Q4.csv,8898,1999,4,DEPUNINS,24131,24131,True
